Date,port_ret,equity,drawdown,turnover,cost
2001-03-01,-0.006027779842784298,0.9939722201572156,0.0,0.9999999999999984,0.0014999999999999976
2001-03-02,0.0076095426923622,1.001535894201524,0.0,0.0,0.0
2001-03-05,0.0021723420290749,1.0037115727181252,0.0,0.0,0.0
2001-03-06,0.0038462348377123,1.0075720831361288,0.0,0.0,0.0
2001-03-07,0.0091567676903543,1.0167981866326927,0.0,0.0,0.0
2001-03-08,0.0074351800493051,1.0243582642241138,0.0,0.0,0.0
2001-03-09,-0.0167608120804887,1.0071891878543577,-0.01676081208048885,0.0,0.0
2001-03-12,-0.028844308326165,0.9781375123771069,-0.045121666375207314,0.0,0.0
2001-03-13,-0.005428900162999,0.9728273014767274,-0.05030560551626717,0.0,0.0
2001-03-14,-0.0203752489919513,0.9530057029829709,-0.06965586527013368,0.0,0.0
2001-03-15,9.674125986800706e-05,0.953097897955339,-0.06956586260642905,0.0,0.0
2001-03-16,-0.0086380117519475,0.9448650271120443,-0.0776029636196478,0.0,0.0
2001-03-19,0.0079328380074175,0.9523604883109983,-0.07028573735152055,0.0,0.0
2001-03-20,-0.011146902354924,0.9417446189411078,-0.08064917145524331,0.0,0.0
2001-03-21,-0.0160940464177696,0.926588137330185,-0.09544524636405749,0.0,0.0
2001-03-22,-0.0200634648575888,0.9079975687994021,-0.1135937488753972,0.0,0.0
2001-03-23,0.0214075277673019,0.9274355519661178,-0.09461798244133734,0.0,0.0
2001-03-26,0.0186211066692693,0.9447054283081514,-0.07775876731593934,0.0,0.0
2001-03-27,0.0040286625814978,0.9485113277177143,-0.0740433685707107,0.0,0.0
2001-03-28,-0.0060334349648445,0.9427885463085112,-0.07963006768670577,0.0,0.0
2001-03-29,0.0046153694610864,0.9471398637734055,-0.07538222040820486,0.0,0.0
2001-03-30,0.0173412724142155,0.9635644741654631,-0.059348171613276435,0.0,0.0
2001-04-02,-0.0044767124020178,0.9592508731338228,-0.06355919931939602,0.0,0.0
2001-04-03,-0.019476008517126057,0.940568494958608,-0.0817973283292357,0.8033082003286374,0.0012049623004929562
2001-04-04,0.0053148628261036,0.9455674874878676,-0.07691720708274385,0.0,0.0
2001-04-05,0.0116757339118038,0.9566076818674288,-0.06613953801407724,0.0,0.0
2001-04-06,-0.0181827406617718,0.9392139324729747,-0.08311968060864972,0.0,0.0
2001-04-09,0.012348034129873,0.9508113781664032,-0.07179801113179651,0.0,0.0
2001-04-10,0.0087343172699349,0.9591160664071725,-0.06369080047043707,0.0,0.0
2001-04-11,-0.0161273009624038,0.9436481129463472,-0.07879094072511772,0.0,0.0
2001-04-12,0.0041912830934905,0.9476032093283434,-0.07492989276940865,0.0,0.0
2001-04-16,0.0047199308605594,0.9520758309596175,-0.07056362582210984,0.0,0.0
2001-04-17,0.0186731684471496,0.9698541033255862,-0.053208103846178356,0.0,0.0
2001-04-18,0.0070683948814395,0.9767094151052758,-0.046515804853616394,0.0,0.0
2001-04-19,-0.0045290130350478,0.97228588543281,-0.05083414720214641,0.0,0.0
2001-04-20,-0.005262427968229,0.9671693009961941,-0.05582906413239774,0.0,0.0
2001-04-23,0.0022229780978444,0.9693192971692162,-0.05373019282134284,0.0,0.0
2001-04-24,0.0013612278089718,0.970638761552296,-0.0524421040450207,0.0,0.0
2001-04-25,0.0166179689471581,0.9867688063506801,-0.036695616354406324,0.0,0.0
2001-04-26,0.0115207335458044,0.9981371068399576,-0.025597643226920264,0.0,0.0
2001-04-27,0.0091060048480605,1.0072261481738713,-0.01672473064218305,0.0,0.0
2001-04-30,-0.0015417465317382,1.0056732607532481,-0.018240691878459447,0.0,0.0
2001-05-01,0.0018081651994933416,1.0074916841454034,-0.01646550886323528,0.5318849865543057,0.0007978274798314586
2001-05-02,-0.0136186678321876,0.9937709895553358,-0.029859938399526498,0.0,0.0
2001-05-03,-0.009851346931122,0.9839810067671418,-0.03941712471813286,0.0,0.0
2001-05-04,0.0116274273464629,0.9954221744336262,-0.028248017125536484,0.0,0.0
2001-05-07,-0.0008771839573621,0.9945490060714105,-0.029100422375448853,0.0,0.0
2001-05-08,-0.0001657554226048,0.994384154180608,-0.029261354245244786,0.0,0.0
2001-05-09,0.0036477626914653,0.9980114315992122,-0.025720330030096994,0.0,0.0
2001-05-10,0.0042745039252814,1.0022774353810588,-0.02155576775648882,0.0,0.0
2001-05-11,-0.0020822502945843,1.0001904428959814,-0.023593133547312184,0.0,0.0
2001-05-14,0.005855726896785,1.0060472849743547,-0.01787556159721959,0.0,0.0
2001-05-15,-0.0001184870645252,1.0059280813847846,-0.017991930638924347,0.0,0.0
2001-05-16,0.015534215642023,1.0215543851213824,-0.0027372055272626428,0.0,0.0
2001-05-17,0.0003981858164898,1.0219611535883109,-0.0023401096271904454,0.0,0.0
2001-05-18,5.380984396577852e-05,1.0220161451585246,-0.00228642570415849,0.0,0.0
2001-05-21,0.0031279052681651,1.0252129148431157,0.0,0.0,0.0
2001-05-22,-0.0022037352685098,1.0229536169849442,-0.00220373526850981,0.0,0.0
2001-05-23,-0.0017635896935847,1.0211495465290144,-0.00396343847728764,0.0,0.0
2001-05-24,0.0037396856855235,1.0249683248709476,-0.00023857480590316893,0.0,0.0
2001-05-25,-0.010645218382083,1.0140573132179787,-0.010881253507076805,0.0,0.0
2001-05-29,-0.0003938364780632,1.0136579404571866,-0.011270804550581937,0.0,0.0
2001-05-30,0.0040867370984728,1.0178004939676144,-0.007230128267195712,0.0,0.0
2001-05-31,0.0090671492645121,1.0270290429679128,0.0,0.0,0.0
2001-06-01,0.0017553203930281867,1.0288318079912666,0.0,0.49006012177314207,0.0007350901826597131
2001-06-04,0.0051431124220277,1.0341232056431238,0.0,0.0,0.0
2001-06-05,-0.0053935326859206,1.0285456283322185,-0.005393532685920688,0.0,0.0
2001-06-06,-0.0133613928669535,1.0148028261104842,-0.01868286044371681,0.0,0.0
2001-06-07,-0.0014538859475233,1.0133274185420953,-0.020109583642981432,0.0,0.0
2001-06-08,0.0019309857136029,1.0152841393105023,-0.018217429248099437,0.0,0.0
2001-06-11,-0.0017656698770718,1.0134914826890529,-0.01995093315911034,0.0,0.0
2001-06-12,0.0003357278043017,1.0138317399592145,-0.01962190343779202,0.0,0.0
2001-06-13,-0.0093755325204799,1.0043265275109323,-0.028813470164476995,0.0,0.0
2001-06-14,-0.0186865036864619,0.9855591761521878,-0.046961550834490606,0.0,0.0
2001-06-15,0.0057740900213107,0.9912498835566195,-0.04145862103523856,0.0,0.0
2001-06-18,0.0013663775780688,0.9926043051717746,-0.040148891587369895,0.0,0.0
2001-06-19,0.0004537151386847,0.9930546647717546,-0.03971339260859974,0.0,0.0
2001-06-20,0.0056069871746169,0.9986227095408234,-0.034329077916999684,0.0,0.0
2001-06-21,-0.0058102138248981,0.9928204980679921,-0.039939832458788516,0.0,0.0
2001-06-22,-0.0044210099535438,0.9884312287639512,-0.044184268015489137,0.0,0.0
2001-06-25,-0.0055351977804407,0.9829600664203787,-0.04947489713368014,0.0,0.0
2001-06-26,0.0050250653670757,0.9878995050073662,-0.04469844635873044,0.0,0.0
2001-06-27,-0.0012664419175532,0.9866483876638948,-0.04590828029016547,0.0,0.0
2001-06-28,0.0013948945425292,0.9880246581152425,-0.04457742295726985,0.0,0.0
2001-06-29,-0.0015530547384596,0.9864902017382418,-0.04606124651777732,0.0,0.0
2001-07-02,0.0031692386834152,0.9896166246464007,-0.04303798691863259,0.0,0.0
2001-07-03,-0.0016909412818238837,0.9879432410426068,-0.044656153491689166,0.6230610450634557,0.0009345915675951837
2001-07-05,-0.0016495628770351,0.9863135665475652,-0.04623205323569313,0.0,0.0
2001-07-06,-0.009932294610792,0.9765172096259938,-0.055705157473286415,0.0,0.0
2001-07-09,0.0045400878489132,0.9809506835436714,-0.05141797593293951,0.0,0.0
2001-07-10,-0.0006953559122815,0.9802685736862127,-0.05207757805165847,0.0,0.0
2001-07-11,-0.0003327984763431,0.9799423417984828,-0.05239304518937449,0.0,0.0
2001-07-12,0.0114599539191553,0.9911724358789226,-0.04153351315377363,0.0,0.0
2001-07-13,0.0018602874172566,0.9930163014897198,-0.03975049000843134,0.0,0.0
2001-07-16,-0.0025558596675497,0.9904782911755229,-0.04220475300180315,0.0,0.0
2001-07-17,0.0042444517530301,0.994682328494841,-0.03813943728663782,0.0,0.0
2001-07-18,0.0045664420099125,0.9992244876661974,-0.033747156805385425,0.0,0.0
2001-07-19,0.0015025223587095,1.000725844800286,-0.0322953403043188,0.0,0.0
2001-07-20,-0.0155447920498715,0.9851697696439337,-0.04733810800497973,0.0,0.0
2001-07-23,-0.0117674219100019,0.9735768613115541,-0.058548482425665904,0.0,0.0
2001-07-24,-0.0191814944108281,0.954902202187795,-0.07660692944808356,0.0,0.0
2001-07-25,0.015982829533037,0.9701642413060843,-0.06184849540946458,0.0,0.0
2001-07-26,0.0112298396644193,0.9810590301841046,-0.051313204431979176,0.0,0.0
2001-07-27,-0.0044684472512175,0.9766752196573962,-0.05555236133590147,0.0,0.0
2001-07-30,0.004490614592128,0.9810610916505595,-0.05131121098821567,0.0,0.0
2001-07-31,0.0110999632470692,0.9919508337110103,-0.040780800297278263,0.0,0.0
2001-08-01,0.0007091176074709344,0.9926542435129403,-0.0401006010733449,0.7409881162605103,0.0011114821743907655
2001-08-02,-0.0026781031061195,0.9899958131000856,-0.0426713106351726,0.0,0.0
2001-08-03,0.0002456257207929,0.9902389815352604,-0.042436166085811466,0.0,0.0
2001-08-06,-0.0150710914800391,0.9753149992574417,-0.05686769822470916,0.0,0.0
2001-08-07,0.0016184288214488,0.9768934771622312,-0.055341305725076784,0.0,0.0
2001-08-08,-0.0119854025934108,0.9651850155475649,-0.0666634204893275,0.0,0.0
2001-08-09,0.0030764866109263,0.9681543943249636,-0.06379202299897524,0.0,0.0
2001-08-10,0.0079791756935634,0.975879468335778,-0.0563218550647685,0.0,0.0
2001-08-13,-0.0019861589236992,0.973941216621288,-0.058196149833431576,0.0,0.0
2001-08-14,0.0044091120252655,0.9782354325513944,-0.054043631152220994,0.0,0.0
2001-08-15,-0.0049159036746517,0.9734265213938406,-0.05869386154189993,0.0,0.0
2001-08-16,0.0063510419644043,0.9796087940804771,-0.05271558675520105,0.0,0.0
2001-08-17,-0.0073059694994426,0.9724518021095393,-0.059636417785664975,0.0,0.0
2001-08-20,0.0063258572002579,0.9786033933438176,-0.053687812048254235,0.0,0.0
2001-08-21,-0.0042289448513821,0.9744649335619912,-0.05768971410329293,0.0,0.0
2001-08-22,0.0027710786930538,0.9771652525765128,-0.05507849814779919,0.0,0.0
2001-08-23,0.0048770671671628,0.9819309531467459,-0.0504700525155698,0.0,0.0
2001-08-24,0.0075272786114256,0.9893222210082642,-0.04332267605096218,0.0,0.0
2001-08-27,-0.0063309195720291,0.9830589015962397,-0.049379323245267615,0.0,0.0
2001-08-28,-0.0084728952168976,0.9747295465309762,-0.057433832630426784,0.0,0.0
2001-08-29,-0.0010461970561734,0.9737097873488303,-0.0584199425799774,0.0,0.0
2001-08-30,-0.0061385708084725,0.9677326008722869,-0.06419989843429574,0.0,0.0
2001-08-31,0.0019314095283868,0.9696016888385423,-0.06239248520146634,0.0,0.0
2001-09-04,0.004121498887766085,0.9735979011206664,-0.05852813687206315,0.6462112163911435,0.0009693168245867152
2001-09-05,-0.0018502708411141,0.9717964813132529,-0.06027011480813804,0.0,0.0
2001-09-06,-0.0152711202672122,0.9569560603718645,-0.07462084290359661,0.0,0.0
2001-09-07,-0.0251240668925504,0.9329134322978503,-0.09787013074745854,0.0,0.0
2001-09-10,-0.0064655271857496,0.9268816551393776,-0.10370287594218752,0.0,0.0
2001-09-17,-0.0503071972025871,0.8802528369308206,-0.14879307211427562,0.0,0.0
2001-09-18,0.0011967514951545,0.8813062808295316,-0.14777438895064243,0.0,0.0
2001-09-19,-0.0173947769242208,0.8659761546725872,-0.1625986633439538,0.0,0.0
2001-09-20,-0.0239678984803854,0.8452205261109601,-0.18266941356826494,0.0,0.0
2001-09-21,-0.0115379373106406,0.8354684246670252,-0.19209972263658337,0.0,0.0
2001-09-24,0.0338463973382967,0.8637460209319062,-0.164755208839221,0.0,0.0
2001-09-25,0.0110070601739187,0.8732533253592866,-0.15556161916296218,0.0,0.0
2001-09-26,-0.0024580633929501,0.871106813327449,-0.15763730223449968,0.0,0.0
2001-09-27,0.0107560796629055,0.8804765076064989,-0.14857678195227386,0.0,0.0
2001-09-28,0.0245089771037445,0.9020560861718115,-0.12770926979554564,0.0,0.0
2001-10-01,-0.0072794086480297,0.8954896512971247,-0.1340590304805921,0.0,0.0
2001-10-02,0.018169474688812307,0.9117602278504612,-0.11832533795290356,0.6381769750155957,0.0009572654625233936
2001-10-03,0.0225077781513872,0.9322819247861776,-0.09848080025784822,0.0,0.0
2001-10-04,-0.0045866059009004,0.9280059150086505,-0.10261571353916066,0.0,0.0
2001-10-05,0.0047546053095074,0.9324182168594048,-0.09834900544608549,0.0,0.0
2001-10-08,-0.0134678213371938,0.9198605749031975,-0.11049227994924071,0.0,0.0
2001-10-09,-0.0054581981935565,0.914839793574937,-0.11534738937997635,0.0,0.0
2001-10-10,0.0222637954327997,0.9352075995928743,-0.09565166462803976,0.0,0.0
2001-10-11,0.0096698016942354,0.9442508716238792,-0.08690679556248104,0.0,0.0
2001-10-12,-0.0097001200523628,0.9350915248095795,-0.09576390926452161,0.0,0.0
2001-10-15,0.0034622750181114,0.9383290688355754,-0.09263319523709335,0.0,0.0
2001-10-16,0.0099170753751677,0.9476345489379286,-0.0836347702413347,0.0,0.0
2001-10-17,-0.0169831925609495,0.9315406889159072,-0.09919757739448487,0.0,0.0
2001-10-18,-0.0018340590770376,0.9298321882597712,-0.10084970225428191,0.0,0.0
2001-10-19,0.0051912675704225,0.9346591959446191,-0.0961819724726588,0.0,0.0
2001-10-22,0.0136140886924344,0.9473837291354085,-0.08387731368408058,0.0,0.0
2001-10-23,-0.007791483996776,0.940002203971044,-0.09101526893359457,0.0,0.0
2001-10-24,-0.004592068885541,0.9356856490978486,-0.09518938943455646,0.0,0.0
2001-10-25,0.0053589288545746,0.9406999219216103,-0.09034057374567206,0.0,0.0
2001-10-26,0.0058780061922854,0.946229361887748,-0.08499359000527829,0.0,0.0
2001-10-29,-0.0139870812656509,0.9329943749070791,-0.09779185902046594,0.0,0.0
2001-10-30,-0.016107001096192,0.9179666334877098,-0.1123237265362167,0.0,0.0
2001-10-31,0.00710012666477,0.9244843128595049,-0.10602111255731284,0.0,0.0
2001-11-01,0.012913082334894252,0.9364222549087778,-0.0944770895781083,0.6204989318532983,0.0009307483977799474
2001-11-02,0.0088900387578877,0.9447470850486654,-0.0864269558083024,0.0,0.0
2001-11-05,0.0123138726303202,0.956380580321821,-0.075177333703632,0.0,0.0
2001-11-06,0.0096035234289374,0.9655652036319223,-0.06629577756024252,0.0,0.0
2001-11-07,-0.0026944794917781,0.9629635079927615,-0.06881162443899302,0.0,0.0
2001-11-08,-0.0086979373641667,0.9545877117162622,-0.07691104260386283,0.0,0.0
2001-11-09,0.0023014054566342,0.956784605084842,-0.07478664064035268,0.0,0.0
2001-11-12,0.0004244452777976,0.9571907077923396,-0.0743939381990173,0.0,0.0
2001-11-13,0.0116898662949739,0.9683801391852234,-0.06357372709474651,0.0,0.0
2001-11-14,0.0029978082377597,0.9712831571437558,-0.060766500699776516,0.0,0.0
2001-11-15,0.0046592385384541,0.9758085970612713,-0.0563903877832298,0.0,0.0
2001-11-16,-0.0018955628959027,0.9739588904911791,-0.05817905915236499,0.0,0.0
2001-11-19,0.0085243357968407,0.9822612431260443,-0.050150661192083335,0.0,0.0
2001-11-20,0.0010011389328746,0.9832446230987916,-0.049199730038637646,0.0,0.0
2001-11-21,-0.0048268663548307,0.9784986327089878,-0.05378911587187796,0.0,0.0
2001-11-23,0.0088401784873481,0.9871487352717615,-0.04542444276951385,0.0,0.0
2001-11-26,0.0031177713967384,0.9902264393629182,-0.04244829440115505,0.0,0.0
2001-11-27,-0.0053405612348051,0.9849380744271775,-0.04756215792039775,0.0,0.0
2001-11-28,-0.0031456671751717,0.9818397870568751,-0.050558210376618895,0.0,0.0
2001-11-29,0.0063582326381033,0.9880825528363285,-0.04452143860185642,0.0,0.0
2001-11-30,0.0052502272852181,0.9932702108152779,-0.039504958988362815,0.0,0.0
2001-12-03,-0.0017260519443281807,0.9915557748366569,-0.04116282332141852,0.6179678108219204,0.0009269517162328807
2001-12-04,0.0095877610122919,1.0010625746361486,-0.031969721621723735,0.0,0.0
2001-12-05,0.019684313439335,1.0207678041276742,-0.012914710203358992,0.0,0.0
2001-12-06,-0.0016619175487411,1.0190713722008045,-0.014555164568576306,0.0,0.0
2001-12-07,-0.0018907138554833,1.017144599837658,-0.016418358772740893,0.0,0.0
2001-12-10,-0.0093436229052219,1.0076407842566921,-0.02560857472486766,0.0,0.0
2001-12-11,-0.002541740939525,1.0050796224230119,-0.028085225301611505,0.0,0.0
2001-12-12,-0.001764531256711,1.0033061280137632,-0.0298001993004261,0.0,0.0
2001-12-13,-0.0062245401807569,0.9970610087063418,-0.03583924694324292,0.0,0.0
2001-12-14,0.0067740626206743,1.0038151624159513,-0.029307961625639978,0.0,0.0
2001-12-17,0.0065255092432597,1.0103655675368208,-0.022973701756869525,0.0,0.0
2001-12-18,0.006494005475069,1.0169268870642263,-0.016628887626792044,0.0,0.0
2001-12-19,-0.0002038135976749,1.0167196235368015,-0.01682931203105431,0.0,0.0
2001-12-20,-0.0029906854956888,1.0136789349055078,-0.019769666347349446,0.0,0.0
2001-12-21,0.0041135118694857,1.017848715236089,-0.015737477235039377,0.0,0.0
2001-12-24,0.0069652029121114,1.0249382380715404,-0.008881889045194824,0.0,0.0
2001-12-26,0.0035708110957297,1.028598098904484,-0.005342793497418508,0.0,0.0
2001-12-27,0.0028830319021664,1.0315635800381335,-0.0024751650393517455,0.0,0.0
2001-12-28,-0.0013876442769077,1.0301321367400271,-0.0038593746676582885,0.0,0.0
2001-12-31,-0.0049906097833266,1.0249911492202932,-0.008830723818010977,0.0,0.0
2002-01-02,-0.006125945764729708,1.0187121090308418,-0.014902573047568146,0.4675101369729388,0.0007012652054594082
2002-01-03,0.0075180182405542,1.0263708052484088,-0.00749659262301694,0.0,0.0
2002-01-04,0.0106608366716004,1.037312776767661,0.0,0.0,0.0
2002-01-07,-0.0018454706928269,1.0353984464388415,-0.0018454706928269227,0.0,0.0
2002-01-08,-0.0001568562386739,1.0352360377330043,-0.002002037457909278,0.0,0.0
2002-01-09,-0.0023794051139851,1.0327727918106409,-0.0043766789137285045,0.0,0.0
2002-01-10,-0.0035045289253151,1.029153409688462,-0.007865869641193735,0.0,0.0
2002-01-11,-0.0081979032049531,1.0207165096527886,-0.01599928920820548,0.0,0.0
2002-01-14,-0.0096528619910363,1.010863674053138,-0.025497712268560235,0.0,0.0
2002-01-15,0.0077785941811703,1.0187267723460842,-0.017917454443675318,0.0,0.0
2002-01-16,-0.0149631479386932,1.0034834129423622,-0.03261250086084311,0.0,0.0
2002-01-17,0.0113848010407315,1.0149078719463853,-0.021598986653852847,0.0,0.0
2002-01-18,-0.0017289386247592,1.013153158526005,-0.023290581956330603,0.0,0.0
2002-01-22,0.0039253318079797,1.0171301208455221,-0.01945667341053059,0.0,0.0
2002-01-23,0.0117895478444682,1.0291216250692803,-0.00789651094812982,0.0,0.0
2002-01-24,0.0075936689666774,1.0369364340165055,-0.0003628054715842932,0.0,0.0
2002-01-25,0.0071637612139781,1.0443647990238736,0.0,0.0,0.0
2002-01-28,0.0049384416877999,1.049522333684644,0.0,0.0,0.0
2002-01-29,-0.0159898475923103,1.0327406315243008,-0.015989847592310147,0.0,0.0
2002-01-30,0.0134661976137172,1.046647720952122,-0.0027389724260843407,0.0,0.0
2002-01-31,0.0182571592721497,1.0657565350953775,0.0,0.0,0.0
2002-02-01,-0.009085723233356347,1.0560733661833601,-0.009085723233356324,0.5234779838910987,0.000785216975836648
2002-02-04,-0.013854010108483,1.0414425150929563,-0.022813859640321454,0.0,0.0
2002-02-05,0.0028792390385667,1.044441077038835,-0.020000307157051478,0.0,0.0
2002-02-06,-0.0033560180937435,1.0409359138864438,-0.02328920385809541,0.0,0.0
2002-02-07,-0.0102793720224926,1.0302357463760317,-0.033329177490023065,0.0,0.0
2002-02-08,0.0139304315272428,1.044587374897841,-0.01986303578766424,0.0,0.0
2002-02-11,0.0174990570844189,1.0628666690008415,-0.0027115631003635787,0.0,0.0
2002-02-12,-0.0058482792564328,1.05665072790817,-0.008543984378564073,0.0,0.0
2002-02-13,0.0100792197670107,1.0673009428117284,0.0,0.0,0.0
2002-02-14,-0.002511072701888,1.0646208725495345,-0.0025110727018879953,0.0,0.0
2002-02-15,-0.0043194373500082,1.0600223093890457,-0.006819663630679096,0.0,0.0
2002-02-19,-0.014221464287219,1.044947239972414,-0.020944142315123537,0.0,0.0
2002-02-20,0.0129817235938976,1.0585124562119421,-0.008234309787672034,0.0,0.0
2002-02-21,-0.0077933244653161,1.0502631251901038,-0.0159634616050649,0.0,0.0
2002-02-22,0.0060630163513109,1.0566308876913102,-0.009997231982489141,0.0,0.0
2002-02-25,0.0161531302213482,1.0736987840160868,0.0,0.0,0.0
2002-02-26,0.0090755536453409,1.083443194929362,0.0,0.0,0.0
2002-02-27,0.0045772726534318,1.088402409837059,0.0,0.0,0.0
2002-02-28,-0.0029254781713973,1.0852183123453845,-0.002925478171397322,0.0,0.0
2002-03-01,0.010664559997839516,1.0967916881481459,0.0,0.5735966300643887,0.000860394945096583
2002-03-04,0.0134348842500496,1.1115269575248328,0.0,0.0,0.0
2002-03-05,-0.013160349732491,1.0968988740267143,-0.013160349732491028,0.0,0.0
2002-03-06,0.0140512755343659,1.1123117023389992,0.0,0.0,0.0
2002-03-07,-0.0068128042054957,1.104733740495482,-0.006812804205495682,0.0,0.0
2002-03-08,-0.0039238308356043,1.1003989521793933,-0.010709902749881595,0.0,0.0
2002-03-11,0.0011386633338794,1.1016519361188795,-0.009583434389572765,0.0,0.0
2002-03-12,-0.0015441465642747,1.0999508240666949,-0.01111278272656091,0.0,0.0
2002-03-13,-0.002706211387898,1.0969741246204778,-0.013788920575293018,0.0,0.0
2002-03-14,-0.0006069937278597,1.096308268207209,-0.01438754451484947,0.0,0.0
2002-03-15,0.0101752549304603,1.1074634843185889,-0.004358686517650923,0.0,0.0
2002-03-18,-0.0007043829259692,1.1066834059491004,-0.005059999259257486,0.0,0.0
2002-03-19,0.0102821578860315,1.1180624994589201,0.0,0.0,0.0
2002-03-20,-0.0056105470176218,1.1117895572370662,-0.005610547017621759,0.0,0.0
2002-03-21,-0.006062115895794,1.1050497600893616,-0.011638651127156119,0.0,0.0
2002-03-22,0.001430091289237,1.106630082125439,-0.010225204171514402,0.0,0.0
2002-03-25,-0.0130418099660579,1.092197622891636,-0.023133658967903314,0.0,0.0
2002-03-26,0.0102507378094943,1.103393454360051,-0.013120058231063214,0.0,0.0
2002-03-27,0.0116760091385932,1.116276686416623,-0.0015972390122747093,0.0,0.0
2002-03-28,0.0039849248089562,1.120724965077984,0.0,0.0,0.0
2002-04-01,-0.0049010115314318,1.1152322791005733,-0.004901011531431854,0.0,0.0
2002-04-02,-0.011070956503522838,1.1028855910473263,-0.015917709149466774,0.5744564215382912,0.0008616846323074368
2002-04-03,-0.0063524383523129,1.095879578320544,-0.02216903123569769,0.0,0.0
2002-04-04,0.0055630399912202,1.1019760002403025,-0.016729318451808473,0.0,0.0
2002-04-05,0.005408556068782,1.1079360992240543,-0.011411243839865581,0.0,0.0
2002-04-08,0.0072297015613259,1.1159461465704636,-0.0042640421659455585,0.0,0.0
2002-04-09,0.0012044852942981,1.1172902872932364,-0.003064692847730588,0.0,0.0
2002-04-10,0.0123260820894763,1.1310620990921876,0.0,0.0,0.0
2002-04-11,-0.0126926010665306,1.1167059790869378,-0.012692601066530584,0.0,0.0
2002-04-12,0.0084142156851752,1.1261021840519,-0.004385183664334935,0.0,0.0
2002-04-15,-0.00692670957106,1.1183020012756362,-0.011281518341736407,0.0,0.0
2002-04-16,0.0103270254217524,1.1298507344720063,-0.0010709974466950323,0.0,0.0
2002-04-17,-0.0100378770027321,1.1185094317679298,-0.01109812390878695,0.0,0.0
2002-04-18,-0.0040600656115231,1.1139682100878447,-0.01511313040907547,0.0,0.0
2002-04-19,0.0028938769824982,1.1171918970502528,-0.012262988966801447,0.0,0.0
2002-04-22,-0.0072458739189106,1.109096865420998,-0.019420006813789636,0.0,0.0
2002-04-23,0.0019789699890736,1.1112917348326417,-0.01747946843538828,0.0,0.0
2002-04-24,-0.0039081253929651,1.10694866738475,-0.021319281873905527,0.0,0.0
2002-04-25,0.0046273031004319,1.1120708543853584,-0.01679062955258781,0.0,0.0
2002-04-26,-0.0076119126195083,1.1036058682150751,-0.024274733367115164,0.0,0.0
2002-04-29,-0.0087643697748554,1.093933458300338,-0.032826350402555105,0.0,0.0
2002-04-30,0.0114779511908618,1.1064895731407598,-0.02172517845938804,0.0,0.0
2002-05-01,0.0023363434009420194,1.1090747127531784,-0.019439592535773875,0.5304289748826538,0.0007956434623239808
2002-05-02,0.0049296542222928,1.11454206759374,-0.014605768782904871,0.0,0.0
2002-05-03,-0.0065681021652879,1.1072216414262732,-0.021077938766624005,0.0,0.0
2002-05-06,-0.0139146691869631,1.0918150185691804,-0.03469931540850646,0.0,0.0
2002-05-07,0.0043999670643992,1.0966189686913013,-0.030452024189061788,0.0,0.0
2002-05-08,0.0204096229707218,1.1190005483848324,-0.010663915550734093,0.0,0.0
2002-05-09,-0.0054796660982374,1.1128687990159392,-0.016085146952453555,0.0,0.0
2002-05-10,-0.0153111361889847,1.0958295132737343,-0.03115000126582934,0.0,0.0
2002-05-13,0.0073844561601801,1.1039216182735359,-0.0239955709243862,0.0,0.0
2002-05-14,0.0160232429061686,1.1216100225125034,-0.008356814879811325,0.0,0.0
2002-05-15,0.0042956906947022,1.1264281122492952,-0.004097022477025591,0.0,0.0
2002-05-16,-0.000236809299078,1.1261613635975716,-0.004332861563082546,0.0,0.0
2002-05-17,0.0043028499553571,1.1310070669706522,-4.865526090880312e-05,0.0,0.0
2002-05-20,-0.0070864000991696,1.1229922983791099,-0.007134710569432712,0.0,0.0
2002-05-21,-0.0082066941043353,1.113776244104788,-0.015282852286601645,0.0,0.0
2002-05-22,0.0052443225663484,1.1196172459956095,-0.010118677927378084,0.0,0.0
2002-05-23,0.0092967135547009,1.1300260068225338,-0.000916034822920242,0.0,0.0
2002-05-24,-0.0096326093567434,1.1191409077358518,-0.010539820374057207,0.0,0.0
2002-05-28,-0.0071298245070419,1.1111616294650437,-0.017594497811496246,0.0,0.0
2002-05-29,-0.0010326202534777,1.1100142214615707,-0.018608949630184113,0.0,0.0
2002-05-30,-0.0032497416606491,1.1064069620021741,-0.021798217011959053,0.0,0.0
2002-05-31,0.0063379652654971,1.113419330896848,-0.015598408088733473,0.0,0.0
2002-06-03,-0.012799076907774078,1.099168591250097,-0.02819783977174095,0.7109820447009186,0.001066473067051378
2002-06-04,-0.0117967420774811,1.0862019828794514,-0.039661939206292796,0.0,0.0
2002-06-05,0.0134531745743833,1.1008148477781698,-0.0267423436240104,0.0,0.0
2002-06-06,-0.0083830466373073,1.0915866655702051,-0.03490120794752671,0.0,0.0
2002-06-07,0.0052544696497345,1.0973223745744987,-0.02983012563569154,0.0,0.0
2002-06-10,0.0057033166548305,1.1035807515491276,-0.024296939633214665,0.0,0.0
2002-06-11,-0.0057934562573063,1.0971872047386224,-0.029949632633569645,0.0,0.0
2002-06-12,0.001717645575884,1.0990717834867583,-0.028283429911677982,0.0,0.0
2002-06-13,-0.012322546013782,1.0855284208622933,-0.04025745205894571,0.0,0.0
2002-06-14,-0.0041130877253071,1.0810635472389727,-0.04420495735233698,0.0,0.0
2002-06-17,0.0194195496536844,1.102057314473368,-0.025643848062895325,0.0,0.0
2002-06-18,0.0007057745538811,1.1028351184828418,-0.024956172284440692,0.0,0.0
2002-06-19,0.0012822618046491,1.104249241832098,-0.023705910826302246,0.0,0.0
2002-06-20,-0.0008640947119067,1.1032950659016039,-0.024549521386022954,0.0,0.0
2002-06-21,-0.0124641202650928,1.0895434635123227,-0.03670765346410998,0.0,0.0
2002-06-24,-0.0077513958524021,1.0810979808282415,-0.044174513763698964,0.0,0.0
2002-06-25,-0.0147924800378151,1.0651058605279176,-0.05831354318848436,0.0,0.0
2002-06-26,-0.0049652088725252,1.0598173874590457,-0.06298921313898165,0.0,0.0
2002-06-27,0.0118480670161258,1.072374174890516,-0.05188744654141941,0.0,0.0
2002-06-28,-0.0034810728458325,1.0686411622697325,-0.055187895406057175,0.0,0.0
2002-07-01,-0.0108877465828512,1.057006068106936,-0.06547477016928638,0.0,0.0
2002-07-02,-0.02214602792667333,1.0335975822039767,-0.08617079200729816,0.4133370239727541,0.0006200055359591312
2002-07-03,-0.0021761718621382,1.0313482962288103,-0.08815944141653187,0.0,0.0
2002-07-05,0.0270288629339764,1.0592244679647689,-0.06351342794093884,0.0,0.0
2002-07-08,-0.0071840830423925,1.051614911426376,-0.0702412252426966,0.0,0.0
2002-07-09,-0.0139336576947427,1.0369620692238737,-0.08319616574884825,0.0,0.0
2002-07-10,-0.0223816435227316,1.0137531538439108,-0.10371574234733105,0.0,0.0
2002-07-11,-0.0055622188944167,1.0081144368973258,-0.10870107158001485,0.0,0.0
2002-07-12,-0.0098730674064606,0.9981612551084124,-0.11750092597961159,0.0,0.0
2002-07-15,-0.0127981306426928,0.9853866569630607,-0.12879526442097988,0.0,0.0
2002-07-16,-0.0166275173892645,0.9690021231892583,-0.14328123631142953,0.0,0.0
2002-07-17,0.0010479685526196,0.9700176069417823,-0.14238342198864473,0.0,0.0
2002-07-18,-0.0213938138991853,0.9492652307799367,-0.1607311114554758,0.0,0.0
2002-07-19,-0.0406047498990356,0.9107205534962671,-0.19480941477286773,0.0,0.0
2002-07-22,-0.0280246702369914,0.885197910306484,-0.21737461540178826,0.0,0.0
2002-07-23,-0.0030325484928014,0.882513504717753,-0.21974796483227976,0.0,0.0
2002-07-24,0.0601741879591261,0.9356180382271061,-0.17279693221260684,0.0,0.0
2002-07-25,0.0070027830062294,0.9421699683255246,-0.16700420862680443,0.0,0.0
2002-07-26,0.0001655081640308,0.9423259051471871,-0.1668663410227289,0.0,0.0
2002-07-29,0.0464262337648067,0.9860745479021834,-0.1281870830137214,0.0,0.0
2002-07-30,-0.0075527723249753,0.9786269513464253,-0.13477168748569124,0.0,0.0
2002-07-31,0.0084682483455128,0.9869142074080388,-0.1274447192597512,0.0,0.0
2002-08-01,-0.022835928119427678,0.9643771055076269,-0.14737032893096258,0.40208929821545125,0.0006031339473231769
2002-08-02,-0.0250360111931827,0.9402329494996888,-0.16871677491948667,0.0,0.0
2002-08-05,-0.0244052276032766,0.9172863503670489,-0.18900443123036237,0.0,0.0
2002-08-06,0.0292282663417556,0.9440970401272338,-0.16530043674437989,0.0,0.0
2002-08-07,0.0137705713268799,0.9570977957578021,-0.15380614687205296,0.0,0.0
2002-08-08,0.0243842719461751,0.980435928688645,-0.13317232583819938,0.0,0.0
2002-08-09,0.009642492145548,0.9898897744302384,-0.12481394679855051,0.0,0.0
2002-08-12,-0.0062547899826733,0.9836982217851814,-0.13028805175709035,0.0,0.0
2002-08-13,-0.0115604970665717,0.972326181377842,-0.14034235418351493,0.0,0.0
2002-08-14,0.0220602919499675,0.9937759808096343,-0.12137805553978143,0.0,0.0
2002-08-15,0.011871096634697,1.0055731915110664,-0.11094784953172865,0.0,0.0
2002-08-16,-0.0017049143442772,1.0038587753526385,-0.11246360729587257,0.0,0.0
2002-08-19,0.0168429121176123,1.020766680484397,-0.09751490983237432,0.0,0.0
2002-08-20,-0.0051773669579261,1.015481796801105,-0.1021874063182292,0.0,0.0
2002-08-21,0.0065679416360555,1.0221514219749714,-0.09629062560281165,0.0,0.0
2002-08-22,0.0128478687520447,1.0352838892892218,-0.08467988617056421,0.0,0.0
2002-08-23,-0.0119724772314833,1.0228889764965852,-0.09563853539290568,0.0,0.0
2002-08-26,0.0068806228618328,1.0299270897733843,-0.0894159652241695,0.0,0.0
2002-08-27,-0.0056594255386689,1.024098294098554,-0.09456934776568404,0.0,0.0
2002-08-28,-0.0161453456138479,1.0075638731977807,-0.10918783857537873,0.0,0.0
2002-08-29,-0.0070178459986173,1.0004929451019082,-0.11543942113795225,0.0,0.0
2002-08-30,0.0068997547362999,1.0073961010385097,-0.10933617009440466,0.0,0.0
2002-09-03,-0.0273007254195969,0.9798934566952848,-0.13365193875582393,0.0,0.0
2002-09-04,0.014157995555980966,0.9937667839005115,-0.12138618675479618,0.6643610824368221,0.0009965416236552332
2002-09-05,-0.0018927281159127,0.9918858535679629,-0.1230491638221547,0.0,0.0
2002-09-06,0.0102924460456057,1.0020947851992108,-0.1140231946561453,0.0,0.0
2002-09-09,0.009767694943101,1.011882941365109,-0.10536924349488341,0.0,0.0
2002-09-10,-0.0019008783959443,1.0099594749426435,-0.10706982777227125,0.0,0.0
2002-09-11,0.0021428822928599,1.0121236992180043,-0.10515638351744394,0.0,0.0
2002-09-12,-0.0157124829177205,0.9962207228834212,-0.11921659855545741,0.0,0.0
2002-09-13,0.0034812201348843,0.9996887865227121,-0.11615039764387669,0.0,0.0
2002-09-16,0.0028448293156443,1.0025327304891327,-0.11363599638447353,0.0,0.0
2002-09-17,-0.0189325754650108,0.9835522039130039,-0.1304171497723936,0.0,0.0
2002-09-18,-0.0012314096350632,0.9823410482525178,-0.1314879624726496,0.0,0.0
2002-09-19,-0.0134377380579262,0.9691406065625517,-0.14315879973309797,0.0,0.0
2002-09-20,0.0052737770615162,0.9742516380628251,-0.13864001026576844,0.0,0.0
2002-09-23,-0.0134961901195224,0.9611029527312731,-0.15026508844857145,0.0,0.0
2002-09-24,-0.0193379318688447,0.9425172093124103,-0.16669720427473167,0.0,0.0
2002-09-25,0.0197258086642916,0.961109123446109,-0.15025963276683585,0.0,0.0
2002-09-26,0.0174805745689385,0.9779098631473959,-0.13540568291317923,0.0,0.0
2002-09-27,-0.0150043571829939,0.9632369542679597,-0.14837836486513656,0.0,0.0
2002-09-30,-0.0073210611490999,0.9561850376246912,-0.15461313893185535,0.0,0.0
2002-10-01,0.024181870282789928,0.979307380170876,-0.1341701035187306,0.4776653231355816,0.0007164979847033724
2002-10-02,-0.0193239651626174,0.9603832784729599,-0.15090137027508732,0.0,0.0
2002-10-03,-0.0128817328014024,0.9480118776927364,-0.16183923194524052,0.0,0.0
2002-10-04,-0.0214528601851166,0.9276743114267643,-0.17982017771496928,0.0,0.0
2002-10-07,-0.0174739635627641,0.9114641643107807,-0.19415197004449225,0.0,0.0
2002-10-08,0.0185291007891721,0.9283527756770137,-0.17922033067669085,0.0,0.0
2002-10-09,-0.0282217978087407,0.9021529913466738,-0.20238420854985828,0.0,0.0
2002-10-10,0.0186771463744281,0.9190026348181839,-0.18748702166238862,0.0,0.0
2002-10-11,0.0289176934691426,0.9455780713091906,-0.16399102041512137,0.0,0.0
2002-10-14,0.0038240807269682,0.9491940381875279,-0.16079405458871843,0.0,0.0
2002-10-15,0.0299041242701662,0.9775788546619887,-0.13569833570887713,0.0,0.0
2002-10-16,-0.0144516494522359,0.9634512277424954,-0.14818892038219644,0.0,0.0
2002-10-17,0.0125178717360353,0.9755115866353016,-0.13752605854420719,0.0,0.0
2002-10-18,0.0051885282120888,0.9805730560237782,-0.13305108816677247,0.0,0.0
2002-10-21,0.0166475980807068,0.9968972421492325,-0.11861847112606672,0.0,0.0
2002-10-22,-0.0077125115045153,0.9892086607003369,-0.12541613630737436,0.0,0.0
2002-10-23,0.0091610945975046,0.9982708948176836,-0.11740399079863495,0.0,0.0
2002-10-24,-0.0164975880786128,0.9818018328041133,-0.13196469619826667,0.0,0.0
2002-10-25,0.0084246653186529,0.9900731846547278,-0.12465178927896192,0.0,0.0
2002-10-28,-0.0173084134733316,0.9729365886058656,-0.13980267804326263,0.0,0.0
2002-10-29,0.0004064622443309,0.9733320505952621,-0.13945304030921268,0.0,0.0
2002-10-30,0.0029485884988664,0.9762020062852254,-0.13691564144113388,0.0,0.0
2002-10-31,-0.0051871357481364,0.9711383139610207,-0.14139257717107212,0.0,0.0
2002-11-01,0.012784309067119257,0.9835536463136195,-0.13041587451030423,0.6261633758393627,0.000939245063759044
2002-11-04,-0.0096233107313245,0.9740886039542164,-0.1387841527569187,0.0,0.0
2002-11-05,0.0042914006189472,0.9782688083921349,-0.13508833053701252,0.0,0.0
2002-11-06,0.0118039752232864,0.9898162691681096,-0.12487893462034017,0.0,0.0
2002-11-07,-0.0134414857159331,0.9765116679246884,-0.13664186192035288,0.0,0.0
2002-11-08,-0.0234398242576566,0.9536224060429825,-0.15687882494835748,0.0,0.0
2002-11-11,-0.0141062532793725,0.9401703668504556,-0.16877210578883806,0.0,0.0
2002-11-12,0.0016721176263942,0.9417424422926799,-0.16738219497537699,0.0,0.0
2002-11-13,-0.0053804028828565,0.93667548854126,-0.17186201421384906,0.0,0.0
2002-11-14,0.0203410063341299,0.955728410586702,-0.15501685419943945,0.0,0.0
2002-11-15,0.0106704323995592,0.9659264459842056,-0.14600051866340769,0.0,0.0
2002-11-18,-0.0113712582157718,0.9549426469494765,-0.15571156728182123,0.0,0.0
2002-11-19,-0.0061710040676585,0.9490496919907707,-0.1609216746344021,0.0,0.0
2002-11-20,0.0108057898497632,0.9593049235194054,-0.15185477058301022,0.0,0.0
2002-11-21,0.0101653724818927,0.9690566153906938,-0.1432330584072462,0.0,0.0
2002-11-22,-0.0062923870653588,0.962958936078409,-0.14862416762855146,0.0,0.0
2002-11-25,-0.0032867280911819,0.9597939518925455,-0.15142240849296007,0.0,0.0
2002-11-26,-0.0075740929096794,0.952524383326763,-0.1578496140121063,0.0,0.0
2002-11-27,0.0197576394694777,0.9713440166784197,-0.1412107103066761,0.0,0.0
2002-11-29,-0.0015957627745286,0.9697939820553433,-0.14258113428633246,0.0,0.0
2002-12-02,-0.0003288849462528,0.9694750314136787,-0.14286312644389887,0.0,0.0
2002-12-03,-0.009664625932996681,0.9601054178836853,-0.1511470337001969,0.9122588549077213,0.001368388282361582
2002-12-04,0.0055540420969524,0.9654378837921234,-0.1464324685912448,0.0,0.0
2002-12-05,-0.0069464602332422,0.9587315079246959,-0.1523617415045625,0.0,0.0
2002-12-06,0.0092115569067475,0.967562917768236,-0.1445536734500954,0.0,0.0
2002-12-09,-0.0122847974074331,0.9556766033445084,-0.1550626582646938,0.0,0.0
2002-12-10,0.0078539095158352,0.963182400913577,-0.14842659683615433,0.0,0.0
2002-12-11,0.000865452890934,0.9640159899069444,-0.14768960017254373,0.0,0.0
2002-12-12,-0.0056799983224096,0.9585403807014968,-0.15253072181373595,0.0,0.0
2002-12-13,-0.0132691319977836,0.945821381864763,-0.1637759035300559,0.0,0.0
2002-12-16,0.0197844690673722,0.9645339557375257,-0.14723165376005498,0.0,0.0
2002-12-17,-0.0048758466317888,0.959831036098197,-0.151389621428765,0.0,0.0
2002-12-18,-0.007879161609659,0.9522683722468129,-0.15807595974516164,0.0,0.0
2002-12-19,-0.0039808224368171,0.9484775609447016,-0.16142750985470367,0.0,0.0
2002-12-20,0.0104850762513315,0.9584224204938837,-0.15263501335326135,0.0,0.0
2002-12-23,-0.0008435340611194,0.9576139585372566,-0.15334979458169784,0.0,0.0
2002-12-24,-0.0037655902569587,0.9540079767450611,-0.1565379323462731,0.0,0.0
2002-12-26,0.0005392674134469,0.9545224421590882,-0.1560830807387088,0.0,0.0
2002-12-27,-0.0144351799167886,0.9407437389719093,-0.16826517330306745,0.0,0.0
2002-12-30,0.007105657464622,0.9474283417430315,-0.1623551505231624,0.0,0.0
2002-12-31,-0.0003098937002231,0.9471347396685126,-0.16261473138503946,0.0,0.0
2003-01-02,0.025287895132316374,0.9710857836414236,-0.1414390205269579,0.5241425118343512,0.0007862137677515269
2003-01-03,-0.0041085690217529,0.9670960106732898,-0.14496647757050674,0.0,0.0
2003-01-06,0.0139853247362897,0.9806211624337261,-0.13300855609891649,0.0,0.0
2003-01-07,-0.0127598531946476,0.9681085803615072,-0.14407123964410984,0.0,0.0
2003-01-08,-0.0088103034772683,0.9595792499695749,-0.15161223177776728,0.0,0.0
2003-01-09,0.0140563366410021,0.9730674189408675,-0.1396870077055271,0.0,0.0
2003-01-10,-9.115790861148504e-05,0.9729787161500189,-0.139765432038656,0.0,0.0
2003-01-13,-0.0020972175951053,0.9709381680668461,-0.1415695311105023,0.0,0.0
2003-01-14,-0.0011892100037093,0.9697835186843978,-0.1425903852115945,0.0,0.0
2003-01-15,-0.0091159143407345,0.9609430551990147,-0.1504064578149279,0.0,0.0
2003-01-16,0.0038399810915757,0.9646330583610598,-0.14714403467741244,0.0,0.0
2003-01-17,-0.0042311240762908,0.9605515762030423,-0.15075257408589704,0.0,0.0
2003-01-21,-0.0142393784182431,0.9468739188192473,-0.16284532955420683,0.0,0.0
2003-01-22,-0.0050399468521752,0.9421017245926874,-0.16706454460030395,0.0,0.0
2003-01-23,0.0106291672429575,0.9521154813832617,-0.15821113434227163,0.0,0.0
2003-01-24,-0.0200473940261817,0.9330280471695438,-0.17508680741896465,0.0,0.0
2003-01-27,-0.0145644197419261,0.9194390350595769,-0.18710118940636722,0.0,0.0
2003-01-28,0.0096212923817283,0.9282852268430593,-0.17928005227288668,0.0,0.0
2003-01-29,0.0065000757199594,0.9343191511072588,-0.17394531046777928,0.0,0.0
2003-01-30,-0.0119526342165553,0.9231515760525513,-0.18381884001462812,0.0,0.0
2003-01-31,0.0139838071734531,0.9360607496839394,-0.1724055200547875,0.0,0.0
2003-02-03,0.002890686512519446,0.9387666078679495,-0.1700132038537744,0.5592799886464361,0.0008389199829696542
2003-02-04,-0.0048572606917947,0.9342067737247831,-0.17404466609340408,0.0,0.0
2003-02-05,-0.003114443419691,0.9312972395857252,-0.1766170572480481,0.0,0.0
2003-02-06,-0.0086500178521179,0.9232415018376805,-0.18373933440198198,0.0,0.0
2003-02-07,-0.0054259683497756,0.91823202266951,-0.18816833893868357,0.0,0.0
2003-02-10,0.0070415761306293,0.924697823362719,-0.18245176449206513,0.0,0.0
2003-02-11,-0.0078388449233835,0.9174492605243884,-0.1888603983275976,0.0,0.0
2003-02-12,-0.0115317325452838,0.9068694810281527,-0.1982142432709718,0.0,0.0
2003-02-13,0.0012007135341909,0.9079583714877679,-0.19725152826134573,0.0,0.0
2003-02-14,0.0165199532929699,0.9229578013767068,-0.1839901610022202,0.0,0.0
2003-02-18,0.0123038011576473,0.9343136906417451,-0.17395013820050786,0.0,0.0
2003-02-19,-0.0040461978722907,0.9305332725746184,-0.17729249939372693,0.0,0.0
2003-02-20,-0.0046444971377576,0.9262114134535573,-0.18111356202550455,0.0,0.0
2003-02-21,0.0132037342705668,0.9384408628351641,-0.17030120310071828,0.0,0.0
2003-02-24,-0.0127543537294808,0.9264716561163653,-0.18088347504529645,0.0,0.0
2003-02-25,0.0068968120880595,0.9328613570335131,-0.17523418229445953,0.0,0.0
2003-02-26,-0.0070548907928249,0.9262801220347953,-0.18105281506802706,0.0,0.0
2003-02-27,0.0050757009908566,0.9309816429680181,-0.17689608403000856,0.0,0.0
2003-02-28,0.0033679140122601,0.934117109088527,-0.17412394081786708,0.0,0.0
2003-03-03,-0.005867981641036541,0.9286357270418174,-0.17897016637091945,0.569464731797894,0.0008541970976968411
2003-03-04,-0.0124687915387082,0.9170567617459363,-0.18920741621350068,0.0,0.0
2003-03-05,0.0065068047040127,0.9230238709971114,-0.1839317472153401,0.0,0.0
2003-03-06,-0.0055639442329182,0.9178882176532311,-0.188472305464089,0.0,0.0
2003-03-07,0.0018761871594644,0.9196103477410158,-0.18694972762405093,0.0,0.0
2003-03-10,-0.0173606416013413,0.9036453220809991,-0.20106480200664278,0.0,0.0
2003-03-11,-0.0074292541831604,0.8969319112918355,-0.20700029466840908,0.0,0.0
2003-03-12,0.0057723685770762,0.9021093328723534,-0.20242280808772228,0.0,0.0
2003-03-13,0.0222961112097731,0.9222228628814495,-0.1846399383184677,0.0,0.0
2003-03-14,0.0021206238909965,0.9241785507172992,-0.18291086629190134,0.0,0.0
2003-03-17,0.0227939102511475,0.9452441936583847,-0.1642862099109712,0.0,0.0
2003-03-18,0.0053710068226594,0.9503211066716031,-0.15979758544261247,0.0,0.0
2003-03-19,0.0018355875610274,0.9520655042739913,-0.15825532034170575,0.0,0.0
2003-03-20,0.0034571354165227,0.9553569236476664,-0.15534529499798955,0.0,0.0
2003-03-21,0.0077887780619114,0.9627979866958686,-0.14876646696177964,0.0,0.0
2003-03-24,-0.0236813746239213,0.9399976068857665,-0.1689248471501018,0.0,0.0
2003-03-25,0.0083841360727443,0.9478786747299508,-0.16195699998193147,0.0,0.0
2003-03-26,-0.0066857435855195,0.9415414009605243,-0.16755994059369184,0.0,0.0
2003-03-27,0.0005894163855023,0.9420963608898791,-0.16706928678272925,0.0,0.0
2003-03-28,0.0033904428721399,0.9452904847815271,-0.16424528278311545,0.0,0.0
2003-03-31,-0.0103659119574636,0.9354916868420537,-0.17290864259982053,0.0,0.0
2003-04-01,0.008099983896216157,0.9430691544405184,-0.1662092159241796,0.4943761192832949,0.0007415641789249424
2003-04-02,0.0095182905918018,0.9520455607006482,-0.15827295294857957,0.0,0.0
2003-04-03,-0.0068570309671143,0.9455173548088202,-0.16404470137606875,0.0,0.0
2003-04-04,0.0019585436853021,0.9473691918534244,-0.16240744640475413,0.0,0.0
2003-04-07,-0.0002520589271159,0.9471303989913432,-0.16261856908517358,0.0,0.0
2003-04-08,0.0018614758218197,0.948893459329176,-0.16105980379788487,0.0,0.0
2003-04-09,-0.0069667688725485,0.9422827379133566,-0.16690450624271558,0.0,0.0
2003-04-10,0.0092953187231083,0.9510415562895445,-0.1591606181014562,0.0,0.0
2003-04-11,-0.0011818535289025,0.9499175644701107,-0.16015436709219333,0.0,0.0
2003-04-14,0.0115780122051097,0.9609157216253936,-0.15043062410397867,0.0,0.0
2003-04-15,0.0064347166771351,0.9670989420446577,-0.1449638858725174,0.0,0.0
2003-04-16,-0.0117598767886094,0.9557259776438181,-0.155019005224468,0.0,0.0
2003-04-17,0.0097172620286022,0.965013017396125,-0.14680810348904516,0.0,0.0
2003-04-21,-0.000884485400779,0.9641594774706764,-0.14756273926557206,0.0,0.0
2003-04-22,0.0132105341345452,0.976896539158948,-0.13630158773508172,0.0,0.0
2003-04-23,0.0008105308549861,0.9776883439460655,-0.13560153352253856,0.0,0.0
2003-04-24,-0.0047448319708455,0.9730493770341873,-0.1397029590018306,0.0,0.0
2003-04-25,-0.0128831505058474,0.9605134354602347,-0.15078629526074527,0.0,0.0
2003-04-28,0.0084489377123086,0.9686287536482738,-0.14361134156496436,0.0,0.0
2003-04-29,0.0002337076814551,0.9688551296284797,-0.14341119695717708,0.0,0.0
2003-04-30,-0.0012789069274179,0.9676160540915335,-0.1445066943113371,0.0,0.0
2003-05-01,-0.004398620453566103,0.9633598783248075,-0.14826968466362822,0.41921399565973533,0.000628820993489603
2003-05-02,0.0134040566342812,0.9762728086930675,-0.13685304327972525,0.0,0.0
2003-05-05,0.0005165068600066,0.9767770602959954,-0.13640722195538546,0.0,0.0
2003-05-06,0.0033613119508386,0.9800603127020734,-0.13350441722988615,0.0,0.0
2003-05-07,-0.0021796546028122,0.9779241197304588,-0.13539307831518743,0.0,0.0
2003-05-08,-0.0051740884716392,0.9728642538164235,-0.13986663102117625,0.0,0.0
2003-05-09,0.0078159627062174,0.9804681245424646,-0.13314386068686468,0.0,0.0
2003-05-12,0.008320577907384,0.9886261859584269,-0.1259311166452156,0.0,0.0
2003-05-13,0.0014078459492917,0.9900180193296921,-0.12470056230838267,0.0,0.0
2003-05-14,-0.0011459736699704,0.988883484746744,-0.1257036324173172,0.0,0.0
2003-05-15,0.0097740233522319,0.9985488550192951,-0.11715823930379254,0.0,0.0
2003-05-16,0.0010949834410374,0.9996422494806081,-0.1161915421947739,0.0,0.0
2003-05-19,-0.0152922470863055,0.9843554732036404,-0.1297069595084981,0.0,0.0
2003-05-20,0.0018393519933883,0.9861660494054802,-0.12810618426963805,0.0,0.0
2003-05-21,0.0085703996723782,0.9946178865922155,-0.12063370579695387,0.0,0.0
2003-05-22,0.0116707802580446,1.006225853387354,-0.11037081501097912,0.0,0.0
2003-05-23,0.0085703599009278,1.0148495710925018,-0.10274637271725418,0.0,0.0
2003-05-27,0.0134865634082327,1.0285364041828586,-0.09064550477963862,0.0,0.0
2003-05-28,-0.0020587020611176,1.026418954167633,-0.09251759475323529,0.0,0.0
2003-05-29,-0.0052322697486726,1.0210484533242774,-0.09726578748966064,0.0,0.0
2003-05-30,0.0159780937257125,1.0373628612099866,-0.08284181563276305,0.0,0.0
2003-06-02,0.0004910276519436,1.03787223505994,-0.08239146560303234,0.0,0.0
2003-06-03,0.0014508698626374062,1.0393780526070566,-0.08106013503477694,0.6246840881725291,0.0009370261322587936
2003-06-04,0.0136955134780843,1.0536128687353616,-0.06847478172859667,0.0,0.0
2003-06-05,0.0020921640659841,1.0558171997187882,-0.06652587814037125,0.0,0.0
2003-06-06,-0.0077745361737857,1.0476087107066694,-0.0737832064680618,0.0,0.0
2003-06-09,-0.0085388618291435,1.038663324674938,-0.08169204369186334,0.0,0.0
2003-06-10,0.0061555224638718,1.0450568401023743,-0.07603937843805642,0.0,0.0
2003-06-11,0.0146353318790583,1.0603515937897525,-0.06251690809831634,0.0,0.0
2003-06-12,0.0052901861108467,1.0659610510638333,-0.0575574480663843,0.0,0.0
2003-06-13,-0.0051802084705102,1.0604391505978785,-0.062439496956880114,0.0,0.0
2003-06-16,0.0168105824744376,1.0782657503981268,-0.04667855879569849,0.0,0.0
2003-06-17,-0.0029145380135556,1.0751231038798763,-0.049457050375226075,0.0,0.0
2003-06-18,-0.0033624863035011,1.0715080171685025,-0.052653238024229054,0.0,0.0
2003-06-19,-0.0128081728638924,1.0577839572595618,-0.06478701911366347,0.0,0.0
2003-06-20,-0.0035757647210202,1.054001570702732,-0.06813112069735683,0.0,0.0
2003-06-23,-0.0085051927517446,1.0450370841832637,-0.07605684513517807,0.0,0.0
2003-06-24,-0.0014244746302831,1.0435484553691396,-0.07737297871910664,0.0,0.0
2003-06-25,-0.0046444327606544,1.0387017647356929,-0.08165805788260871,0.0,0.0
2003-06-26,0.0099286786850566,1.0490147008073547,-0.07254013581631436,0.0,0.0
2003-06-27,-0.0075915285592925,1.0410510757470581,-0.07958097386286223,0.0,0.0
2003-06-30,-0.0020899981443496,1.0388752809305737,-0.08150464791951284,0.0,0.0
2003-07-01,0.0059221374959718305,1.045027643185411,-0.07606519215508101,0.7659872841919797,0.0011489809262879697
2003-07-02,0.0142801581920862,1.0599508032452016,-0.06287125693988094,0.0,0.0
2003-07-03,-0.00605405848655,1.0535337990894895,-0.06854468915979395,0.0,0.0
2003-07-07,0.0143761562885539,1.068679565640474,-0.05515394203535162,0.0,0.0
2003-07-08,0.0033659522969038,1.0722766900790957,-0.051973635276325036,0.0,0.0
2003-07-09,-0.0047008316822938,1.0672360978421866,-0.05643014764726795,0.0,0.0
2003-07-10,-0.0079389394988562,1.0587633750304222,-0.06392109161804094,0.0,0.0
2003-07-11,0.0041797322744837,1.063188722480078,-0.060008532393213465,0.0,0.0
2003-07-14,0.0024678407519704,1.0658125029364498,-0.057688783142948896,0.0,0.0
2003-07-15,-0.0099665418121774,1.0551900380619923,-0.06708036728583844,0.0,0.0
2003-07-16,-0.0114523234247724,1.0431056604715085,-0.07776446464900078,0.0,0.0
2003-07-17,-0.0128920204981798,1.0296579209149423,-0.0896539440748958,0.0,0.0
2003-07-18,0.0094277612770361,1.0393652899903378,-0.08107141878014246,0.0,0.0
2003-07-21,-0.0137569239770162,1.0250668207115914,-0.09371304941229142,0.0,0.0
2003-07-22,0.0104489406291821,1.0357776830621512,-0.08424331087259795,0.0,0.0
2003-07-23,0.0084884656914474,1.0445698463887911,-0.07646994163522658,0.0,0.0
2003-07-24,-0.0006467639134354,1.043894256307084,-0.07706724754994976,0.0,0.0
2003-07-25,0.0103556172422047,1.0547044256667364,-0.06750970922528243,0.0,0.0
2003-07-28,-0.0029244241122344,1.0516200226130363,-0.07023670631604839,0.0,0.0
2003-07-29,-0.0022780922575337,1.0492243351816541,-0.07235479287672886,0.0,0.0
2003-07-30,-0.0011692155228925,1.0479975658019631,-0.07343941005263432,0.0,0.0
2003-07-31,-0.0009689497196209,1.046982108854416,-0.07433720067647553,0.0,0.0
2003-08-01,-0.006434975859155089,1.0402448042589705,-0.08029381844384043,0.8451538599533261,0.0012677307899299892
2003-08-04,-0.0010200461007533,1.039183706602557,-0.08123196114817555,0.0,0.0
2003-08-05,-0.0189278185329899,1.0195142259815442,-0.09862223586147378,0.0,0.0
2003-08-06,0.0011024944472012,1.0206382347545313,-0.09762847188168056,0.0,0.0
2003-08-07,0.0082605457821283,1.0290692636197116,-0.09017439056117027,0.0,0.0
2003-08-08,0.0009837507440824,1.0300816112735098,-0.08927934894089962,0.0,0.0
2003-08-11,0.0060881802045754,1.0363529337483623,-0.08373471750122352,0.0,0.0
2003-08-12,0.0113386235600615,1.0481037495395003,-0.07334553038181657,0.0,0.0
2003-08-13,-0.0007285398247294,1.0473401642175124,-0.0740206350666971,0.0,0.0
2003-08-14,0.0056088835337776,1.0532145732188558,-0.06882692465410489,0.0,0.0
2003-08-15,-0.0011105122456302,1.0520449655380202,-0.0698610037570776,0.0,0.0
2003-08-18,0.0107200709546391,1.0633229622160587,-0.05988984771967654,0.0,0.0
2003-08-19,0.0073298656855529,1.0711169767094666,-0.05299896657383718,0.0,0.0
2003-08-20,0.0023604483508382,1.0736452930106952,-0.05076361954624442,0.0,0.0
2003-08-21,0.0078401310275076,1.0820628127849659,-0.04332148194740992,0.0,0.0
2003-08-22,-0.011625978952198,1.0694827732985717,-0.05444380626230927,0.0,0.0
2003-08-25,-0.002875635221631,1.0664073309667466,-0.0571628809570528,0.0,0.0
2003-08-26,0.0084224019285544,1.0753890421277055,-0.049221927787312825,0.0,0.0
2003-08-27,0.0061724670939326,1.0820268456034146,-0.043353281422947254,0.0,0.0
2003-08-28,0.0065122450438506,1.0890732695660088,-0.03712336357117774,0.0,0.0
2003-08-29,0.0050889577459906,1.094615517417118,-0.03222332505379,0.0,0.0
2003-09-02,0.0117538423298844,1.1074814556206836,-0.02084823060593255,0.0,0.0
2003-09-03,0.0008874262861478237,1.1084642637758226,-0.019979305587644047,0.7609654835445173,0.001141448225316776
2003-09-04,0.0045540424420873,1.113512257078595,-0.015516249751166167,0.0,0.0
2003-09-05,-0.0065644931568468,1.1062026134869374,-0.02197888659270164,0.0,0.0
2003-09-08,0.0128248025815781,1.120389443620133,-0.00943595889263793,0.0,0.0
2003-09-09,-0.008175934220372,1.1112292132278956,-0.017534745333797508,0.0,0.0
2003-09-10,-0.0179588016122998,1.0912728682417439,-0.03517864393332548,0.0,0.0
2003-09-11,0.0083079284020792,1.100339085098228,-0.02716297718632643,0.0,0.0
2003-09-12,0.0043924703222579,1.1051722918739424,-0.022889819435223613,0.0,0.0
2003-09-15,0.0008544422240393,1.1061165977449579,-0.022054935239410378,0.0,0.0
2003-09-16,0.0213091506137697,1.1296870029226957,-0.0012157565624341116,0.0,0.0
2003-09-17,-0.0003281502357334,1.1293162958663816,-0.001543507847365011,0.0,0.0
2003-09-18,0.0153213452034235,1.146618940679202,0.0,0.0,0.0
2003-09-19,-0.0017058290225272,1.144663004812412,-0.0017058290225272499,0.0,0.0
2003-09-22,-0.012111230148212,1.130799727718985,-0.013796399482853938,0.0,0.0
2003-09-23,0.0108150841502633,1.1430294219313606,-0.003130524553968339,0.0,0.0
2003-09-24,-0.0252732241950405,1.1141413830893618,-0.028324630300108233,0.0,0.0
2003-09-25,-0.0133263441799263,1.0992939515532139,-0.04127351070788621,0.0,0.0
2003-09-26,-0.0130322736582348,1.08496765194573,-0.05376789667973969,0.0,0.0
2003-09-29,0.0143045431403935,1.1004876185289192,-0.04023247873696978,0.0,0.0
2003-09-30,-0.0101989925647228,1.0892637534899732,-0.05002114055019391,0.0,0.0
2003-10-01,0.023624542304634715,1.1149971111152022,-0.027578324796613374,0.5310836439699227,0.0007966254659548841
2003-10-02,0.0062453825653294,1.1219606946333538,-0.021505179420149734,0.0,0.0
2003-10-03,0.0174579860406562,1.141547868778428,-0.004422630501612179,0.0,0.0
2003-10-06,0.0085881814196821,1.1513516889747486,0.0,0.0,0.0
2003-10-07,0.0112235670097102,1.1642739618076998,0.0,0.0,0.0
2003-10-08,-0.0041601093422292,1.1594304548222694,-0.004160109342229212,0.0,0.0
2003-10-09,0.0108470605361868,1.172006867153225,0.0,0.0,0.0
2003-10-10,0.0013822116806958,1.1736268287348601,0.0,0.0,0.0
2003-10-13,0.0109716053026294,1.1865033990723157,0.0,0.0,0.0
2003-10-14,0.0058891901283642,1.193490943177403,0.0,0.0,0.0
2003-10-15,-0.003958982898412,1.188765932943954,-0.003958982898412122,0.0,0.0
2003-10-16,0.0022501531782276,1.1914408383861363,-0.0017177380381360186,0.0,0.0
2003-10-17,-0.0191481138872885,1.168626993522752,-0.0208329604818418,0.0,0.0
2003-10-20,0.0102570311417182,1.1806136369883675,-0.010789613664559994,0.0,0.0
2003-10-21,0.0112950303222389,1.193948703817,0.0,0.0,0.0
2003-10-22,-0.0197107912773163,1.1704150301202407,-0.019710791277316342,0.0,0.0
2003-10-23,-0.0021094262121261,1.1679461259766388,-0.021778639029660263,0.0,0.0
2003-10-24,-0.0052226926435092,1.1618463023364856,-0.02688758853532358,0.0,0.0
2003-10-27,0.0060406804307492,1.1688646445585478,-0.021009327434469927,0.0,0.0
2003-10-28,0.0265342069346827,1.1998795409158987,0.0,0.0,0.0
2003-10-29,0.0061424797937019,1.207249776750851,0.0,0.0,0.0
2003-10-30,0.0030827302601502,1.2109714021692004,0.0,0.0,0.0
2003-10-31,-0.0015857636484107,1.2090510877403755,-0.0015857636484107873,0.0,0.0
2003-11-03,0.015188800743949795,1.2274151238013198,0.0,0.5111076736218039,0.0007666615104327058
2003-11-04,0.0018383122662395,1.2296714960791717,0.0,0.0,0.0
2003-11-05,0.0032824348083868,1.2337078126007832,0.0,0.0,0.0
2003-11-06,0.0084737008896551,1.244161883589993,0.0,0.0,0.0
2003-11-07,0.002138795412046,1.2468228913184578,0.0,0.0,0.0
2003-11-10,-0.0191198111764005,1.2229838730660352,-0.019119811176400492,0.0,0.0
2003-11-11,-0.00431421895167,1.2177076528632669,-0.023351543076340908,0.0,0.0
2003-11-12,0.0201973836435594,1.2423021614938445,-0.003625799506963512,0.0,0.0
2003-11-13,-0.0015259023789,1.2404065296703084,-0.0051461692697705175,0.0,0.0
2003-11-14,-0.0143399393444348,1.2226191752723954,-0.019412312859020453,0.0,0.0
2003-11-17,-0.0129044351675969,1.206841965390432,-0.03206624309387496,0.0,0.0
2003-11-18,-0.0100986563774681,1.1946544830800458,-0.04184107350102173,0.0,0.0
2003-11-19,0.0098196573141285,1.206385580712679,-0.03243228119032859,0.0,0.0
2003-11-20,-0.0083717865061108,1.196285978186902,-0.04053255156240787,0.0,0.0
2003-11-21,0.0062387005931797,1.2037492482286292,-0.03454672142270365,0.0,0.0
2003-11-24,0.0290444845220087,1.2387115246371854,-0.006505628616342629,0.0,0.0
2003-11-25,0.0059927011378385,1.2461347526003321,-0.0005519137665157547,0.0,0.0
2003-11-26,0.0055696300161768,1.253075262122616,0.0,0.0,0.0
2003-11-28,0.0080014401042538,1.2631016687786123,0.0,0.0,0.0
2003-12-01,0.0120242690514631,1.2782895430833585,0.0,0.0,0.0
2003-12-02,-0.005910270297102113,1.2707345063657767,-0.005910270297102116,0.46236616990874213,0.0006935492548631132
2003-12-03,-0.004060341950979,1.265574889741023,-0.009946614529652287,0.0,0.0
2003-12-04,-0.0044216789974651,1.259978923831336,-0.014324312790555682,0.0,0.0
2003-12-05,-0.0155503379349001,1.2403858257749067,-0.029651902820877596,0.0,0.0
2003-12-08,0.0029982466296596,1.244104808396514,-0.02674255990891361,0.0,0.0
2003-12-09,-0.0184031011296302,1.2212094217917338,-0.044653515004074884,0.0,0.0
2003-12-10,-0.0098930805775664,1.2091278985798648,-0.05410483475963446,0.0,0.0
2003-12-11,0.0176696277672786,1.2304927384708026,-0.037391219282968846,0.0,0.0
2003-12-12,0.0018210022991963,1.2327334685767022,-0.035638306480056614,0.0,0.0
2003-12-15,-0.0071569476357843,1.22391085969322,-0.04254019262253517,0.0,0.0
2003-12-16,0.0070926316040269,1.232591608537192,-0.035749282933144166,0.0,0.0
2003-12-17,0.0039734776614727,1.2374892837594331,-0.03191785424881999,0.0,0.0
2003-12-18,0.0152958197830704,1.2564176968272982,-0.017110244212201975,0.0,0.0
2003-12-19,-0.0056139206655737,1.249364267554487,-0.022628109324199785,0.0,0.0
2003-12-22,0.0053148122867903,1.2560044041143623,-0.01743356119087247,0.0,0.0
2003-12-23,0.0084046676816157,1.2665607037375892,-0.009175416797573277,0.0,0.0
2003-12-24,-0.0017440610045168,1.264351744604347,-0.010903475315453326,0.0,0.0
2003-12-26,0.005333607812377,1.2710953009469612,-0.005628022364200902,0.0,0.0
2003-12-29,0.0144408164368706,1.289450954861705,0.0,0.0,0.0
2003-12-30,-0.0035814618882428,1.2848328354101095,-0.0035814618882428206,0.0,0.0
2003-12-31,0.000879698031418,1.2859631003261212,-0.0027049144617973253,0.0,0.0
2004-01-02,-0.0028078885906445755,1.2823522592087255,-0.005505207953986013,0.5022485763161838,0.0007533728644742757
2004-01-05,0.0148278332440987,1.301366764668466,0.0,0.0,0.0
2004-01-06,0.0025219424712788,1.304648736782994,0.0,0.0,0.0
2004-01-07,0.0038456296965352,1.309665932708714,0.0,0.0,0.0
2004-01-08,0.0114500963970238,1.3246617338861268,0.0,0.0,0.0
2004-01-09,-0.0032497222933007,1.3203569511184348,-0.003249722293300672,0.0,0.0
2004-01-12,0.0058828284676022,1.3281243845778707,0.0,0.0,0.0
2004-01-13,-0.0086289893596363,1.3166640133950749,-0.008628989359636186,0.0,0.0
2004-01-14,0.0071925472694502,1.326134181549403,-0.001498506504042818,0.0,0.0
2004-01-15,0.0055575912299683,1.3335042932465433,0.0,0.0,0.0
2004-01-16,0.0153981129771218,1.3540377430094306,0.0,0.0,0.0
2004-01-20,-0.0003275593167696,1.3535942153314502,-0.0003275593167695323,0.0,0.0
2004-01-21,0.0037803088077317,1.3587112194657625,0.0,0.0,0.0
2004-01-22,-0.0022922462359561,1.3555967187871907,-0.0022922462359561413,0.0,0.0
2004-01-23,-0.0035478830827094,1.3507872201216293,-0.0058319966970235,0.0,0.0
2004-01-26,0.0089367773842988,1.3628589048014121,0.0,0.0,0.0
2004-01-27,-0.0114162067270573,1.3473002258043882,-0.011416206727057343,0.0,0.0
2004-01-28,-0.0158954519377861,1.3258842798193462,-0.027130192899501693,0.0,0.0
2004-01-29,-0.0091747529073852,1.3137196191682172,-0.03605603299070437,0.0,0.0
2004-01-30,0.00984262666128,1.326650070917289,-0.02656829240103853,0.0,0.0
2004-02-02,-0.0021360242489624,1.323816314195922,-0.02864756613317876,0.0,0.0
2004-02-03,-0.006357400658360447,1.3154002834885046,-0.034822842735743764,0.46246467123016444,0.0006936970068452467
2004-02-04,-0.0167423212790806,1.2933774293317464,-0.050982148793891624,0.0,0.0
2004-02-05,0.0051998480995846,1.3001027954997026,-0.04604740012382569,0.0,0.0
2004-02-06,0.0273711123718034,1.3356880552102208,-0.019936656315240886,0.0,0.0
2004-02-09,-4.126921443897404e-05,1.3356329324134468,-0.019977102759535126,0.0,0.0
2004-02-10,0.0039853658378923,1.3409559182742514,-0.01607135298452067,0.0,0.0
2004-02-11,0.0161995366542448,1.3626787828240619,-0.000132164802031709,0.0,0.0
2004-02-12,-0.0030866169240207,1.3584727154309932,-0.0032183737839377446,0.0,0.0
2004-02-13,-0.0069471319781082,1.3490352261882352,-0.010143147294613852,0.0,0.0
2004-02-17,0.0149708003888246,1.3692313632769924,0.0,0.0,0.0
2004-02-18,0.0042090064271524,1.374994466885284,0.0,0.0,0.0
2004-02-19,-0.0091686665626464,1.3623876010929292,-0.009168666562646366,0.0,0.0
2004-02-20,-0.013293611645329,1.3442765494135884,-0.02234039351538597,0.0,0.0
2004-02-23,-0.0137517437838069,1.3257904027314726,-0.03578491793153993,0.0,0.0
2004-02-24,0.0020451617110459,1.3285018585000112,-0.0338129421644805,0.0,0.0
2004-02-25,0.0127399348143262,1.3454268855780127,-0.021503782029210217,0.0,0.0
2004-02-26,0.0061094138913189,1.353646655282517,-0.01552574364253645,0.0,0.0
2004-02-27,0.0031505242553929,1.357911351903216,-0.012424133619072464,0.0,0.0
2004-03-01,0.0154804164722545,1.3789323851630797,0.0,0.0,0.0
2004-03-02,-0.002349246673334253,1.3756929328444825,-0.0023492466733342487,0.46749306912883537,0.000701239603693253
2004-03-03,-0.0024775118867188,1.3722846372508852,-0.004820938273495057,0.0,0.0
2004-03-04,0.0052081783235924,1.3794317403524141,0.0,0.0,0.0
2004-03-05,0.0051705046408342,1.3865640985676202,0.0,0.0,0.0
2004-03-08,-0.0180206624644416,1.3615772949620204,-0.01802066246444156,0.0,0.0
2004-03-09,-0.009701186753058,1.3483683793448704,-0.027547027405518176,0.0,0.0
2004-03-10,-0.0202638499365824,1.3210452448465932,-0.04725266851255616,0.0,0.0
2004-03-11,-0.0130637818068246,1.3037873980109742,-0.059699151768142444,0.0,0.0
2004-03-12,0.0214132418630618,1.331705712902595,-0.03956426228091159,0.0,0.0
2004-03-15,-0.0236074465117879,1.3002675415158047,-0.062237697587124496,0.0,0.0
2004-03-16,0.0101004527276743,1.3134008323522144,-0.0527658737818083,0.0,0.0
2004-03-17,0.0220494113874558,1.3423605476213754,-0.03187991885258601,0.0,0.0
2004-03-18,-0.0048221122064695,1.3358875344392072,-0.03654830251321528,0.0,0.0
2004-03-19,-0.0114126158127764,1.3206415632395754,-0.047543806590799265,0.0,0.0
2004-03-22,-0.0186214038995293,1.2960493632839856,-0.06527987806488011,0.0,0.0
2004-03-23,0.0063461984640958,1.3042743497626508,-0.05934795866269593,0.0,0.0
2004-03-24,0.0014686934157665,1.3061899289125005,-0.05796642920305639,0.0,0.0
2004-03-25,0.0251866288238154,1.3390884498254254,-0.03423977931582045,0.0,0.0
2004-03-26,0.0016043445715541,1.3412368091107336,-0.032690367148342836,0.0,0.0
2004-03-29,0.017495172097023,1.3647019779089877,-0.01576711865049507,0.0,0.0
2004-03-30,0.0091529378471938,1.377193010292731,-0.006758496260338753,0.0,0.0
2004-03-31,0.0009698162987824,1.378528634520682,-0.005795234461384968,0.0,0.0
2004-04-01,0.01090227535155201,1.3935577332742255,0.0,0.4916481864507937,0.0007374722796761906
2004-04-02,0.017611607880289,1.4181005256311956,0.0,0.0,0.0
2004-04-05,0.0030704827820099,1.4224547788783053,0.0,0.0,0.0
2004-04-06,-0.0074671551612499,1.4118330883345596,-0.007467155161249961,0.0,0.0
2004-04-07,-0.0035325134678705,1.4068457689356324,-0.010973290802946734,0.0,0.0
2004-04-08,-0.0013826783850187,1.40490055369987,-0.012340796655959663,0.0,0.0
2004-04-12,0.0072687158601475,1.4151123766364782,-0.0051617825401922834,0.0,0.0
2004-04-13,-0.0225524068125957,1.3831981866330332,-0.02759777873306346,0.0,0.0
2004-04-14,-0.0051449424622153,1.3760817115489656,-0.03260073221161219,0.0,0.0
2004-04-15,-0.0094857364159254,1.3630285631464367,-0.041777226674811985,0.0,0.0
2004-04-16,0.0059463255037834,1.3711335746538598,-0.036079322159482285,0.0,0.0
2004-04-19,0.0042112781612379,1.3769077995329397,-0.032019984059726836,0.0,0.0
2004-04-20,-0.0263761262118693,1.3405903056303516,-0.05755154713073474,0.0,0.0
2004-04-21,0.0129673043142319,1.3579741480841696,-0.045330531241901895,0.0,0.0
2004-04-22,0.0153719295918389,1.3788488310760567,-0.03065541938467431,0.0,0.0
2004-04-23,0.0031301027549168,1.3831647696008218,-0.027621271242426526,0.0,0.0
2004-04-26,-0.0032995019238301,1.3786010147825498,-0.030829636728653576,0.0,0.0
2004-04-27,-0.0008207991976998,1.377469460175668,-0.03162513098526121,0.0,0.0
2004-04-28,-0.0158614177185122,1.3556208416733282,-0.04698492929081366,0.0,0.0
2004-04-29,-0.0192814462428545,1.3294825112889106,-0.06536043814532311,0.0,0.0
2004-04-30,-0.0091506012051737,1.3173169470188528,-0.07391295204643356,0.0,0.0
2004-05-03,0.008648604701447876,1.3287099005601368,-0.06590359124955258,0.5290099857446835,0.0007935149786170252
2004-05-04,0.0077789566189503,1.3390458772357638,-0.05863729580796562,0.0,0.0
2004-05-05,0.0056697930004626,1.3466379901778134,-0.05329996413684113,0.0,0.0
2004-05-06,-0.0121451128541401,1.3302829198134314,-0.06479774291141771,0.0,0.0
2004-05-07,-0.0142887040622657,1.3112749008531306,-0.07816057120131936,0.0,0.0
2004-05-10,-0.0202528340591147,1.28471786788027,-0.0968304321819281,0.0,0.0
2004-05-11,0.0139619251709372,1.3026550026173804,-0.08422044625938441,0.0,0.0
2004-05-12,-0.0018547761402254,1.3002388691995803,-0.08591901232536892,0.0,0.0
2004-05-13,-0.0008089814898628,1.2991870000219978,-0.08665848692463307,0.0,0.0
2004-05-14,-0.0020396878332047,1.2965370641049951,-0.0885214184964137,0.0,0.0
2004-05-17,-0.0152328862815876,1.2767870624476203,-0.1024058680765606,0.0,0.0
2004-05-18,0.0114598295033124,1.291418824495305,-0.09211959236154432,0.0,0.0
2004-05-19,-0.0011923632750263,1.2898789841162994,-0.09320211561772829,0.0,0.0
2004-05-20,-0.0030882721971318,1.2858954867119885,-0.09600255431248395,0.0,0.0
2004-05-21,0.0071486802381311,1.2950879423661485,-0.08954016563717648,0.0,0.0
2004-05-24,0.0069797593531625,1.3041273445450465,-0.08318537509260393,0.0,0.0
2004-05-25,0.0273952938300801,1.3398542963407003,-0.058068969055551034,0.0,0.0
2004-05-26,0.0062611047309186,1.3482432644142608,-0.05217144022150566,0.0,0.0
2004-05-27,0.0080984008779483,1.3591618788504811,-0.04449554458085103,0.0,0.0
2004-05-28,0.0022282833555404,1.3621904766426087,-0.04236640990669571,0.0,0.0
2004-06-01,0.0012912900668852,1.363949459674303,-0.041129827164092636,0.0,0.0
2004-06-02,0.0026650384011658915,1.3675844373615844,-0.038574401331752384,0.5957831083258057,0.0008936746624887085
2004-06-03,-0.0163784135984198,1.3451855738157141,-0.05432102743084932,0.0,0.0
2004-06-04,0.0080164180087806,1.3559691436748023,-0.04674006948462084,0.0,0.0
2004-06-07,0.0245975611368804,1.3893226775860668,-0.023292200064430335,0.0,0.0
2004-06-08,0.0006516034578381,1.3902279650468348,-0.022655773884694863,0.0,0.0
2004-06-09,-0.0138096856556308,1.3710293538598708,-0.036152590424692876,0.0,0.0
2004-06-10,0.0037841442381067,1.3762175266895549,-0.032505252803334383,0.0,0.0
2004-06-14,-0.0093151190071975,1.3633978966486506,-0.041517581512309776,0.0,0.0
2004-06-15,0.0106681037908107,1.3779427669182716,-0.031292391590215796,0.0,0.0
2004-06-16,0.002851198371976,1.381871555091985,-0.028530414034197094,0.0,0.0
2004-06-17,-0.0068505891948943,1.3724049207479398,-0.03518555308298299,0.0,0.0
2004-06-18,0.006397598240989,1.3811850160548416,-0.02901305787450592,0.0,0.0
2004-06-21,-0.0091066928548757,1.3686069883378735,-0.03785553772253769,0.0,0.0
2004-06-22,0.0102311426741412,1.3826094017003852,-0.028011700455842004,0.0,0.0
2004-06-23,0.0151661416796251,1.403578251774155,-0.01327038819401738,0.0,0.0
2004-06-24,0.0009901317044326,1.4049679791008887,-0.012293395921665784,0.0,0.0
2004-06-25,0.0062848450497495,1.4137979851493974,-0.006085812960419323,0.0,0.0
2004-06-28,-0.0041533975879481,1.407925920008032,-0.010213933747496795,0.0,0.0
2004-06-29,0.0011300553808882,1.4095169542698291,-0.00909542067739999,0.0,0.0
2004-06-30,0.0120917826475617,1.4265605269189132,0.0,0.0,0.0
2004-07-01,-0.013476845368543176,1.4073349912887596,-0.0134768453685431,0.6277380342649848,0.0009416070513974771
2004-07-02,-0.0060452290621049,1.3988273288993036,-0.019440603813360657,0.0,0.0
2004-07-06,-0.0104476617533632,1.3842128541156031,-0.029685156713800787,0.0,0.0
2004-07-07,0.0049456171260569,1.3910586409130254,-0.024886351007177177,0.0,0.0
2004-07-08,-0.0140664661345957,1.3714913616493856,-0.03860275412811687,0.0,0.0
2004-07-09,0.0054347694511347,1.378945101004173,-0.03337778174584727,0.0,0.0
2004-07-12,-0.0041755232121347,1.3731872837266705,-0.037413935255532604,0.0,0.0
2004-07-13,0.0029342824399932,1.3772166030601316,-0.034589435868770835,0.0,0.0
2004-07-14,-0.0028669656251907,1.3732681704007164,-0.03735723477033093,0.0,0.0
2004-07-15,0.0018759914777086,1.3758444097849967,-0.03555132514668213,0.0,0.0
2004-07-16,-0.0122653658060367,1.3589691748067931,-0.04738064094490535,0.0,0.0
2004-07-19,-0.0035245331373996,1.354179442917482,-0.05073817944322345,0.0,0.0
2004-07-20,0.0107338085708563,1.3687149458283472,-0.04054898477774438,0.0,0.0
2004-07-21,-0.0204010824255265,1.340791679401453,-0.06012282402254876,0.0,0.0
2004-07-22,0.002691659390284,1.3444006339157284,-0.05759299479611557,0.0,0.0
2004-07-23,-0.0043326944479543,1.3385757567533356,-0.06167615639527557,0.0,0.0
2004-07-26,-0.0034689106404715,1.333932357067657,-0.06493111796056406,0.0,0.0
2004-07-27,0.0145943604937598,1.353400246760993,-0.051284385609583594,0.0,0.0
2004-07-28,0.0006001444840972,1.3542124824538624,-0.05071501916663024,0.0,0.0
2004-07-29,0.0120472194566529,1.370526977420923,-0.039278774675625905,0.0,0.0
2004-07-30,0.0050782887613778,1.3774869091675248,-0.034399954874244076,0.0,0.0
2004-08-02,0.0004189609437069,1.3780640223829335,-0.03399540616809482,0.0,0.0
2004-08-03,-0.012495121379978708,1.360844945153877,-0.04606575082164144,0.5606682092452044,0.0008410023138678067
2004-08-04,-0.0037210107295952,1.3557812265116442,-0.04961535039816234,0.0,0.0
2004-08-05,-0.0214357024703437,1.326719103525263,-0.0699875129794092,0.0,0.0
2004-08-06,-0.0253019552733653,1.2931505161075474,-0.09351864732967541,0.0,0.0
2004-08-09,0.0046678253055127,1.2991867168104712,-0.08928735073270544,0.0,0.0
2004-08-10,0.020684390950322,1.3260596027784444,-0.07044981425185715,0.0,0.0
2004-08-11,-0.0077044815999303,1.315843000968427,-0.07761151655416543,0.0,0.0
2004-08-12,-0.0144972460908505,1.2967669011664644,-0.09098360939004613,0.0,0.0
2004-08-13,-0.000600611044068,1.295988048644042,-0.09152957467348533,0.0,0.0
2004-08-16,0.019953315442892,1.3218473069888546,-0.07340257770640712,0.0,0.0
2004-08-17,0.0046334816862604,1.32797206227782,-0.06910920551967381,0.0,0.0
2004-08-18,0.0145146151839599,1.347247065736832,-0.055597683859501146,0.0,0.0
2004-08-19,-0.0063555068107743,1.338684627834746,-0.06159983921184309,0.0,0.0
2004-08-20,0.0142505880355886,1.3577616709755942,-0.04822708510792095,0.0,0.0
2004-08-23,-0.0062198200995094,1.3493166376441168,-0.05414694141413534,0.0,0.0
2004-08-24,-0.0006072772112037,1.3484972283993775,-0.05472133642176191,0.0,0.0
2004-08-25,0.0117066076740119,1.3642835564017415,-0.04365532996463706,0.0,0.0
2004-08-26,-0.0032694485619269,1.3598231014902034,-0.04678204967079058,0.0,0.0
2004-08-27,0.0038888066264985,1.3651111905781443,-0.04307516938905298,0.0,0.0
2004-08-30,-0.0093472779747341,1.3523511168133902,-0.0520198117816989,0.0,0.0
2004-08-31,0.0047414616280381,1.3587632377413954,-0.047525000095121395,0.0,0.0
2004-09-01,0.008757000379409161,1.370661927929824,-0.0391841761595767,0.5951571643815592,0.0008927357465723388
2004-09-02,0.0124365117677011,1.387708181126063,-0.02723497885979198,0.0,0.0
2004-09-03,-0.0048553009604193,1.38097044026146,-0.03195804580119621,0.0,0.0
2004-09-07,0.0048559184954409,1.3876763201639828,-0.027257312971439518,0.0,0.0
2004-09-08,-0.004351653543566,1.3816376335880185,-0.03149035213242524,0.0,0.0
2004-09-09,0.0034127387237885,1.3863528018424078,-0.02818508175278489,0.0,0.0
2004-09-10,0.0079373585033569,1.3973567810427643,-0.02047143834774623,0.0,0.0
2004-09-13,0.0063695511721768,1.4062573165654044,-0.01423228104969343,0.0,0.0
2004-09-14,0.002921885311943,1.4103662391634892,-0.011351980830704989,0.0,0.0
2004-09-15,-0.0063746910637748,1.4013755901020442,-0.01765430652372213,0.0,0.0
2004-09-16,0.0077432170544839,1.41222674547106,-0.010047790596597661,0.0,0.0
2004-09-17,-3.475860841902788e-05,1.4121776584346153,-0.0100821999577978,0.0,0.0
2004-09-20,-0.0048342611154366,1.4053508228923566,-0.014867721086020413,0.0,0.0
2004-09-21,0.012521706487472,1.422948213408542,-0.002532183838125035,0.0,0.0
2004-09-22,-0.0113092433602263,1.4068557457741055,-0.013812790115093176,0.0,0.0
2004-09-23,-0.0023989805194179,1.4034807262463624,-0.01617863402010611,0.0,0.0
2004-09-24,0.0041390781203686,1.4092898426127276,-0.012106520529827636,0.0,0.0
2004-09-27,-0.0105132605352481,1.3944736113276612,-0.022492502060570407,0.0,0.0
2004-09-28,0.0098307183262631,1.4081822886140305,-0.01288290118651747,0.0,0.0
2004-09-29,-0.0013154909461766,1.4063298375627926,-0.014181444792822684,0.0,0.0
2004-09-30,0.0117131094945016,1.4228023329355501,-0.002634444113969736,0.0,0.0
2004-10-01,0.010549590736029292,1.437812315246288,0.0,0.5741665200920723,0.0008612497801381083
2004-10-04,0.004042805500787,1.4436251107834652,0.0,0.0,0.0
2004-10-05,-0.0013632043824599,1.4416571547058161,-0.0013632043824598483,0.0,0.0
2004-10-06,0.0098086832284329,1.4557979130603296,0.0,0.0,0.0
2004-10-07,-0.0116866899256592,1.4387844542559716,-0.011686689925659355,0.0,0.0
2004-10-08,-0.0055034364530137,1.4308661954423898,-0.017125809423321092,0.0,0.0
2004-10-11,-0.0005523190761103,1.4300759007472856,-0.01766866958819302,0.0,0.0
2004-10-12,-0.0029969045692009,1.425790099746032,-0.020612622840773365,0.0,0.0
2004-10-13,-0.0139320021508159,1.4059259890097582,-0.034257449885837676,0.0,0.0
2004-10-14,0.0042152321108094,1.4118522933840534,-0.030186620877821646,0.0,0.0
2004-10-15,0.00621748964173,1.4206304703938215,-0.02415681623871835,0.0,0.0
2004-10-18,-0.0019026610411125,1.417927492143986,-0.026013515046696023,0.0,0.0
2004-10-19,-0.0099830310844927,1.4037722779143558,-0.03573685240186064,0.0,0.0
2004-10-20,0.0020394040592108,1.406635136796142,-0.0337703302245016,0.0,0.0
2004-10-21,0.0093632170148853,1.4198057668427273,-0.024723312140172538,0.0,0.0
2004-10-22,-0.005198215405144,1.4124253106332132,-0.029793010443283308,0.0,0.0
2004-10-25,0.0041193189508317,1.418243540981939,-0.02579641840497293,0.0,0.0
2004-10-26,0.0235801890249148,1.4516859917616576,-0.0028245138022131577,0.0,0.0
2004-10-27,0.0108431319578695,1.4674268145317197,0.0,0.0,0.0
2004-10-28,-0.0080289543050264,1.4556449116918742,-0.00802895430502637,0.0,0.0
2004-10-29,0.0089705519263789,1.4687028499585755,0.0,0.0,0.0
2004-11-01,0.0026300296714526,1.4725655820325134,0.0,0.0,0.0
2004-11-02,-0.0007547507441590957,1.4714541620636512,-0.000754750744159205,0.46909962921635473,0.0007036494438245321
2004-11-03,0.017392342707761,1.4970461971290234,0.0,0.0,0.0
2004-11-04,0.0184106852160171,1.5246078434182013,0.0,0.0,0.0
2004-11-05,0.0063197426043214,1.5342429725611337,0.0,0.0,0.0
2004-11-08,-0.0031188942363856,1.5294578309967977,-0.003118894236385672,0.0,0.0
2004-11-09,0.0059074228778511,1.5384929851783367,0.0,0.0,0.0
2004-11-10,0.0039976117032893,1.5446432827413141,0.0,0.0,0.0
2004-11-11,0.0098204903897004,1.5598124372549904,0.0,0.0,0.0
2004-11-12,0.0125181855972634,1.579338458841468,0.0,0.0,0.0
2004-11-15,-0.0041279779507897,1.5728189845065363,-0.004127977950789674,0.0,0.0
2004-11-16,-0.0077714660760805,1.5605958751246285,-0.011867363586262725,0.0,0.0
2004-11-17,0.0104352040373977,1.576881011501475,-0.001555997909273743,0.0,0.0
2004-11-18,0.0040999973775844,1.5833462195133938,0.0,0.0,0.0
2004-11-19,-0.006917734929904,1.5723930500645347,-0.006917734929903996,0.0,0.0
2004-11-22,0.0148704612207011,1.5957752599392192,0.0,0.0,0.0
2004-11-23,0.0033130589105956,1.601062157383469,0.0,0.0,0.0
2004-11-24,0.0108079933784167,1.6183664265789028,0.0,0.0,0.0
2004-11-26,0.0077776963963123,1.6309535893028184,0.0,0.0,0.0
2004-11-29,-0.0015203083103301,1.6284740370072386,-0.0015203083103301207,0.0,0.0
2004-11-30,-0.0007556471489456,1.627243485244042,-0.002274806642635574,0.0,0.0
2004-12-01,0.002417856377142745,1.6311779262820032,0.0,0.6261785782585703,0.0009392678673878553
2004-12-02,-0.0101384788864665,1.614640263316323,-0.010138478886466462,0.0,0.0
2004-12-03,0.005548505057869,1.6235991029839725,-0.004646227229978095,0.0,0.0
2004-12-06,-0.0007356947894071,1.6224046295838213,-0.005378503814221669,0.0,0.0
2004-12-07,-0.0172057413665888,1.5944899551352456,-0.02249170403524381,0.0,0.0
2004-12-08,0.0060599880905906,1.6041525452739314,-0.01656801540324404,0.0,0.0
2004-12-09,0.0045159178655205,1.6113967664121542,-0.012126917334479126,0.0,0.0
2004-12-10,-0.0005714074965883,1.610476002219848,-0.012691395419592078,0.0,0.0
2004-12-13,0.0148633884263292,1.6344131325921234,0.0,0.0,0.0
2004-12-14,0.0042449574157055,1.6413511467396469,0.0,0.0,0.0
2004-12-15,0.0073706947908222,1.653449045086831,0.0,0.0,0.0
2004-12-16,-0.0044840217809438,1.646034943554981,-0.004484021780943759,0.0,0.0
2004-12-17,-0.0043318285984181,1.638904602312494,-0.008796426365575316,0.0,0.0
2004-12-20,0.0011577536408217,1.6408020500827807,-0.007648856819404637,0.0,0.0
2004-12-21,0.0100073997237252,1.6572222120654667,0.0,0.0,0.0
2004-12-22,0.0002586822797226,1.6576509060852906,0.0,0.0,0.0
2004-12-23,0.0006280823175947,1.6586920473081475,0.0,0.0,0.0
2004-12-27,-0.0074920017583032,1.6462651235732313,-0.007492001758303224,0.0,0.0
2004-12-28,0.0126071922119547,1.6670199044179563,0.0,0.0,0.0
2004-12-29,0.000353118217782,1.6676085595156116,0.0,0.0,0.0
2004-12-30,-0.0038099609053345,1.661255036098456,-0.003809960905334475,0.0,0.0
2004-12-31,-0.000798678023075,1.6599282282104015,-0.0046055959963655635,0.0,0.0
2005-01-03,-0.02420678501624808,1.6197467024477108,-0.028700894340457972,0.40815557468618796,0.0006122333620292819
2005-01-04,-0.0149808558474113,1.5954815105890219,-0.04325178622706305,0.0,0.0
2005-01-05,-0.0059842066890197,1.5859338194611479,-0.04897716528763063,0.0,0.0
2005-01-06,0.0045479030460875,1.5931464927095684,-0.04465200564074345,0.0,0.0
2005-01-07,-0.0040259816583811,1.5867325141508055,-0.04849821914340502,0.0,0.0
2005-01-10,0.0027238701183142,1.5910545674318584,-0.04590645187500708,0.0,0.0
2005-01-11,-0.0058808280686331,1.5816978490729783,-0.0515173119929222,0.0,0.0
2005-01-12,0.0103137760358613,1.5980111264447205,-0.04173487397492548,0.0,0.0
2005-01-13,0.0012670363474109,1.600035864625493,-0.040520717229795444,0.0,0.0
2005-01-14,0.011718733850337,1.6187862590740332,-0.029276834880099023,0.0,0.0
2005-01-18,0.0144117930376512,1.642115871612002,-0.015286973527537273,0.0,0.0
2005-01-19,-0.0066243075553179,1.631237991036975,-0.021810015468618826,0.0,0.0
2005-01-20,-0.0139916045338469,1.608414354165799,-0.0354964628911516,0.0,0.0
2005-01-21,-0.003384603024994,1.6029705100772456,-0.03876092448046764,0.0,0.0
2005-01-24,-0.0096716934629575,1.5874670706736178,-0.048057734163509225,0.0,0.0
2005-01-25,0.0049765473105054,1.5953671756546945,-0.043320348440704204,0.0,0.0
2005-01-26,0.0115710411284621,1.6138272348591935,-0.03225056884574873,0.0,0.0
2005-01-27,0.0068363679186454,1.6248599515938211,-0.02563467768131844,0.0,0.0
2005-01-28,-0.0077330620260795,1.6122948088044535,-0.03316950515486983,0.0,0.0
2005-01-31,0.0179386395338221,1.6412171842018493,-0.01582588141753616,0.0,0.0
2005-02-01,0.00421522874446024,1.6481352900525992,-0.01167736238333339,0.6995965628806408,0.0010493948443209612
2005-02-02,0.0071951125701972,1.6599938089954422,-0.00456626975000729,0.0,0.0
2005-02-03,0.0021185194794352,1.663510538215541,-0.0024574240019857863,0.0,0.0
2005-02-04,0.0115297075088399,1.682690328159039,0.0,0.0,0.0
2005-02-07,-0.0032483932347118,1.6772242882809323,-0.0032483932347118216,0.0,0.0
2005-02-08,0.0026191922700599,1.6816172611719542,-0.000637709131102504,0.0,0.0
2005-02-09,-0.0119078738199502,1.6615927750124684,-0.01253798919118565,0.0,0.0
2005-02-10,0.0065090737321337,1.672408204897805,-0.0061105261551501755,0.0,0.0
2005-02-11,0.0120771258354045,1.6926060892365187,0.0,0.0,0.0
2005-02-14,0.0056470223021088,1.7021642735711224,0.0,0.0,0.0
2005-02-15,0.0042659450110711,1.7094256127619867,0.0,0.0,0.0
2005-02-16,0.0022715319881191,1.7133086277226854,0.0,0.0,0.0
2005-02-17,-0.0076431191615999,1.7002136057204038,-0.007643119161599876,0.0,0.0
2005-02-18,0.0019624499711404,1.7035501898618823,-0.005695668429437584,0.0,0.0
2005-02-22,-0.018495475049081,1.6720422198304348,-0.024085799385194062,0.0,0.0
2005-02-23,0.0076529587894215,1.6848382900329697,-0.016617168225877776,0.0,0.0
2005-02-24,0.0140443244226893,1.708500705577962,-0.0028062207047390153,0.0,0.0
2005-02-25,0.0159880997171927,1.7358163852256363,0.0,0.0,0.0
2005-02-28,-0.0154445212829689,1.7090075321206928,-0.015444521282968915,0.0,0.0
2005-03-01,-0.0018024266701682304,1.70592717136528,-0.01721911033606882,0.5991178138026869,0.0008986767207040304
2005-03-02,0.005957646455263,1.7160904823307013,-0.01136404925246215,0.0,0.0
2005-03-03,0.0029485843981241,1.7211505199526709,-0.008448972712663427,0.0,0.0
2005-03-04,0.0171995671678234,1.7507535639265308,0.0,0.0,0.0
2005-03-07,0.0007427549119502,1.7520539447357517,0.0,0.0,0.0
2005-03-08,-0.0083652811874702,1.7373975208324208,-0.008365281187470153,0.0,0.0
2005-03-09,-0.0138050866494642,1.713412597512765,-0.02205488440529424,0.0,0.0
2005-03-10,-0.010158408139023,1.6960070530366866,-0.031989250027069316,0.0,0.0
2005-03-11,0.0005704463962586,1.6969745341481206,-0.03143705178320766,0.0,0.0
2005-03-14,0.0071381320662028,1.7090877624858527,-0.024523321544405507,0.0,0.0
2005-03-15,-0.0049115200056644,1.7006935437489672,-0.029314394765699303,0.0,0.0
2005-03-16,-0.008188480611713,1.6867674476395134,-0.037262835024229224,0.0,0.0
2005-03-17,0.0074624758238404,1.6993549089379643,-0.03007843220588491,0.0,0.0
2005-03-18,-0.0002188860644354,1.6989829438298678,-0.030290734520670326,0.0,0.0
2005-03-21,-0.0033992525538648,1.6932076717190814,-0.03358702121785728,0.0,0.0
2005-03-22,-0.0052999603409765,1.684233738209933,-0.0387089716784077,0.0,0.0
2005-03-23,-0.0097170450357917,1.6678679631249473,-0.04804987989311105,0.0,0.0
2005-03-24,0.0078893798196106,1.6810264069750005,-0.04053958382626377,0.0,0.0
2005-03-28,-0.0018966032008182,1.6778381669108717,-0.042359299522637284,0.0,0.0
2005-03-29,-0.0155641808880679,1.6517239901801668,-0.05726419261064297,0.0,0.0
2005-03-30,0.0183322797522503,1.6820038564416526,-0.039981696057117766,0.0,0.0
2005-03-31,0.0056799082428489,1.6915574840103593,-0.0345288801792667,0.0,0.0
2005-04-01,0.005015919290749836,1.700042199825819,-0.029686154964696065,0.42484755170650945,0.0006372713275597642
2005-04-04,0.0014398808544934,1.702490058041179,-0.028289018636379892,0.0,0.0
2005-04-05,0.0006086890920384,1.7035263451688127,-0.02769754876140984,0.0,0.0
2005-04-06,0.0047271602270366,1.7115791871534038,-0.0231013192852646,0.0,0.0
2005-04-07,0.0021594097750025,1.7152751879808337,-0.02099179472494217,0.0,0.0
2005-04-08,-0.0151660753798893,1.6892611951826624,-0.035839506963673884,0.0,0.0
2005-04-11,-0.0004743008093041,1.6884599772306612,-0.03629680906582011,0.0,0.0
2005-04-12,0.0023293590270158,1.692393006720378,-0.0340519983386538,0.0,0.0
2005-04-13,-0.0202489096557895,1.6581238936252072,-0.053611392156484805,0.0,0.0
2005-04-14,-0.0209691870295669,1.6233543835815867,-0.07345639187700681,0.0,0.0
2005-04-15,-0.029649205390746,1.5752232160408084,-0.10092767361772825,0.0,0.0
2005-04-18,0.0044065941728644,1.5821645854855746,-0.09696582674330856,0.0,0.0
2005-04-19,0.0203573680051093,1.6143732921969556,-0.07858242775713242,0.0,0.0
2005-04-20,-0.0192071490490845,1.5833657837528674,-0.0962802324036468,0.0,0.0
2005-04-21,0.0239207170799512,1.621241028700095,-0.07466260752341525,0.0,0.0
2005-04-22,-0.0071306399874153,1.6096805425916079,-0.0812608553360592,0.0,0.0
2005-04-25,0.0166905457952586,1.6365469894034699,-0.065926597568149,0.0,0.0
2005-04-26,-0.0130820236956266,1.6151376429090873,-0.07814616795221696,0.0,0.0
2005-04-27,-0.0071424981458847,1.6036015252892606,-0.08473050723839504,0.0,0.0
2005-04-28,-0.0124836699103484,1.5835826931798183,-0.09615642946504288,0.0,0.0
2005-04-29,0.0109838328193308,1.600976500737291,-0.08622876279145997,0.0,0.0
2005-05-02,0.0126796796663986,1.6212763699200716,-0.07464243621528688,0.0,0.0
2005-05-03,-0.004950005465077358,1.6132510430285665,-0.07922296121317185,0.31679283267363895,0.0004751892490104584
2005-05-04,0.0134545099202519,1.634956545190851,-0.06683435741047439,0.0,0.0
2005-05-05,-0.000990375947733,1.6333373235529054,-0.06775854221814581,0.0,0.0
2005-05-06,0.0066663436608295,1.6442257114657683,-0.06154390028569934,0.0,0.0
2005-05-09,0.0088454626873246,1.6587696486460786,-0.05324282187198437,0.0,0.0
2005-05-10,-0.0110898124843568,1.640374204287851,-0.06374218144564292,0.0,0.0
2005-05-11,0.0052500749510346,1.6489862918081062,-0.05882675772474022,0.0,0.0
2005-05-12,-0.022989204720257,1.6110774083648323,-0.08046358206863424,0.0,0.0
2005-05-13,-0.0104435183167793,1.594252091940825,-0.09006677749224601,0.0,0.0
2005-05-16,0.0094585100599568,1.6093313413905546,-0.08146016495326736,0.0,0.0
2005-05-17,0.0103153778006664,1.6259322021834512,-0.0719850795297986,0.0,0.0
2005-05-18,0.0139410583402782,1.6485994178714276,-0.05904756938287503,0.0,0.0
2005-05-19,0.00607249834384,1.6586105351061076,-0.053333637306320236,0.0,0.0
2005-05-20,-0.0014349202920502,1.6562305611926755,-0.05469202807995077,0.0,0.0
2005-05-23,0.0071954356181878,1.6681478615646126,-0.04789012542864024,0.0,0.0
2005-05-24,0.0022368692564477,1.6718792902313553,-0.04576038012145145,0.0,0.0
2005-05-25,0.0013480194797149,1.674133016082319,-0.044474046525539435,0.0,0.0
2005-05-26,0.0091547698118971,1.6894593184790494,-0.03572642637218737,0.0,0.0
2005-05-27,0.0048794962617692,1.6977030289079789,-0.031021257074347774,0.0,0.0
2005-05-31,-0.0019925718590341,1.6943202336275798,-0.03295201684950366,0.0,0.0
2005-06-01,0.010371932953372881,1.711893609492308,-0.02292186000557228,0.5128422955815466,0.0007692634433723198
2005-06-02,0.0004103422983965,1.7125960718506374,-0.022520923515893965,0.0,0.0
2005-06-03,0.0006859774340301,1.7137708741095357,-0.02185039492718932,0.0,0.0
2005-06-06,0.0061844192202376,1.724369551642462,-0.015801107709309203,0.0,0.0
2005-06-07,-0.0017218118405318,1.7214005117309916,-0.017495713015493575,0.0,0.0
2005-06-08,-0.0024786418137096,1.717133776444474,-0.019930989223362228,0.0,0.0
2005-06-09,0.0071702506928739,1.7294460560947822,-0.012903648719776895,0.0,0.0
2005-06-10,-0.0026974521279691,1.7247809581505615,-0.01556629387304831,0.0,0.0
2005-06-13,0.004093993683776,1.7318422004991272,-0.01153602849806823,0.0,0.0
2005-06-14,0.0056710315320769,1.7416635322267393,-0.005930418147358729,0.0,0.0
2005-06-15,0.0067930487620425,1.7534947375282266,0.0,0.0,0.0
2005-06-16,0.0059953244550408,1.7640075074099149,0.0,0.0,0.0
2005-06-17,0.0109775848999149,1.7833720495865946,0.0,0.0,0.0
2005-06-20,-0.002638581473574,1.7786664771360656,-0.0026385814735739865,0.0,0.0
2005-06-21,-0.0079226035860568,1.7645748077259085,-0.010540280624586118,0.0,0.0
2005-06-22,0.0033382042092554,1.770465318776605,-0.007237262024478497,0.0,0.0
2005-06-23,-0.0053465965879984,1.7609993549440646,-0.01254516389203042,0.0,0.0
2005-06-24,-0.0115931523542515,1.7405838211264595,-0.023992878249972538,0.0,0.0
2005-06-27,0.0047034087433097,1.7487704982892092,-0.019402317820000792,0.0,0.0
2005-06-28,0.0079855359331014,1.7627353679420452,-0.011571719793036506,0.0,0.0
2005-06-29,-0.0001554439764287,1.7624613613470608,-0.011725365015326505,0.0,0.0
2005-06-30,-0.0005413159581898,1.7615073128864707,-0.012260333846317972,0.0,0.0
2005-07-01,0.005571993779097732,1.7713224206757092,-0.006756654571141607,0.37506006464851144,0.0005625900969727671
2005-07-05,0.0111616663765738,1.7910933305806367,0.0,0.0,0.0
2005-07-06,-0.0092321051765011,1.7745577685717866,-0.009232105176501082,0.0,0.0
2005-07-07,0.0089839457898191,1.790500299365538,-0.00033110011911363646,0.0,0.0
2005-07-08,0.0073617815609033,1.803681571454199,0.0,0.0,0.0
2005-07-11,0.0080924748217992,1.8182778191577353,0.0,0.0,0.0
2005-07-12,0.0044640601585684,1.826394720727446,0.0,0.0,0.0
2005-07-13,-0.0021050208848645,1.8225501216963085,-0.002105020884864528,0.0,0.0
2005-07-14,-0.0087906024952653,1.806528808048779,-0.010877118978286693,0.0,0.0
2005-07-15,0.0041508426338756,1.8140274248445523,-0.006771425553599886,0.0,0.0
2005-07-18,-0.0020934111196502,1.8102299196620322,-0.008850661295700335,0.0,0.0
2005-07-19,0.0100940000887813,1.8285023806318152,0.0,0.0,0.0
2005-07-20,0.0085155880763606,1.8440731537019204,0.0,0.0,0.0
2005-07-21,-0.0130102642172738,1.8200812747362771,-0.013010264217273804,0.0,0.0
2005-07-22,0.0169866926555779,1.8509984359583949,0.0,0.0,0.0
2005-07-25,-0.0039148162175477,1.8437521172626494,-0.003914816217547745,0.0,0.0
2005-07-26,0.0046969208201436,1.852412074969404,0.0,0.0,0.0
2005-07-27,0.0008426449954534,1.8539730007338946,0.0,0.0,0.0
2005-07-28,0.0108989521162656,1.8741793636937427,0.0,0.0,0.0
2005-07-29,-0.0060960752499088,1.8627542252608393,-0.00609607524990885,0.0,0.0
2005-08-01,0.0017577334697487,1.866028450708496,-0.004349057055661021,0.0,0.0
2005-08-02,0.01138358847761153,1.8872705506788765,0.0,0.4444638904769789,0.0006666958357154683
2005-08-03,0.0019202732483552,1.8908946258297537,0.0,0.0,0.0
2005-08-04,-0.0043478900272921,1.8826732239434483,-0.004347890027292078,0.0,0.0
2005-08-05,-0.0167257097716092,1.8511841780049905,-0.021000878252185884,0.0,0.0
2005-08-08,-0.0088616776407548,1.8347795805658444,-0.029676452879697113,0.0,0.0
2005-08-09,0.0038380988727886,1.8418216460058299,-0.025952255167254412,0.0,0.0
2005-08-10,0.0035162596816613,1.8482979692004913,-0.02252725035408587,0.0,0.0
2005-08-11,0.0074869447157455,1.86213607391412,-0.015208965916339245,0.0,0.0
2005-08-12,-0.0008923466831385,1.86047440296501,-0.01608774092918841,0.0,0.0
2005-08-15,0.0013054339079018,1.8629031293354237,-0.014803308503797186,0.0,0.0
2005-08-16,-0.0163931156362456,1.8323643429171044,-0.03095375179194093,0.0,0.0
2005-08-17,-0.0064718148921661,1.8205056200747394,-0.037225239732291526,0.0,0.0
2005-08-18,0.000406038262646,1.8212448150138518,-0.036834316341312956,0.0,0.0
2005-08-19,0.0062332141186938,1.8325970239083942,-0.030830698403290224,0.0,0.0
2005-08-22,0.0019776712045477,1.8362212982721176,-0.028914000183190902,0.0,0.0
2005-08-23,0.0004742007842084,1.8370920358517384,-0.028453510440543894,0.0,0.0
2005-08-24,0.0007892088510706,1.838541885146664,-0.027686757351756963,0.0,0.0
2005-08-25,0.0050523394259595,1.8478308227992681,-0.02277430082154286,0.0,0.0
2005-08-26,-0.0079577143154523,1.8331263130081443,-0.03055078375732323,0.0,0.0
2005-08-29,0.0036171141636481,1.839756940158682,-0.027044175266314308,0.0,0.0
2005-08-30,0.0028114343399047,1.8449292959973218,-0.02430877384944785,0.0,0.0
2005-08-31,0.0208369049383615,1.883371912356016,-0.003978388520955556,0.0,0.0
2005-09-01,0.0018929034374509908,1.8869369535229135,-0.002093015788811381,0.6152029970666062,0.0009228044955999093
2005-09-02,-0.0059304789904613,1.8757465135637208,-0.00801108219311042,0.0,0.0
2005-09-06,0.0152897154359363,1.90442614398606,0.0,0.0,0.0
2005-09-07,0.006844576857659,1.9174611350983077,0.0,0.0,0.0
2005-09-08,-0.00086290156455,1.9158065548848675,-0.0008629015645500449,0.0,0.0
2005-09-09,0.0165987001321695,1.947606453400646,0.0,0.0,0.0
2005-09-12,-0.0056243666366722,1.936652400642772,-0.005624366636672207,0.0,0.0
2005-09-13,-0.0083769495300291,1.9204291612253779,-0.013954201131247457,0.0,0.0
2005-09-14,3.5493554586823344e-05,1.9204973240826417,-0.013919202860860347,0.0,0.0
2005-09-15,-0.0003914800492669,1.9197454876955928,-0.01430523381990556,0.0,0.0
2005-09-16,0.0029849903211998,1.9254759093955311,-0.011362944483200743,0.0,0.0
2005-09-19,-0.0037804014091984,1.9181968375542746,-0.015100389401062175,0.0,0.0
2005-09-20,-0.0108414366710909,1.897400828017243,-0.02577811615675274,0.0,0.0
2005-09-21,-0.0060012651462846,1.8860140225595314,-0.031624679993009,0.0,0.0
2005-09-22,0.0032837415574034,1.8922072051832557,-0.0284447857115383,0.0,0.0
2005-09-23,0.0054221568370636,1.9024670494179812,-0.02317686096379923,0.0,0.0
2005-09-26,0.0084923730223563,1.9186235092643802,-0.014881314490234776,0.0,0.0
2005-09-27,0.0024764897100277,1.9233749606424908,-0.01244167820241382,0.0,0.0
2005-09-28,0.001510362642158,1.9262799543299074,-0.010950107006218457,0.0,0.0
2005-09-29,0.0112962892447225,1.9480397698603291,0.0,0.0,0.0
2005-09-30,0.0028662861336908,1.953623409240558,0.0,0.0,0.0
2005-10-03,0.005779489791973341,1.964914355791624,0.0,0.3658990892765064,0.0005488486339147596
2005-10-04,-0.0210662469810541,1.923520984675899,-0.021066246981054082,0.0,0.0
2005-10-05,-0.0281764518873634,1.8693229881968445,-0.048649126773908535,0.0,0.0
2005-10-06,-0.0158079511951521,1.8397728216314528,-0.06368803494733188,0.0,0.0
2005-10-07,0.0080237569535365,1.8545347116019455,-0.056175295307061224,0.0,0.0
2005-10-10,-0.0183674030477181,1.820471725087969,-0.07351090406454996,0.0,0.0
2005-10-11,0.0026221802395736,1.8252453300721971,-0.07108148266500758,0.0,0.0
2005-10-12,-0.0188241097504575,1.790886711657408,-0.0885675467845537,0.0,0.0
2005-10-13,-0.0095217759456886,1.7738342896448953,-0.09724600239370051,0.0,0.0
2005-10-14,0.0146493429129671,1.7998197964246827,-0.08402124951671397,0.0,0.0
2005-10-17,0.0109820071237044,1.8195854302504026,-0.07396196435374469,0.0,0.0
2005-10-18,-0.0193077014312669,1.7844534180344445,-0.09184163025999958,0.0,0.0
2005-10-19,0.0209388272999201,1.8218177799794197,-0.07282585899503669,0.0,0.0
2005-10-20,-0.0201336837121438,1.7851378770161541,-0.09149328989610928,0.0,0.0
2005-10-21,0.0081796506315598,1.7997396811793107,-0.08406202241103167,0.0,0.0
2005-10-24,0.0234914490771406,1.8420181742518436,-0.06254531205268132,0.0,0.0
2005-10-25,-0.0010090031679534,1.8401595720785957,-0.06349120680263298,0.0,0.0
2005-10-26,-0.0079865899072278,1.8254629722125442,-0.07097071847841308,0.0,0.0
2005-10-27,-0.0132703402881498,1.8012384573878664,-0.08329925318185993,0.0,0.0
2005-10-28,0.0184768258167883,1.8345196266195223,-0.0663615331567814,0.0,0.0
2005-10-31,0.0203967808368425,1.871937921384567,-0.04731831396773456,0.0,0.0
2005-11-01,-0.0013935943867262354,1.8693291992050256,-0.048645965817725956,0.41980074830335695,0.0006297011224550355
2005-11-02,0.0148080331341665,1.8970102879255184,-0.03455828375723191,0.0,0.0
2005-11-03,0.004534713846279,1.905612686744708,-0.030180281838810497,0.0,0.0
2005-11-04,-0.0059310438076522,1.8943104144192073,-0.03593232507274946,0.0,0.0
2005-11-07,3.1693052845610764e-05,1.8943704508992776,-0.03590177082498114,0.0,0.0
2005-11-08,-0.0077845397338918,1.8796236488535416,-0.04340683179736882,0.0,0.0
2005-11-09,-0.0025864220224291,1.8747621488542683,-0.04588098543411334,0.0,0.0
2005-11-10,-0.0028835089365244,1.8693562554441892,-0.048632196139122064,0.0,0.0
2005-11-11,0.0026693711037954,1.8743462610151713,-0.04609264241441435,0.0,0.0
2005-11-14,0.0031590853775006,1.8802674808807172,-0.04307916762957553,0.0,0.0
2005-11-15,-0.0008424483236754,1.8786834526933878,-0.04388532398069611,0.0,0.0
2005-11-16,0.0119071641645228,1.9010532449777804,-0.03250070957322482,0.0,0.0
2005-11-17,0.014715626223747,1.9290284339623145,-0.018263351643564074,0.0,0.0
2005-11-18,-0.0022695492819949,1.9246504088650678,-0.020491451348949363,0.0,0.0
2005-11-21,0.0111419922622168,1.946094848828115,-0.009577774679104034,0.0,0.0
2005-11-22,0.0101614170900481,1.9658699302838516,0.0,0.0,0.0
2005-11-23,-0.0024274219905987,1.9610979343844237,-0.002427421990598755,0.0,0.0
2005-11-25,0.0039510354326793,1.9688463018101308,0.0,0.0,0.0
2005-11-28,-0.0165086085867751,1.9363433888460277,-0.016508608586775053,0.0,0.0
2005-11-29,0.0049617674637276,1.9459510744714081,-0.011628753000004655,0.0,0.0
2005-11-30,-0.0011903708651388,1.9436346710073718,-0.012805281336374374,0.0,0.0
2005-12-01,0.021559223278443784,1.9855379248513445,0.0,0.5648548197834764,0.0008472822296752145
2005-12-02,0.0009777566360611,1.987479297733519,0.0,0.0,0.0
2005-12-05,0.0014725731155031,1.9904060063149804,0.0,0.0,0.0
2005-12-06,0.0036942203298734,1.9977590046482112,0.0,0.0,0.0
2005-12-07,-0.0086488140101479,1.9804807585799105,-0.008648814010147943,0.0,0.0
2005-12-08,0.0080048749063833,1.9963342593068416,-0.0007131717780045621,0.0,0.0
2005-12-09,0.0003571560266387,1.9970472621187383,-0.0003562704649644477,0.0,0.0
2005-12-12,0.0022859742729714,2.0016124607818497,0.0,0.0,0.0
2005-12-13,0.0036642824503784,2.008946934194351,0.0,0.0,0.0
2005-12-14,0.0049231075177774,2.018837195948899,0.0,0.0,0.0
2005-12-15,0.0024596269250033,2.0238027822732527,0.0,0.0,0.0
2005-12-16,0.0010376512630508,2.025902783786444,0.0,0.0,0.0
2005-12-19,-0.0146947563731423,1.9961326359430314,-0.014694756373142326,0.0,0.0
2005-12-20,0.0058878494813441,2.0078855644482627,-0.008893427405488263,0.0,0.0
2005-12-21,0.0038309435747363,2.015577660750192,-0.005096554049328295,0.0,0.0
2005-12-22,0.0065606798001256,2.02880122039466,0.0,0.0,0.0
2005-12-23,2.0706302566114195e-06,2.0288054212918514,0.0,0.0,0.0
2005-12-27,-0.01252883682039,2.0033868492281632,-0.012528836820389966,0.0,0.0
2005-12-28,0.004736579514563,2.0128760503379626,-0.007851601137651598,0.0,0.0
2005-12-29,0.0003379595098341,2.0135563209412917,-0.007516295151089314,0.0,0.0
2005-12-30,-0.0109768709620723,1.991453773031454,-0.018410660711175253,0.0,0.0
2006-01-03,0.028786940849272,2.04878163499977,0.0,0.0,0.0
2006-01-04,0.00885397238113089,2.0669214910110263,0.0,0.4243177968931401,0.0006364766953397102
2006-01-05,-0.0025551854640891,2.061640123261782,-0.0025551854640889493,0.0,0.0
2006-01-06,0.0129826216521573,2.0884056169649967,0.0,0.0,0.0
2006-01-09,0.007683985769931,2.1044528960075994,0.0,0.0,0.0
2006-01-10,0.0035091352192978,2.111837705782333,0.0,0.0,0.0
2006-01-11,0.0044608379362297,2.121258271535447,0.0,0.0,0.0
2006-01-12,-0.0076973950979411,2.104930108514663,-0.0076973950979412065,0.0,0.0
2006-01-13,0.0030332431759283,2.1113148734021214,-0.004687499993165978,0.0,0.0
2006-01-17,-0.0004868807884143,2.1102869147519687,-0.005172098527887803,0.0,0.0
2006-01-18,-0.0048303186348223,2.1000935565428205,-0.009977434278809816,0.0,0.0
2006-01-19,0.0072824003642551,2.115387278623958,-0.0027676935855810436,0.0,0.0
2006-01-20,-0.0143534053077616,2.085024267630985,-0.01708137306554114,0.0,0.0
2006-01-23,0.0024089190176688,2.0900469222415823,-0.01471360169229785,0.0,0.0
2006-01-24,0.0069872138000729,2.1046505269394684,-0.00782919497301826,0.0,0.0
2006-01-25,-0.0055120640128543,2.0930495585102906,-0.013298103962012142,0.0,0.0
2006-01-26,0.0080168365602623,2.1098291947333965,-0.005387876127774804,0.0,0.0
2006-01-27,0.008801203770033,2.1283982313962095,0.0,0.0,0.0
2006-01-30,0.0059389754667198,2.1410387362758816,0.0,0.0,0.0
2006-01-31,-0.0092235611625349,2.1212907345404846,-0.009223561162534866,0.0,0.0
2006-02-01,-0.001666497372623387,2.1177556091048024,-0.010874687494714763,0.39763926421245804,0.000596458896318687
2006-02-02,-0.013316020537866,2.089555531919782,-0.024045900470558323,0.0,0.0
2006-02-03,-0.0027029146097839,2.083907641744601,-0.026683821064654945,0.0,0.0
2006-02-06,0.0034480611287998,2.0910930826801093,-0.023327767382036124,0.0,0.0
2006-02-07,-0.0221881743593941,2.0446955447598802,-0.04499834117134216,0.0,0.0
2006-02-08,0.0005303995017344,2.0457800502580197,-0.04449180876734382,0.0,0.0
2006-02-09,-0.0076767804890852,2.030075045883239,-0.051827035406959765,0.0,0.0
2006-02-10,-0.0007019886749581,2.028649956191714,-0.05249264209000559,0.0,0.0
2006-02-13,-0.0066797200597095,2.0150991423852114,-0.058821725995359286,0.0,0.0
2006-02-14,0.0077535084000895,2.030723230512708,-0.051524292341882605,0.0,0.0
2006-02-15,0.0016830968897318,2.0341411344658904,-0.049927915828337,0.0,0.0
2006-02-16,0.0132290458396505,2.0610508807780583,-0.03735936867585776,0.0,0.0
2006-02-17,0.0009842308521583,2.063079430642788,-0.03641190806696737,0.0,0.0
2006-02-21,0.0047067488210616,2.072789827320723,-0.03187654095127246,0.0,0.0
2006-02-22,0.0051662331260188,2.083498342789902,-0.02687498946705902,0.0,0.0
2006-02-23,-0.0034972186613922,2.0762118935045173,-0.03027822041376238,0.0,0.0
2006-02-24,0.0031698302270349,2.0827931327222773,-0.027204367005015828,0.0,0.0
2006-02-27,-0.0029909213163745,2.07656366234402,-0.03011392220021647,0.0,0.0
2006-02-28,-0.0121189964473588,2.0513977946973583,-0.0418679681314148,0.0,0.0
2006-03-01,0.019639117748017763,2.0916854375354434,-0.023051100339400277,0.551066975300891,0.0008266004629513365
2006-03-02,0.0045821000381843,2.101269749458644,-0.01857462274896149,0.0,0.0
2006-03-03,-0.0020642544067657,2.09693219411852,-0.02060053440886378,0.0,0.0
2006-03-06,-0.0160211667668164,2.063336893737841,-0.03629165657843014,0.0,0.0
2006-03-07,-0.0137641854712862,2.034936742042686,-0.049556316957510615,0.0,0.0
2006-03-08,-0.0005322265611341,2.0338536946583434,-0.05006216833048782,0.0,0.0
2006-03-09,-0.0045066857636862,2.0246877551672062,-0.0543432396328597,0.0,0.0
2006-03-10,0.0077290903215853,2.040336749699901,-0.047034173118764455,0.0,0.0
2006-03-13,0.00609045687739,2.0527633326893024,-0.041230175844517936,0.0,0.0
2006-03-14,0.0151566776834517,2.0838764048832825,-0.026698410647173598,0.0,0.0
2006-03-15,0.0128252554290956,2.1106026520585757,-0.014215569154179097,0.0,0.0
2006-03-16,0.0021671187436957,2.115176578626346,-0.01207925723684955,0.0,0.0
2006-03-17,0.0023527063725312,2.120152968041909,-0.009754969809794956,0.0,0.0
2006-03-20,-0.0076704526544885,2.1038904350802703,-0.01735059743021139,0.0,0.0
2006-03-21,-0.0085182702558691,2.0859689277655185,-0.025721070608069163,0.0,0.0
2006-03-22,0.0018439388243511,2.0898153268578157,-0.023924559864415995,0.0,0.0
2006-03-23,0.0046805628625015,2.099596838866193,-0.019355977408317515,0.0,0.0
2006-03-24,0.0081494797078703,2.1167074606992418,-0.011364238845562258,0.0,0.0
2006-03-27,0.0011613395092939,2.119165676702969,-0.010216097075832709,0.0,0.0
2006-03-28,-0.0011186612400391,2.11679504819922,-0.011323329964048723,0.0,0.0
2006-03-29,0.0140531830557507,2.14654275650307,0.0,0.0,0.0
2006-03-30,-0.0021335091897698,2.141963087805837,-0.0021335091897698444,0.0,0.0
2006-03-31,-0.00372010220208,2.1339947662061163,-0.0058456745196148185,0.0,0.0
2006-04-03,0.0050586345932392834,2.144789865952238,-0.0008166110577212393,0.47324362585754437,0.0007098654387863166
2006-04-04,0.008904901350138,2.163889008125319,0.0,0.0,0.0
2006-04-05,0.0076426305403865,2.180426812344824,0.0,0.0,0.0
2006-04-06,0.0001403013511038,2.180732729172579,0.0,0.0,0.0
2006-04-07,-0.014668388205468,2.148744894928706,-0.014668388205468008,0.0,0.0
2006-04-10,-0.0042141008826608,2.139689867170374,-0.018820675020445043,0.0,0.0
2006-04-11,-0.0104431844827603,2.117344691151621,-0.0290673117218766,0.0,0.0
2006-04-12,0.0056618645735021,2.129332810048345,-0.023570022330859586,0.0,0.0
2006-04-13,-0.0004720838717032,2.128327586371233,-0.024030979175164613,0.0,0.0
2006-04-17,-0.0027604283480326,2.122452490567914,-0.026725071727051186,0.0,0.0
2006-04-18,0.026798791266383,2.179331651835458,-0.0006424800794605501,0.0,0.0
2006-04-19,0.0051449904860085,2.1905442924500087,0.0,0.0,0.0
2006-04-20,0.0004132239972151,2.1914494779186113,0.0,0.0,0.0
2006-04-21,0.0010000777562527,2.193641097795429,0.0,0.0,0.0
2006-04-24,-0.0022319702532023,2.1887449561189474,-0.002231970253202431,0.0,0.0
2006-04-25,-0.0100248154511412,2.166803191864239,-0.012234410614462732,0.0,0.0
2006-04-26,-0.0122773594921067,2.1402005701290774,-0.024361563849281676,0.0,0.0
2006-04-27,-0.0116005045977449,2.1153731635751987,-0.03567946201358474,0.0,0.0
2006-04-28,-0.001215731995762,2.1128014367372643,-0.03685181734578513,0.0,0.0
2006-05-01,0.0138628238601109,2.142090830906142,-0.02349986373846391,0.0,0.0
2006-05-02,0.007370997549390046,2.157880177171322,-0.01630208362710106,0.37111055369830237,0.0005566658305474535
2006-05-03,-0.0049884966173885,2.147115599206773,-0.021209257355459532,0.0,0.0
2006-05-04,0.0053232401686722,2.158545211211253,-0.015998919157489633,0.0,0.0
2006-05-05,0.0091115990333832,2.1782130096712393,-0.0070330958604371,0.0,0.0
2006-05-08,-0.0026397549732719,2.1724630610461144,-0.009654285183933742,0.0,0.0
2006-05-09,0.0046471247679971,2.1825587679446605,-0.005052025083732259,0.0,0.0
2006-05-10,0.0035140805482277,2.1902284552564586,-0.0015556977585805543,0.0,0.0
2006-05-11,-0.0213692666792483,2.1434248793076054,-0.022891720317553377,0.0,0.0
2006-05-12,-0.0208857888756485,2.0986577598075744,-0.043299397555649044,0.0,0.0
2006-05-15,-0.0037406241948487,2.090807469814531,-0.04687805497637876,0.0,0.0
2006-05-16,-0.0035664768815275,2.083350653309713,-0.050277342358581945,0.0,0.0
2006-05-17,-0.020169158989664,2.041331222751889,-0.06943244963663786,0.0,0.0
2006-05-18,-0.0152669319547145,2.0101663578771016,-0.08363936110730075,0.0,0.0
2006-05-19,0.0077165015130256,2.0256778096190935,-0.07656826285080809,0.0,0.0
2006-05-22,-0.0111213836838915,2.0031494694783745,-0.08683810150552673,0.0,0.0
2006-05-23,0.0016165506415972,2.006387662038475,-0.0853619290526334,0.0,0.0
2006-05-24,-0.0034465818174194,1.9994724828037984,-0.08851430399748017,0.0,0.0
2006-05-25,0.0193406026627692,2.038143485628847,-0.07088562131829779,0.0,0.0
2006-05-26,0.0104500039670611,2.0594420931391086,-0.061176372375220334,0.0,0.0
2006-05-30,-0.0224026544280284,2.013305123611978,-0.08220851367376625,0.0,0.0
2006-05-31,0.015770885703867,2.045056728603472,-0.06773412904293308,0.0,0.0
2006-06-01,0.014076700131826507,2.0738443789245973,-0.05461090193433438,0.4408443767870617,0.0006612665651805925
2006-06-02,0.0062753701248849,2.0868585199837613,-0.048678235431941164,0.0,0.0
2006-06-05,-0.0292831207684351,2.025748789916439,-0.07653590555342837,0.0,0.0
2006-06-06,-0.004278585002969,2.01708145152412,-0.08048702517870787,0.0,0.0
2006-06-07,-0.0186771284623471,1.9794081621349864,-0.09766088713224008,0.0,0.0
2006-06-08,-0.0032974061706338,1.9728812494469596,-0.10063626569101447,0.0,0.0
2006-06-09,-0.0043949190301313,1.964210596099576,-0.10458889648193903,0.0,0.0
2006-06-12,-0.0290169566175193,1.9072151824448826,-0.13057100162756774,0.0,0.0
2006-06-13,-0.0229536303176025,1.863437670210924,-0.1505275534436119,0.0,0.0
2006-06-14,0.0177619747769183,1.8965360031075698,-0.13543924527419038,0.0,0.0
2006-06-15,0.038247179101998,1.9690731552918126,-0.1023722352436337,0.0,0.0
2006-06-16,-0.0065763453216853,1.9561238502589533,-0.10827534539500394,0.0,0.0
2006-06-19,-0.0158288459666967,1.9251606671414228,-0.12239031759745223,0.0,0.0
2006-06-20,0.0003674707949674,1.9258681074622173,-0.12206782166978858,0.0,0.0
2006-06-21,0.0184474928896382,1.9613955456810073,-0.10587217405245752,0.0,0.0
2006-06-22,-0.0071720976943123,1.9473282252101942,-0.11228494617135631,0.0,0.0
2006-06-23,0.0044935837996017,1.9560787077755057,-0.10829592418680944,0.0,0.0
2006-06-26,0.0063010868498718,1.9684041295983843,-0.10267721936072582,0.0,0.0
2006-06-27,-0.0151172005317327,1.9386473696437547,-0.11624222777734172,0.0,0.0
2006-06-28,0.0066338364494648,1.9515080392271562,-0.1103795232554734,0.0,0.0
2006-06-29,0.0355976893654292,2.0209772162017026,-0.07871108987119668,0.0,0.0
2006-06-30,0.0029883635652857,2.027016630880872,-0.07595794365906605,0.0,0.0
2006-07-03,0.00767431959439783,2.0425726043294112,-0.06886654960004124,0.3176331742105802,0.0004764497613158703
2006-07-05,-0.0114940249790208,2.0190952237937854,-0.07956902073774019,0.0,0.0
2006-07-06,-0.0008185369716132,2.0174425197039025,-0.08032242752408447,0.0,0.0
2006-07-07,-0.0078748660187581,2.0015554301606886,-0.087564765187789,0.0,0.0
2006-07-10,-0.0054041388738662,1.9907387466523594,-0.09249569191012286,0.0,0.0
2006-07-11,0.0070959521040865,2.004864933450354,-0.08605608480566485,0.0,0.0
2006-07-12,-0.0148475555097182,1.9750975900614622,-0.09962591781928187,0.0,0.0
2006-07-13,-0.0239670443713734,1.9277603384826665,-0.12120522339774176,0.0,0.0
2006-07-14,-0.0058751228300144,1.9164345097072508,-0.1263682506526551,0.0,0.0
2006-07-17,-0.0131507388341973,1.891231979977248,-0.13785715362558493,0.0,0.0
2006-07-18,0.0001520589458791,1.8915195587185358,-0.1377260570931681,0.0,0.0
2006-07-19,0.0255138078840951,1.9397794253486889,-0.11572616537038205,0.0,0.0
2006-07-20,-0.0241388391910669,1.8929554017340569,-0.13707150926537437,0.0,0.0
2006-07-21,-0.0219455327498103,1.8514134869713719,-0.15600893471953547,0.0,0.0
2006-07-24,0.0249085294272965,1.8975294742936921,-0.1349863584336216,0.0,0.0
2006-07-25,0.0140571239330247,1.9242032812804057,-0.12282675447036595,0.0,0.0
2006-07-26,-7.203957693699981e-05,1.9240646624900815,-0.12288994565987443,0.0,0.0
2006-07-27,-0.0082304997074906,1.9082286488482638,-0.1301089997055579,0.0,0.0
2006-07-28,0.0191944834261312,1.9448561120218506,-0.11341189131786555,0.0,0.0
2006-07-31,0.0078702241365156,1.960162565536735,-0.10643424418576763,0.0,0.0
2006-08-01,-0.01134449929817313,1.9379255026876983,-0.11657130027547369,0.42923441690062053,0.0006438516253509307
2006-08-02,0.0070663515718706,1.9516195656097834,-0.11032868249453975,0.0,0.0
2006-08-03,0.0069689676757816,1.965220339277941,-0.10412859184077417,0.0,0.0
2006-08-04,-0.0075918920569799,1.9503005985939617,-0.11092995086845348,0.0,0.0
2006-08-07,-0.0009790644737384,1.9483911285647675,-0.11180040776822309,0.0,0.0
2006-08-08,-0.0086678978643186,1.9315026732626235,-0.1194992311168176,0.0,0.0
2006-08-09,-0.004339225036794,1.9231214485041679,-0.12331992209807185,0.0,0.0
2006-08-10,0.0052810849158924,1.9332776161772924,-0.11869010016260062,0.0,0.0
2006-08-11,-0.0080863652535981,1.9176444272362774,-0.12581669391429784,0.0,0.0
2006-08-14,-0.0024952843768985,1.9128593590565481,-0.127998029860519,0.0,0.0
2006-08-15,0.0253928126874652,1.9614322384585359,-0.10585544716966644,0.0,0.0
2006-08-16,0.0152094485123193,1.9912645410997742,-0.0922560016308227,0.0,0.0
2006-08-17,-0.0009695207237403,1.9893339688607288,-0.09313607824909254,0.0,0.0
2006-08-18,0.0040239822105449,1.9973390133622573,-0.08948687396058175,0.0,0.0
2006-08-21,-0.0061930881320311,1.9849693168229607,-0.09512576199551503,0.0,0.0
2006-08-22,0.006832759341341,1.9985321344647582,-0.08894297409305107,0.0,0.0
2006-08-23,-0.0116119031851977,1.975325372806847,-0.0995220800740767,0.0,0.0
2006-08-24,-0.0001315312733606,1.97506555574526,-0.09964052108151766,0.0,0.0
2006-08-25,0.0026678521041974,1.9803347385440828,-0.0972384951511509,0.0,0.0
2006-08-28,0.0035992624117013,1.987462482931111,-0.09398921960001749,0.0,0.0
2006-08-29,0.0037745489034432,1.9949642572666932,-0.09056943760235092,0.0,0.0
2006-08-30,-0.0001043646523644,1.9947560535155042,-0.09066435000684514,0.0,0.0
2006-08-31,-0.003953415377961,1.9868699542582553,-0.09425933154925625,0.0,0.0
2006-09-01,0.0061755809637485054,1.9991400305252165,-0.0886658567190789,0.6374732763017299,0.0009562099144525949
2006-09-05,0.0052519372805855,2.0096393885806427,-0.08387958695691144,0.0,0.0
2006-09-06,-0.0159929476560977,1.9774993310314404,-0.09853105276939211,0.0,0.0
2006-09-07,-0.0089777616443277,1.9597458133856225,-0.10662422610739164,0.0,0.0
2006-09-08,0.0040672978326982,1.967716683285045,-0.10299060075845323,0.0,0.0
2006-09-11,-0.0059834462142144,1.9559429563457966,-0.10835780825245978,0.0,0.0
2006-09-12,0.0101540798350481,1.975803757277332,-0.09930400225315794,0.0,0.0
2006-09-13,0.009868465117549,1.9953019077351453,-0.09041551521787738,0.0,0.0
2006-09-14,-0.0055910795899767,1.9841460159629656,-0.09550107446610223,0.0,0.0
2006-09-15,0.0078847413804363,1.9997904941598568,-0.08836933435938488,0.0,0.0
2006-09-18,0.0047305841294657,2.009250671333786,-0.08405678880057088,0.0,0.0
2006-09-19,-0.0033943485357682,2.0024305742595527,-0.08716581929835265,0.0,0.0
2006-09-20,0.0011618765027028,2.0047571512920785,-0.08610521871293142,0.0,0.0
2006-09-21,-0.0056227255865225,1.9934849519627444,-0.09124379828306373,0.0,0.0
2006-09-22,-0.0080897900248656,1.9773580772836366,-0.09859544513874818,0.0,0.0
2006-09-25,0.0067432281078371,1.990691853849634,-0.09251706860787545,0.0,0.0
2006-09-26,0.0088355599839277,2.0082807311338384,-0.08449894873316999,0.0,0.0
2006-09-27,0.0033364502977003,2.0149812599770955,-0.08144442497812587,0.0,0.0
2006-09-28,0.001968925882803,2.018948608733228,-0.0796358571316722,0.0,0.0
2006-09-29,-0.0008948133382794,2.0171420265888327,-0.08045941124278477,0.0,0.0
2006-10-02,-0.0046490287400088,2.0077642753345417,-0.08473438186752169,0.0,0.0
2006-10-03,-0.005001605789638408,1.9977222299107993,-0.08931217968223004,0.4582739757471385,0.0006874109636207078
2006-10-04,0.0150321537337654,2.027752297588179,-0.0756225803637457,0.0,0.0
2006-10-05,0.0080804928544962,2.0441375355395284,-0.06815315522951737,0.0,0.0
2006-10-06,-0.0034694000631534,2.037045604644633,-0.07138610473161344,0.0,0.0
2006-10-09,0.0009455650992836,2.038971763874034,-0.07050803984153797,0.0,0.0
2006-10-10,-0.0029267712161095,2.0330041600050675,-0.07322845015613488,0.0,0.0
2006-10-11,-0.0016509693271897,2.0296477324948503,-0.07475852155823903,0.0,0.0
2006-10-12,0.010876128367212,2.051722441773685,-0.06469547646803742,0.0,0.0
2006-10-13,0.0035973916050022,2.0591032908615166,-0.06133081982696287,0.0,0.0
2006-10-16,0.0059403192564074,2.071335021791153,-0.05575482522058495,0.0,0.0
2006-10-17,-0.0086990600337585,2.053316354086565,-0.06396887068257784,0.0,0.0
2006-10-18,0.0001805479740887,2.0536870761944583,-0.06379987215849581,0.0,0.0
2006-10-19,0.0042748980419264,2.062466379055212,-0.059797712065134734,0.0,0.0
2006-10-20,-0.0022476915815755,2.057830590737727,-0.06191099683270407,0.0,0.0
2006-10-23,0.0001786312634661,2.05819818361615,-0.06174342480882444,0.0,0.0
2006-10-24,0.0019461282473031,2.062203701239833,-0.05991745718462704,0.0,0.0
2006-10-25,-0.0012383296791473,2.0596500131921402,-0.0610815892982437,0.0,0.0
2006-10-26,0.0069607320221085,2.073986684993303,-0.05454602985072465,0.0,0.0
2006-10-27,-0.0170475670171392,2.0386302579882254,-0.07066371976846475,0.0,0.0
2006-10-30,0.0040441933383823,2.046874872897006,-0.06690530417483531,0.0,0.0
2006-10-31,-0.0002196566203691,2.046425263280107,-0.0671102646022046,0.0,0.0
2006-11-01,-0.01700403673682606,2.011627772924123,-0.08297315593431676,0.6172073856477063,0.0009258110784715595
2006-11-02,-0.005179990298016,2.0012075605771567,-0.0877233460895972,0.0,0.0
2006-11-03,-0.0040974361850856,1.993007740304581,-0.09146134146213847,0.0,0.0
2006-11-06,0.0159871961743433,2.024870346025815,-0.0769363556961189,0.0,0.0
2006-11-07,0.001312632272619,2.0275282561898775,-0.07572471256692448,0.0,0.0
2006-11-08,0.0028524715972323,2.033311722953245,-0.0730882435614979,0.0,0.0
2006-11-09,-0.005703987893563,2.0217137375016803,-0.0783753369986242,0.0,0.0
2006-11-10,0.0029802255162091,2.0277389003686532,-0.07562868766157993,0.0,0.0
2006-11-13,0.0060313104305387,2.0399688231488557,-0.07005351732378251,0.0,0.0
2006-11-14,0.0136896291337991,2.0678952397822763,-0.05732289486166409,0.0,0.0
2006-11-15,0.0024241249764893,2.072908076281796,-0.05503772774633353,0.0,0.0
2006-11-16,0.0067191241397048,2.08683620297653,-0.04868840893172355,0.0,0.0
2006-11-17,-0.003252366562322,2.0800490466889263,-0.051782422940863326,0.0,0.0
2006-11-20,0.0030430945443402,2.0863788325948653,-0.04889690720526729,0.0,0.0
2006-11-21,0.0070361273627515,2.1010588597879516,-0.04220482470925668,0.0,0.0
2006-11-22,0.0039598055132486,2.1093786442446,-0.03841214209357746,0.0,0.0
2006-11-24,-0.00308534156536,2.102870490636429,-0.04137896908032168,0.0,0.0
2006-11-27,-0.0222840767179505,2.0560099632951725,-0.06274095367677668,0.0,0.0
2006-11-28,0.007936271664728,2.0723270169092705,-0.055302611264931634,0.0,0.0
2006-11-29,0.0095607772882852,2.0921400739864366,-0.04627056992641099,0.0,0.0
2006-11-30,0.0032613947934497,2.0989633687309035,-0.04316008172880925,0.0,0.0
2006-12-01,-0.008026501433859072,2.082116036242167,-0.05084015870478664,0.5790543250793154,0.0008685814876189731
2006-12-04,0.0177599207213224,2.119094251978422,-0.03398315517152062,0.0,0.0
2006-12-05,0.0018832971888335,2.123085136226046,-0.03216385836328939,0.0,0.0
2006-12-06,-0.0005568458553313,2.121902905067423,-0.03270279390739961,0.0,0.0
2006-12-07,-0.0069084106382819,2.107243928464654,-0.03938528021635024,0.0,0.0
2006-12-08,0.0024983792302248,2.1125086229285475,-0.036985300352194495,0.0,0.0
2006-12-11,-0.0018690803351142,2.1085601746036726,-0.038785252189732056,0.0,0.0
2006-12-12,-0.0075670918143127,2.0926045061664436,-0.04605885243968377,0.0,0.0
2006-12-13,-0.0008568942767829,2.090811365341539,-0.046876279149415945,0.0,0.0
2006-12-14,0.0100040354292276,2.111727916316248,-0.03734119567758942,0.0,0.0
2006-12-15,-0.002935432210738,2.1055290821703787,-0.04016701533974787,0.0,0.0
2006-12-18,-0.004931923852159,2.095144773068608,-0.04490083853088278,0.0,0.0
2006-12-19,0.0009070108015278,2.097045092008546,-0.04403455327490002,0.0,0.0
2006-12-20,-0.000975594102938,2.0949992271831874,-0.04496718752733753,0.0,0.0
2006-12-21,-0.0059942054454627,2.082441371407366,-0.05069185041245661,0.0,0.0
2006-12-22,-0.0057762655721609,2.070412637007662,-0.056175306394291025,0.0,0.0
2006-12-26,0.0033411746061974,2.077330247134782,-0.053021823295313686,0.0,0.0
2006-12-27,0.0106974954030276,2.0995524779040764,-0.04289152860324785,0.0,0.0
2006-12-28,-0.0018988821635995,2.095565675152243,-0.04470896480821318,0.0,0.0
2006-12-29,-0.0035195478540139,2.088190231477316,-0.048071157321081026,0.0,0.0
2007-01-03,-1.570670408817144e-05,2.0881574328912706,-0.04808610898572585,0.0,0.0
2007-01-04,-0.0012589638622853303,2.085528518144498,-0.04928453417452028,0.5510384340139535,0.0008265576510209302
2007-01-05,-0.0111129150854453,2.0623522168140838,-0.05984975441665841,0.0,0.0
2007-01-08,0.0055292031018184,2.073755381088334,-0.05465147276260374,0.0,0.0
2007-01-09,0.0049540112546572,2.0840287885856514,-0.04996820551909609,0.0,0.0
2007-01-10,0.0067467315008586,2.0980891712622984,-0.04355859608445456,0.0,0.0
2007-01-11,0.0087521003662845,2.1164518582666005,-0.035187724922915775,0.0,0.0
2007-01-12,0.0050258998986851,2.1270889334466347,-0.030338675007355653,0.0,0.0
2007-01-16,0.0035485782737144,2.1346370750221215,-0.026897755896625686,0.0,0.0
2007-01-17,0.0003337823547551,2.13534957921157,-0.026572951538171408,0.0,0.0
2007-01-18,-0.0070855171656317,2.120219523113442,-0.03347018559953785,0.0,0.0
2007-01-19,0.0067221189145108,2.134471890872678,-0.026973057252717925,0.0,0.0
2007-01-22,-0.0065990609320951,2.120386380806965,-0.033394121336477456,0.0,0.0
2007-01-23,0.0101518789762326,2.1419122867277696,-0.023581255438570148,0.0,0.0
2007-01-24,0.0114259521674289,2.166385674062749,-0.012424741567830355,0.0,0.0
2007-01-25,-0.0112445560863778,2.1420256288460253,-0.023529586950789882,0.0,0.0
2007-01-26,0.0001522421671118,2.14235173546977,-0.023380926978986638,0.0,0.0
2007-01-29,0.0006245207193887,2.143689678516789,-0.022771008132934867,0.0,0.0
2007-01-30,0.0043818576652786,2.1530830215665766,-0.0184889297841897,0.0,0.0
2007-01-31,0.0093012376010901,2.1731093583250405,-0.009359662112012113,0.0,0.0
2007-02-01,0.0033530549340577186,2.1803959133812194,-0.006037990639180091,0.49149167074212124,0.0007372375061131818
2007-02-02,0.0076073086443573,2.196982858061206,0.0,0.0,0.0
2007-02-05,0.0018256753619492,2.200993835535793,0.0,0.0,0.0
2007-02-06,0.0053751490286384,2.2128245054129123,0.0,0.0,0.0
2007-02-07,0.0066858456558946,2.2276191085196846,0.0,0.0,0.0
2007-02-08,0.00030525853838,2.228299108272819,0.0,0.0,0.0
2007-02-09,-0.0117685922426321,2.2020751646729355,-0.011768592242632048,0.0,0.0
2007-02-12,-0.0005056981101997,2.200961579423643,-0.01226833899797497,0.0,0.0
2007-02-13,0.0101008952825391,2.2231932618582926,-0.002291364922945238,0.0,0.0
2007-02-14,0.0095439104596403,2.2444112192839434,0.0,0.0,0.0
2007-02-15,0.0034874614696815,2.2522385169333172,0.0,0.0,0.0
2007-02-16,0.0026984901233747,2.258316160326746,0.0,0.0,0.0
2007-02-20,0.004054310130191,2.267472074412733,0.0,0.0,0.0
2007-02-21,0.001861504392541,2.271692983639216,0.0,0.0,0.0
2007-02-22,-0.0086306840029785,2.2520867193456424,-0.008630684002978617,0.0,0.0
2007-02-23,-0.0038516128979778,2.2434125530900464,-0.012449054847132102,0.0,0.0
2007-02-26,-0.0057852186419279,2.230433920966375,-0.018162252984883942,0.0,0.0
2007-02-27,-0.0392361206389612,2.142920346566107,-0.05668575727465486,0.0,0.0
2007-02-28,0.007781031001155,2.159594476215744,-0.04934579990817778,0.0,0.0
2007-03-01,-0.0025201568218941673,2.154151959463984,-0.051741597575801546,0.48427642547024485,0.0007264146382053672
2007-03-02,-0.0149317835231253,2.1219866287293514,-0.06590078676478439,0.0,0.0
2007-03-05,-0.013958285475898,2.0923673335895088,-0.0789392102459332,0.0,0.0
2007-03-06,0.0219016960591836,2.1381937269739506,-0.05876641677670802,0.0,0.0
2007-03-07,-0.0025579992734953,2.132724228973759,-0.06117409159878251,0.0,0.0
2007-03-08,0.0160243283387158,2.1668997022747694,-0.04613003698966822,0.0,0.0
2007-03-09,0.0042136615289788,2.1760302841874,-0.04211075182288315,0.0,0.0
2007-03-12,0.0057688319374647,2.188583437187711,-0.03658484973544496,0.0,0.0
2007-03-13,-0.0241952263441494,2.135630165551898,-0.059894897359478505,0.0,0.0
2007-03-14,0.0064387170715057,2.1493808839572592,-0.053841826586097374,0.0,0.0
2007-03-15,0.0048849920723662,2.159880592535886,-0.049219851409766036,0.0,0.0
2007-03-16,-0.0032151724965475,2.152936203858938,-0.05227677359377658,0.0,0.0
2007-03-19,0.0148046549773291,2.1848096815452704,-0.038246058212831224,0.0,0.0
2007-03-20,0.0073020496261228,2.200763270263548,-0.031223283201782026,0.0,0.0
2007-03-21,0.0182813601921222,2.2409962163048283,-0.013512727096252286,0.0,0.0
2007-03-22,-0.001309506674839,2.2380616168012883,-0.014804538764763397,0.0,0.0
2007-03-23,0.0025219217711337,2.243705833117838,-0.012319952882252183,0.0,0.0
2007-03-26,-0.003669238428736,2.235473141452183,-0.01594398646643236,0.0,0.0
2007-03-27,-0.0090107837679565,2.215329776355483,-0.024811102419940556,0.0,0.0
2007-03-28,-0.0102965955426986,2.1925194216546537,-0.034852228076052594,0.0,0.0
2007-03-29,0.0039068054508926,2.2010851684823622,-0.031081583499783183,0.0,0.0
2007-03-30,0.0021976192865188,2.2059223156998895,-0.028952269700619038,0.0,0.0
2007-04-02,0.004506507757556,2.2158633217281567,-0.024576235571067917,0.0,0.0
2007-04-03,0.008716506699592296,2.2351779092173807,-0.016073947793481702,0.5583017607532688,0.0008374526411299032
2007-04-04,0.0005268130760464,2.2363554301672464,-0.015555602683316683,0.0,0.0
2007-04-05,0.0035583521758494,2.2443131703781543,-0.012052602820122216,0.0,0.0
2007-04-09,0.0020235420093542,2.2488546323605614,-0.010053449758896549,0.0,0.0
2007-04-10,-4.906898892491132e-05,2.2487442833375124,-0.010102025435206552,0.0,0.0
2007-04-11,-0.0075001333706276,2.231878401296045,-0.01752639226775654,0.0,0.0
2007-04-12,0.0050438657838412,2.2431356963980362,-0.012570927254188846,0.0,0.0
2007-04-13,0.0037700764514848,2.251592489464511,-0.00884824415951857,0.0,0.0
2007-04-16,0.0095628268673233,2.273124078617026,0.0,0.0,0.0
2007-04-17,0.0041006303056678,2.2824453201023465,0.0,0.0,0.0
2007-04-18,-0.0010559174681294,2.2800352462188003,-0.001055917468129386,0.0,0.0
2007-04-19,-0.0042913120381045,2.2702509035193987,-0.005342698234891752,0.0,0.0
2007-04-20,0.0095111141173613,2.2918435189378146,0.0,0.0,0.0
2007-04-23,0.005570722712594,2.3046107436824728,0.0,0.0,0.0
2007-04-24,-0.0007811134830255,2.302810581157457,-0.0007811134830255639,0.0,0.0
2007-04-25,0.005047336883866,2.3144336419402896,0.0,0.0,0.0
2007-04-26,-0.0011423699381324,2.3117897025239347,-0.001142369938132437,0.0,0.0
2007-04-27,-0.0003552810618404,2.3109683674236705,-0.001497245137568104,0.0,0.0
2007-04-30,-0.0139565287907065,2.27871527086931,-0.01543287758340528,0.0,0.0
2007-05-01,-0.0011383082406308128,2.2761213904984285,-0.016553618452306185,0.6347545688450752,0.0009521318532676128
2007-05-02,0.0074716928252721,2.293127870361264,-0.009205609179256502,0.0,0.0
2007-05-03,0.0035472440686961,2.301262154598165,-0.005691019653120133,0.0,0.0
2007-05-04,0.0013343546146153,2.304332854373593,-0.004364258876840776,0.0,0.0
2007-05-07,0.003370829663277,2.312100367913179,-0.0010081403868440475,0.0,0.0
2007-05-08,-0.0026154616771036,2.306053158007285,-0.00362096531140077,0.0,0.0
2007-05-09,0.0037949402438036,2.314804491940957,0.0,0.0,0.0
2007-05-10,-0.0116759782559202,2.2877768850263482,-0.011675978255920039,0.0,0.0
2007-05-11,0.0074373975020422,2.3047919911162733,-0.004325419645392237,0.0,0.0
2007-05-14,-0.0002471811708344,2.3042222899333793,-0.004571531653934424,0.0,0.0
2007-05-15,-0.0010934093400618,2.3017028317599877,-0.005659942438587362,0.0,0.0
2007-05-16,0.0040688340415823,2.3110680785954587,-0.001614137763472745,0.0,0.0
2007-05-17,-0.0009945310879358,2.3087696495449594,-0.002607063541222532,0.0,0.0
2007-05-18,0.0047223428003144,2.3196724512770728,0.0,0.0,0.0
2007-05-21,0.0029087949245426,2.3264199027299486,0.0,0.0,0.0
2007-05-22,-0.0007991412150166,2.3245607647022424,-0.0007991412150165633,0.0,0.0
2007-05-23,-0.0078952748822878,2.306207718484337,-0.008688106657742,0.0,0.0
2007-05-24,-0.0149236082514334,2.271790777947245,-0.023482057008968438,0.0,0.0
2007-05-25,0.0062961450542435,2.286094302218094,-0.01733375839182527,0.0,0.0
2007-05-29,0.0051319591707496,2.2978264448375603,-0.012290755361418326,0.0,0.0
2007-05-30,0.0110861029723993,2.3233003854177317,-0.0013409089685642028,0.0,0.0
2007-05-31,0.0039053428414492,2.3323736699464592,0.0,0.0,0.0
2007-06-01,0.0013627474141149902,2.3355521061339286,0.0,0.5415995515223399,0.0008123993272835098
2007-06-04,0.0008880852941688,2.337626275613151,0.0,0.0,0.0
2007-06-05,-0.0064497506421415,2.3225491690409283,-0.006449750642141483,0.0,0.0
2007-06-06,-0.0119868293373332,2.29470916852407,-0.018359267919258904,0.0,0.0
2007-06-07,-0.0236201991074387,2.2405076810698663,-0.04154581746297792,0.0,0.0
2007-06-08,0.0090024827153743,2.2606778127423612,-0.03291735025121012,0.0,0.0
2007-06-11,0.0008646289171741,2.2626324601516723,-0.03208118262693993,0.0,0.0
2007-06-12,-0.0118734993174749,2.235767095180365,-0.043573766044390005,0.0,0.0
2007-06-13,0.0168476474279027,2.27343451093087,-0.027460234063909073,0.0,0.0
2007-06-14,0.0029152327731475,2.28006210172474,-0.024625054265063007,0.0,0.0
2007-06-15,0.0076400793941657,2.297481957205546,-0.017173112240567945,0.0,0.0
2007-06-18,-0.002712078574166,2.2912510056148756,-0.019838615984974495,0.0,0.0
2007-06-19,0.0042469113546048,2.300981745526871,-0.015675957473855973,0.0,0.0
2007-06-20,-0.0173668497555717,2.261020941261993,-0.03277056523120436,0.0,0.0
2007-06-21,0.005017532250048,2.272365686752809,-0.027917460349056178,0.0,0.0
2007-06-22,-0.0158207131317219,2.2364152410923244,-0.043296499349229634,0.0,0.0
2007-06-25,-0.0021367437879781,2.2316365947185806,-0.045340729611182184,0.0,0.0
2007-06-26,-0.0070250909979502,2.2159591445663267,-0.05204729785770035,0.0,0.0
2007-06-27,0.0152129418277385,2.2496704021252594,-0.03762614854456203,0.0,0.0
2007-06-28,0.0013669772731065,2.2527456504369447,-0.036310605361390635,0.0,0.0
2007-06-29,-0.0021937869930188,2.2478036063304367,-0.038424734620658874,0.0,0.0
2007-07-02,0.0171349043893448,2.286319506210933,-0.021948234385225085,0.0,0.0
2007-07-03,0.0024188786944788054,2.2918498357532777,-0.01958244580728219,0.46770651335226304,0.0007015597700283946
2007-07-05,0.0011562992147158,2.294499899918606,-0.018448789759275552,0.0,0.0
2007-07-06,0.0043554898899156,2.3044935710351138,-0.014173653386637564,0.0,0.0
2007-07-09,0.0032967398317282,2.312090886782707,-0.010923640402590196,0.0,0.0
2007-07-10,-0.01691634244545,2.2729787655768865,-0.027655194806239014,0.0,0.0
2007-07-11,0.0070591949201327,2.289024165732416,-0.020791223296797834,0.0,0.0
2007-07-12,0.0205371767345041,2.336034259573614,-0.0006810395896665877,0.0,0.0
2007-07-13,0.0052950221476615,2.348403612715752,0.0,0.0,0.0
2007-07-16,-0.0043207032995881,2.3382568574775267,-0.004320703299588113,0.0,0.0
2007-07-17,-0.0004290818460979,2.337253553908469,-0.004747931210337786,0.0,0.0
2007-07-18,-0.0001215827558444,2.3369693841802777,-0.004868936699621074,0.0,0.0
2007-07-19,0.0073050475126189,2.35404105656725,0.0,0.0,0.0
2007-07-20,-0.01594376085796,2.316508788911522,-0.01594376085796012,0.0,0.0
2007-07-23,0.0042159907340125,2.3262751685008314,-0.011794988871990153,0.0,0.0
2007-07-24,-0.0250819867384999,2.267927565574392,-0.03658113385602202,0.0,0.0
2007-07-25,0.0024628612049369,2.2735131563912523,-0.03420836690649165,0.0,0.0
2007-07-26,-0.0262529692328406,2.2138266854460547,-0.05956326493543029,0.0,0.0
2007-07-27,-0.0165629796369397,2.1771591191352977,-0.07513969942813492,0.0,0.0
2007-07-30,0.0164245648425633,2.2129180102601134,-0.059949271451079755,0.0,0.0
2007-07-31,-0.0097658365218452,2.191307014735666,-0.06912965318832998,0.0,0.0
2007-08-01,0.004475548041070832,2.201114314552851,-0.0649634982311662,0.45145999648044555,0.0006771899947206683
2007-08-02,0.0070981153494473,2.216738077854867,-0.05832650128566719,0.0,0.0
2007-08-03,-0.0331723359377233,2.143203697650322,-0.08956401092867039,0.0,0.0
2007-08-06,0.0240432367163955,2.194733251484383,-0.06767418292830274,0.0,0.0
2007-08-07,0.0067361929080308,2.2095173980480514,-0.0613938563713704,0.0,0.0
2007-08-08,0.0025669054740803,2.2151890203521765,-0.058984543123284716,0.0,0.0
2007-08-09,-0.0347555041855796,2.1381990090834764,-0.09169000977345843,0.0,0.0
2007-08-10,0.0058748618505341,2.150760632870791,-0.08635381406341747,0.0,0.0
2007-08-13,0.0075161889846544,2.166926156248203,-0.07948667666480935,0.0,0.0
2007-08-14,-0.0245450888822464,2.113738761141826,-0.10208075800336369,0.0,0.0
2007-08-15,-0.0185905602059114,2.0744431734432505,-0.1187735797317484,0.0,0.0
2007-08-16,-0.0071945957079027,2.0595183934913077,-0.12511364755270082,0.0,0.0
2007-08-17,0.0264711854413086,2.1140362868052023,-0.10195436867699814,0.0,0.0
2007-08-20,0.0042694042076678,2.123061962223251,-0.09812024887994997,0.0,0.0
2007-08-21,0.0069546973486932,2.1378272156230365,-0.09184794816599529,0.0,0.0
2007-08-22,0.0200183063183333,2.180622895681048,-0.0736682822087592,0.0,0.0
2007-08-23,-0.001875133690658,2.1765339362227363,-0.07540527802151475,0.0,0.0
2007-08-24,0.0136397619130029,2.2062213409083853,-0.06279402614770913,0.0,0.0
2007-08-27,-0.0145079050413629,2.1742136911942582,-0.07639092142055615,0.0,0.0
2007-08-28,-0.0273734535129467,2.11469795379114,-0.10167329159718619,0.0,0.0
2007-08-29,0.0288399915782358,2.1756858249689888,-0.07576555689234477,0.0,0.0
2007-08-30,-0.0047885074524033,2.1652675371820367,-0.0801912604109335,0.0,0.0
2007-08-31,0.0167123907237603,2.201454334284897,-0.06481905736379145,0.0,0.0
2007-09-04,0.012238964903896967,2.228397856619742,-0.05337341062807355,0.7085365060305546,0.001062804759045832
2007-09-05,-0.0138534672688317,2.1975268198511255,-0.0664874710997434,0.0,0.0
2007-09-06,0.0029367463189208,2.203980398650053,-0.0637459816168292,0.0,0.0
2007-09-07,-0.0242142548577236,2.1506126555757135,-0.0864166750295271,0.0,0.0
2007-09-10,-0.00463571538384,2.14064302740358,-0.09065178730351242,0.0,0.0
2007-09-11,0.014054016340109,2.1707276594890508,-0.07787179266342692,0.0,0.0
2007-09-12,-0.0033601904867661,2.1634336010582755,-0.080970319093298,0.0,0.0
2007-09-13,0.0072748599925911,2.1791722776092417,-0.07428450683566601,0.0,0.0
2007-09-14,0.0020594316268001,2.1836601339179964,-0.07237805907162442,0.0,0.0
2007-09-17,-0.0061107431377297,2.170316347739523,-0.07804651848155997,0.0,0.0
2007-09-18,0.0368658309831683,2.250326863395295,-0.0440579372575578,0.0,0.0
2007-09-19,0.0100619147009105,2.272969460343946,-0.03443932976323094,0.0,0.0
2007-09-20,-0.0058543862405705,2.2596626192100713,-0.04009209486550114,0.0,0.0
2007-09-21,0.0047807263578807,2.270465447853647,-0.03550303784228659,0.0,0.0
2007-09-24,-0.0065079938524007,2.255689272676927,-0.041779978142668095,0.0,0.0
2007-09-25,-0.000574476265366,2.2543934327277335,-0.042330452802223584,0.0,0.0
2007-09-26,0.007735767875794,2.27183289702403,-0.03492214348338474,0.0,0.0
2007-09-27,0.0060789321161772,2.2856432149843373,-0.029055500706794413,0.0,0.0
2007-09-28,-0.0036602043576218,2.2772772937288828,-0.03260935599411641,0.0,0.0
2007-10-01,0.0155781256847443,2.3127530056296055,-0.017539222955546996,0.0,0.0
2007-10-02,-0.0022174160819647924,2.30762466992131,-0.019717747282465004,0.42206677335032816,0.0006331001600254923
2007-10-03,-0.0080630380008973,2.2890182045159264,-0.02762180033773176,0.0,0.0
2007-10-04,0.0030196265119255,2.295930184572563,-0.024685581346413188,0.0,0.0
2007-10-05,0.0164625529426648,2.3337270567887507,-0.008629416093584141,0.0,0.0
2007-10-08,0.000583242694842,2.3350881860463777,-0.008051206442639569,0.0,0.0
2007-10-09,0.011141942133904,2.3611056034928692,0.0,0.0,0.0
2007-10-10,0.0013070702851908,2.364191734467392,0.0,0.0,0.0
2007-10-11,-0.0107388764607896,2.3388029715013268,-0.010738876460789637,0.0,0.0
2007-10-12,0.007996339531909,2.357504834159689,-0.0028284086312524437,0.0,0.0
2007-10-15,-0.0063863103933998,2.3424490765348045,-0.009196655929213704,0.0,0.0
2007-10-16,-0.0042580204320564,2.3324748805058677,-0.013415516812416928,0.0,0.0
2007-10-17,0.003925407188301,2.341630794168337,-0.00954277099024603,0.0,0.0
2007-10-18,0.0059575209549155,2.3555811086932703,-0.003642101293472977,0.0,0.0
2007-10-19,-0.0295459866429158,2.285983140719514,-0.033080478460219664,0.0,0.0
2007-10-22,0.0051789023580948,2.2978220241975515,-0.028072896670029324,0.0,0.0
2007-10-23,0.0139643944490241,2.3299097173171015,-0.014500523223432094,0.0,0.0
2007-10-24,-0.0005714386400483,2.3285783168768024,-0.015063675704209634,0.0,0.0
2007-10-25,-0.0049179774321648,2.3171264212653737,-0.01990757031921586,0.0,0.0
2007-10-26,0.0100529406472215,2.3404203556504632,-0.010054759294843785,0.0,0.0
2007-10-29,0.0038396095146835,2.3494066559163778,-0.00625375612961665,0.0,0.0
2007-10-30,-0.0079521610339019,2.33072379585441,-0.014156186287709094,0.0,0.0
2007-10-31,0.013041518262158,2.3611199728020913,-0.0012992861875447126,0.0,0.0
2007-11-01,-0.024567053339671595,2.3031142124888984,-0.025834419894143368,0.5832991732852625,0.0008749487599278938
2007-11-02,0.0089403210243872,2.323704792904378,-0.01712506687708859,0.0,0.0
2007-11-05,-0.0040342778587419,2.3143303221081113,-0.02109025745769888,0.0,0.0
2007-11-06,0.0176236825280569,2.3551173449700005,-0.0038382629315113492,0.0,0.0
2007-11-07,-0.0292909598508119,2.2861336973745336,-0.03301679637689936,0.0,0.0
2007-11-08,-0.0020857672256104,2.281365354635186,-0.035033698250732326,0.0,0.0
2007-11-09,-0.0206411179790225,2.234275423196907,-0.05495168153091978,0.0,0.0
2007-11-12,-0.0298034227533487,2.1676863682119527,-0.08311735608859505,0.0,0.0
2007-11-13,0.0291842529365516,2.2309486754689654,-0.05635882109555046,0.0,0.0
2007-11-14,-0.0029331565268848,2.2244049538003687,-0.05912666837849123,0.0,0.0
2007-11-15,-0.0159791306331683,2.188860896462526,-0.07416100625373556,0.0,0.0
2007-11-16,0.0078773775163541,2.2061033800747465,-0.06686782298063487,0.0,0.0
2007-11-19,-0.0165563164096124,2.1695784344819136,-0.08231705455535798,0.0,0.0
2007-11-20,0.0131158597650381,2.198034320977829,-0.07028085373413895,0.0,0.0
2007-11-21,-0.0139122870850767,2.167454636481534,-0.08321537340548202,0.0,0.0
2007-11-23,0.0154533270517597,2.2009490218489356,-0.06904800073469175,0.0,0.0
2007-11-26,-0.0187486574361825,2.159684182603789,-0.08650210085844623,0.0,0.0
2007-11-27,0.0089897212132215,2.1790991413140013,-0.07829000941630004,0.0,0.0
2007-11-28,0.0336298795892143,2.2523819830493514,-0.04729301341679437,0.0,0.0
2007-11-29,0.0028704158877927,2.2588472560788744,-0.04455834814609483,0.0,0.0
2007-11-30,0.0058403017468004,2.2720396056543075,-0.03897828059780639,0.0,0.0
2007-12-03,0.0001746104729956849,2.2724363275645154,-0.03881047614082267,0.4638127438099434,0.0006957191157149151
2007-12-04,-0.0043468004752132,2.2625585002559663,-0.042988575219903624,0.0,0.0
2007-12-05,0.0193258745194429,2.306284421924812,-0.024493492510930137,0.0,0.0
2007-12-06,0.017469670622442,2.3465744511375077,-0.0074517151350472766,0.0,0.0
2007-12-07,0.0010002126007217,2.3489215244720674,-0.006458955833700597,0.0,0.0
2007-12-10,0.0016322594710623,2.352755573877169,-0.0048372390544709765,0.0,0.0
2007-12-11,-0.0271779147490071,2.288812583465084,-0.03188368773283512,0.0,0.0
2007-12-12,0.0142133172554205,2.3213442028520714,-0.018123543446434298,0.0,0.0
2007-12-13,-0.0016207827180586,2.317581808285423,-0.01971495183848504,0.0,0.0
2007-12-14,-0.0118316386229919,2.2901610178505702,-0.031313330275854145,0.0,0.0
2007-12-17,-0.0261564921615001,2.2302584391385887,-0.05665077555944342,0.0,0.0
2007-12-18,0.0097731647026361,2.252055122193734,-0.04743126821688182,0.0,0.0
2007-12-19,0.0007025906258545,2.253637395011495,-0.04676200235544903,0.0,0.0
2007-12-20,0.0099005960410039,2.2759497484824043,-0.03732437800983479,0.0,0.0
2007-12-21,0.0182217312808397,2.3174214932079455,-0.019782761515314662,0.0,0.0
2007-12-24,0.0092537899948691,2.338866425035688,-0.010712037041026856,0.0,0.0
2007-12-26,0.0064869824362407,2.3540386104556075,-0.0042945434009277195,0.0,0.0
2007-12-27,-0.014765166744389,2.3192808378495005,-0.018996300495911056,0.0,0.0
2007-12-28,0.0061027732386299,2.333434882879595,-0.013009457371580657,0.0,0.0
2007-12-31,-0.0092196806543054,2.3119213584318286,-0.022109194983434444,0.0,0.0
2008-01-02,-0.016151656088493616,2.274579999746795,-0.03790375095816212,0.48814961641907784,0.0007322244246286167
2008-01-03,0.0005003877490478,2.275718171712897,-0.03742232978173676,0.0,0.0
2008-01-04,-0.0263330757622509,2.2157915126836505,-0.06276996049864525,0.0,0.0
2008-01-07,-0.0003141739235508,2.21509536877034,-0.0630644137374251,0.0,0.0
2008-01-08,-0.0137592881465676,2.1846172333193015,-0.07595598044358509,0.0,0.0
2008-01-09,0.0073138573061558,2.2005952120323675,-0.06919765433994285,0.0,0.0
2008-01-10,0.0049748801681574,2.21154290951085,-0.06456702421004412,0.0,0.0
2008-01-11,-0.0174823239785235,2.172879999874375,-0.0809205665529984,0.0,0.0
2008-01-14,0.0185657981364212,2.213221251326709,-0.06385712332028515,0.0,0.0
2008-01-15,-0.0312206184962783,2.1441231149911824,-0.09308408293111092,0.0,0.0
2008-01-16,-0.0132608582740439,2.1156902022411828,-0.10511056637383609,0.0,0.0
2008-01-17,-0.0380513645391661,2.0351853031037614,-0.13916233043499315,0.0,0.0
2008-01-18,-0.0023720542425644,2.0303577331711296,-0.14120428408124397,0.0,0.0
2008-01-22,-0.0198499373078972,1.9900552594550784,-0.15825132520252194,0.0,0.0
2008-01-23,0.0076169246745346,2.0052133604645093,-0.15183978895170025,0.0,0.0
2008-01-24,0.0108843362893434,2.0270387770116893,-0.14260812798741007,0.0,0.0
2008-01-25,-0.0073616767640904,2.012116372747052,-0.1489199698093251,0.0,0.0
2008-01-28,0.0086614451245047,2.029544208293718,-0.14154838683126691,0.0,0.0
2008-01-29,0.0058175598674724,2.0413512032291483,-0.13655429317832957,0.0,0.0
2008-01-30,-0.0047356686385412,2.0316840403557674,-0.14064328593320818,0.0,0.0
2008-01-31,0.012582785672754,2.057248285190319,-0.12983018458366358,0.0,0.0
2008-02-01,0.015089360799558088,2.088290846819828,-0.1166998782819616,0.5130563715053414,0.0007695845572580121
2008-02-04,-0.003383286113634,2.081225561396553,-0.11968833531794154,0.0,0.0
2008-02-05,-0.0343194885964475,2.009798964475569,-0.14990018145531714,0.0,0.0
2008-02-06,-0.0116344247528816,1.9864161096549589,-0.15979060382661348,0.0,0.0
2008-02-07,0.0118896978304163,2.0100339969642276,-0.1498007679918354,0.0,0.0
2008-02-08,0.0062699343148324,2.0226367780957735,-0.14447007465262318,0.0,0.0
2008-02-11,0.0156468472514062,2.0542846668077144,-0.1310837285917058,0.0,0.0
2008-02-12,0.0046087514601844,2.063752354265499,-0.12707910945707468,0.0,0.0
2008-02-13,0.017689075708437,2.1002582259035667,-0.11163794573678465,0.0,0.0
2008-02-14,-0.0129751538517137,2.0730070522941406,-0.12316458006687425,0.0,0.0
2008-02-15,-0.0023876263991199,2.068057485930521,-0.1252581354631901,0.0,0.0
2008-02-19,0.0057892622166073,2.0800300129955906,-0.12019402543754254,0.0,0.0
2008-02-20,0.0113743522791627,2.103689007114634,-0.11018680234555711,0.0,0.0
2008-02-21,-0.0159885290822575,2.0700541142443565,-0.12441360653403155,0.0,0.0
2008-02-22,0.0092038099883095,2.08910649897738,-0.11635487574022152,0.0,0.0
2008-02-25,0.0150294947689798,2.120504714175602,-0.10307413596752468,0.0,0.0
2008-02-26,0.0084133124260436,2.13834518283686,-0.09552801845042025,0.0,0.0
2008-02-27,-0.004076683881939,2.129627825495967,-0.09921526479926901,0.0,0.0
2008-02-28,0.0002234165821359,2.130103619665961,-0.09901401455249015,0.0,0.0
2008-02-29,-0.0293881860839195,2.0675037381131873,-0.12549235835182504,0.0,0.0
2008-03-03,0.006325381601221219,2.0805814882187046,-0.11996076380521636,0.6028522353939869,0.0009042783530909803
2008-03-04,-0.0031694802032348,2.0739871263805787,-0.12275003074240554,0.0,0.0
2008-03-05,0.0142115951529563,2.1034617917731424,-0.11028290933137341,0.0,0.0
2008-03-06,-0.0216240155616222,2.0579765012545623,-0.12952216554543294,0.0,0.0
2008-03-07,-0.0129451731463869,2.0313356391146264,-0.14079065183253925,0.0,0.0
2008-03-10,-0.0172292955681065,1.9963371569902921,-0.1555942236469965,0.0,0.0
2008-03-11,0.0357901598418579,2.067786382937215,-0.12537280593993427,0.0,0.0
2008-03-12,-0.0097073257673184,2.0477137069008187,-0.13386309703763088,0.0,0.0
2008-03-13,0.0129401597589179,2.074211449408641,-0.12265514714020365,0.0,0.0
2008-03-14,-0.0178546772417574,2.037177073448292,-0.13831985631773236,0.0,0.0
2008-03-17,-0.0181128134999409,2.000278065050568,-0.1539273080568515,0.0,0.0
2008-03-18,0.0364095728072242,2.07310733489472,-0.12312216277934318,0.0,0.0
2008-03-19,-0.0333686462125971,2.003930549675878,-0.1523823891012266,0.0,0.0
2008-03-20,0.0102809017837666,2.0245327628385854,-0.14366811569338533,0.0,0.0
2008-03-24,0.0181578193380572,2.061293862990186,-0.12811899604472787,0.0,0.0
2008-03-25,0.0126053148203103,2.087277121070351,-0.11712866150402346,0.0,0.0
2008-03-26,0.0008821661535486,2.0891184462996355,-0.11634982229126412,0.0,0.0
2008-03-27,-0.0098089506838692,2.068626386487121,-0.12501750330620132,0.0,0.0
2008-03-28,-0.0040446723802033,2.060259470476737,-0.12855652084374003,0.0,0.0
2008-03-31,0.0070069367936488,2.0746955783648837,-0.12245037146605475,0.0,0.0
2008-04-01,0.028147575290368584,2.133093228361504,-0.09774947722586058,0.43082602914687695,0.0006462390437203155
2008-04-02,0.0003771989965968,2.1338978289868895,-0.09740914923399113,0.0,0.0
2008-04-03,0.0034509927075927,2.1412618948334714,-0.09429431479005768,0.0,0.0
2008-04-04,0.0099020728518501,2.162464826111003,-0.08532595111277397,0.0,0.0
2008-04-07,-0.0007769684575144,2.1607846591506306,-0.08603662399766632,0.0,0.0
2008-04-08,0.00327343356825,2.167857844187654,-0.08304482560250903,0.0,0.0
2008-04-09,-0.0041615363627162,2.1588362249398676,-0.08686076790374508,0.0,0.0
2008-04-10,0.0044563527779927,2.1684567607481093,-0.08279149735009894,0.0,0.0
2008-04-11,-0.0163106471988867,2.1330878275575063,-0.09775176164464061,0.0,0.0
2008-04-14,0.0062595448631637,2.146439986511171,-0.09210409831894473,0.0,0.0
2008-04-15,0.0036092239191322,2.1541869690514686,-0.08882729871451556,0.0,0.0
2008-04-16,0.025440516582297,2.208990598358991,-0.06564659449812571,0.0,0.0
2008-04-17,-0.0023195758268898,2.2038666771652107,-0.0678138980712999,0.0,0.0
2008-04-18,0.0219737720984698,2.252293941264651,-0.04733025311415773,0.0,0.0
2008-04-21,0.0015957115234771,2.2558879526609843,-0.04581006702098411,0.0,0.0
2008-04-22,-0.0058478698196676,2.2426958135860664,-0.05139004553228277,0.0,0.0
2008-04-23,-0.0018459804949594,2.2385558408580595,-0.05314116100555444,0.0,0.0
2008-04-24,-0.0043216591578988,2.2288815655079475,-0.057233162178332186,0.0,0.0
2008-04-25,0.0124797555949452,2.2566974626955654,-0.04546766245929845,0.0,0.0
2008-04-28,-0.0007045264206518,2.2551075597096784,-0.04614015571046248,0.0,0.0
2008-04-29,-0.0124607442780589,2.227007241088619,-0.0580259593072634,0.0,0.0
2008-04-30,-0.0018202472675234,2.2229535372432725,-0.05974058498091228,0.0,0.0
2008-05-01,0.0046664051873990765,2.2333267391608116,-0.05535295356916636,0.26866704090121557,0.00040300056135182335
2008-05-02,0.005274713464735,2.245106897783016,-0.050370211073935356,0.0,0.0
2008-05-05,0.0027883868414557,2.2513671243144557,-0.04772227586623967,0.0,0.0
2008-05-06,0.0131210367043397,2.2809073949875294,-0.03522740489515552,0.0,0.0
2008-05-07,-0.0159646828140676,2.244493431898292,-0.05062969336370926,0.0,0.0
2008-05-08,0.0103175499805566,2.2676511050629338,-0.040834517774932966,0.0,0.0
2008-05-09,-0.0057741996548452,2.25455723483477,-0.04637293077133642,0.0,0.0
2008-05-12,0.0089876851765618,2.2748204854740046,-0.03780203089726186,0.0,0.0
2008-05-13,0.0099202734147829,2.297387326659456,-0.02825676396461385,0.0,0.0
2008-05-14,-0.0025246568409931,2.2915872120287943,-0.030710082173159403,0.0,0.0
2008-05-15,0.0130494982118624,2.3214912752544907,-0.018061335123701783,0.0,0.0
2008-05-16,0.0070835722701056,2.3379357264771756,-0.011105701626239473,0.0,0.0
2008-05-19,0.0018295017420506,2.342212983961568,-0.009296517784660674,0.0,0.0
2008-05-20,0.0004564046378463,2.3432819808302723,-0.008844356120647046,0.0,0.0
2008-05-21,-0.013962548072565,2.310563793525354,-0.022683414445706762,0.0,0.0
2008-05-22,-0.0006820917392063,2.3089877770488814,-0.023350034015302557,0.0,0.0
2008-05-23,-0.0109695316141959,2.2836592626317516,-0.03406342669317519,0.0,0.0
2008-05-27,0.0040508241705695,2.292909964770165,-0.030150587474786827,0.0,0.0
2008-05-28,0.00986943928685,2.3155397004576774,-0.02057871758048213,0.0,0.0
2008-05-29,-0.0029250898606216,2.308766538758002,-0.023443612842964368,0.0,0.0
2008-05-30,0.003294459020873,2.316372675508703,-0.020226387843903848,0.0,0.0
2008-06-02,-0.0067969166681983,2.300628483460779,-0.026885827439428356,0.0,0.0
2008-06-03,-0.008103269297562695,2.281985871305653,-0.03477123363696155,0.48922997965933057,0.0007338449694889959
2008-06-04,-0.002382175533525,2.276549780395179,-0.03707057798844615,0.0,0.0
2008-06-05,0.0273142624991532,2.338732058689282,-0.010768870987464818,0.0,0.0
2008-06-06,-0.0279381938600984,2.2733921090467937,-0.038406202042261195,0.0,0.0
2008-06-09,0.0089394418298501,2.2937149655620575,-0.029810090221473406,0.0,0.0
2008-06-10,-0.0086235247545774,2.273935057776588,-0.03817654692508987,0.0,0.0
2008-06-11,-0.0172442878686783,2.234722667045609,-0.054762507428759766,0.0,0.0
2008-06-12,4.95983105991242e-07,2.2347237754302984,-0.054762038606932406,0.0,0.0
2008-06-13,0.0176309648255494,2.274124111709729,-0.03809658135783711,0.0,0.0
2008-06-16,0.0041255663384361,2.2835061615944245,-0.03412818499306047,0.0,0.0
2008-06-17,-0.0022017472201529,2.278478458250932,-0.03625479057677594,0.0,0.0
2008-06-18,-0.0020706456297512,2.2737605367888727,-0.03825036538286175,0.0,0.0
2008-06-19,0.0045175603076568,2.2840323871389865,-0.03390560340761195,0.0,0.0
2008-06-20,-0.0162772655228062,2.246854585510836,-0.04963097842104158,0.0,0.0
2008-06-23,0.0098195788517838,2.268917751281752,-0.04029875487535428,0.0,0.0
2008-06-24,-0.0119029288813389,2.2419109846506378,-0.05172201054340542,0.0,0.0
2008-06-25,0.0027039478606992,2.247972995061462,-0.04915791630246613,0.0,0.0
2008-06-26,-0.0256009915590309,2.190422657389964,-0.073500416461178,0.0,0.0
2008-06-27,0.003522677944738,2.198138810974806,-0.07023665681243685,0.0,0.0
2008-06-30,0.0028864964341263,2.2044837308143994,-0.06755289823774469,0.0,0.0
2008-07-01,0.005517659071952915,2.2166473204707002,-0.062407973027589825,0.38832620897992337,0.0005824893134698851
2008-07-02,-0.0316853282608757,2.1464121224829955,-0.09211588417699057,0.0,0.0
2008-07-03,0.0059499926106512,2.1591832587511814,-0.08671398039651601,0.0,0.0
2008-07-07,-0.0126812334531919,2.131802151778734,-0.09829557362064423,0.0,0.0
2008-07-08,0.0119363447981534,2.15724807730381,-0.08753251868135925,0.0,0.0
2008-07-09,-0.019006022606123,2.1162473715795582,-0.10487489625865354,0.0,0.0
2008-07-10,0.0142714106627981,2.146449206883437,-0.09210019830858107,0.0,0.0
2008-07-11,0.0043478529843041,2.1557816524732427,-0.0881527834463478,0.0,0.0
2008-07-14,0.0020547446418178,2.1602112332725913,-0.08627917026397769,0.0,0.0
2008-07-15,-0.0160700750961333,2.12549647653039,-0.10096273261473687,0.0,0.0
2008-07-16,0.0109026138401219,2.14866994383254,-0.09116087646055704,0.0,0.0
2008-07-17,-0.0052743507975821,2.137337104800546,-0.09595441281667128,0.0,0.0
2008-07-18,-0.0097861137608379,2.116420880747708,-0.10480150577783087,0.0,0.0
2008-07-21,0.0088723220169653,2.1351984483251307,-0.09685901646798933,0.0,0.0
2008-07-22,0.0016302046217905,2.13867925870403,-0.09538671186250713,0.0,0.0
2008-07-23,-0.0116321525869696,2.113801815232198,-0.10590931166232276,0.0,0.0
2008-07-24,-0.0146995684452853,2.082729840769424,-0.11905205893183457,0.0,0.0
2008-07-25,0.0047951252145639,2.092716791144022,-0.11482780324690045,0.0,0.0
2008-07-28,-0.0120717189208667,2.067454102260353,-0.1255133532026701,0.0,0.0
2008-07-29,0.0135639543714586,2.0954969553684974,-0.11365185622706131,0.0,0.0
2008-07-30,0.0239096250730347,2.145599501913044,-0.09245960442527013,0.0,0.0
2008-07-31,-0.0231972857097167,2.095827417248541,-0.11351207827452647,0.0,0.0
2008-08-01,-0.0119768571923285,2.0707259915723886,-0.12412941751575657,0.5109900061469346,0.0007664850092204018
2008-08-04,-0.0233133774828232,2.022450374867368,-0.14454891903131206,0.0,0.0
2008-08-05,0.0137682001973521,2.0502958765177515,-0.13277089728949398,0.0,0.0
2008-08-06,0.0111301117537167,2.073115898751579,-0.12311854046025039,0.0,0.0
2008-08-07,-0.0150463085617894,2.0419231572546113,-0.13631236947259773,0.0,0.0
2008-08-08,0.0098466576679245,2.062029275568305,-0.1278079330427736,0.0,0.0
2008-08-11,-0.0010133870829373,2.0599396417358053,-0.12869180121726853,0.0,0.0
2008-08-12,-0.007793462700661,2.0438855789723243,-0.13548230916526183,0.0,0.0
2008-08-13,0.0140775569074332,2.072658494522589,-0.12331201217505305,0.0,0.0
2008-08-14,-0.0040594034806446,2.0642447374157364,-0.12687084244426905,0.0,0.0
2008-08-15,-0.0053883955372961,2.0531217702847586,-0.1315756077003254,0.0,0.0
2008-08-18,-0.0096246723509336,2.033361145949199,-0.1399339079377684,0.0,0.0
2008-08-19,0.0043491779564505,2.042204595422664,-0.13619332744908097,0.0,0.0
2008-08-20,0.0138817581143779,2.0705539856363924,-0.12420217216314344,0.0,0.0
2008-08-21,0.0087934298260444,2.0887612568101224,-0.116500905422258,0.0,0.0
2008-08-22,0.0029452992479743,2.0949132837690034,-0.11389873620341207,0.0,0.0
2008-08-25,-0.016684466673376,2.059960772902347,-0.12868286320846256,0.0,0.0
2008-08-26,0.0091294533229789,2.0787670886257263,-0.12072821407861267,0.0,0.0
2008-08-27,0.011002156614307,2.1016380096994536,-0.11105432818336414,0.0,0.0
2008-08-28,0.0059139959819166,2.1140670884442594,-0.10579710705209833,0.0,0.0
2008-08-29,-0.0119117772321404,2.0888847922329115,-0.11644865271322935,0.0,0.0
2008-09-02,-0.0217832520340468,2.0433820883336145,-0.13569527439619866,0.0,0.0
2008-09-03,-0.00956301178321398,2.0238412013452716,-0.14396063067143539,0.5612926748031201,0.0008419390122046801
2008-09-04,-0.0300716566512263,1.962980943621811,-0.16970315266581637,0.0,0.0
2008-09-05,0.0036065052349261,1.9700604446710432,-0.166708682739363,0.0,0.0
2008-09-08,0.0043002271675455,1.9785321521169243,-0.16312534077839913,0.0,0.0
2008-09-09,-0.0434959742450032,1.8924739685855358,-0.19952601940219772,0.0,0.0
2008-09-10,0.0160978542109134,1.9229387386297745,-0.1866401059629048,0.0,0.0
2008-09-11,0.0195713595004049,1.9605732639807532,-0.1707215470734934,0.0,0.0
2008-09-12,0.0109302402717096,1.9820028008263526,-0.16165733433085516,0.0,0.0
2008-09-15,-0.0425410297293657,1.8976863607527126,-0.197321294594482,0.0,0.0
2008-09-16,0.021637118361654,1.9387468251536153,-0.17995364043924367,0.0,0.0
2008-09-17,-0.039723763717105,1.8617325043639257,-0.2125289682635072,0.0,0.0
2008-09-18,0.0338941648672421,1.9248343728055402,-0.18583829528565332,0.0,0.0
2008-09-19,0.0398424599603504,2.001524509234351,-0.15340009016432132,0.0,0.0
2008-09-22,-0.0327959113504122,1.935882688863824,-0.18116510575655909,0.0,0.0
2008-09-23,-0.0176690456905895,1.901677489182668,-0.1956331369159955,0.0,0.0
2008-09-24,-0.0019973550560486,1.8978791640346753,-0.19723974313689419,0.0,0.0
2008-09-25,0.0104021183735727,1.9176211277577013,-0.1888893359194045,0.0,0.0
2008-09-26,-0.0048268967975332,1.9083649684772457,-0.19280448338630019,0.0,0.0
2008-09-29,-0.0806167097306419,1.75451886375339,-0.25787793004502235,0.0,0.0
2008-09-30,0.0473794739080588,1.8376470444797908,-0.2227165767949959,0.0,0.0
2008-10-01,-0.0212921451851103,1.7985195968097383,-0.2392666082918563,0.462542607878465,0.0006938139118176976
2008-10-02,-0.059292172940637,1.6918814618385705,-0.284372144114733,0.0,0.0
2008-10-03,-0.0125614000739969,1.6706290619186375,-0.29336143191660435,0.0,0.0
2008-10-06,-0.0399316261128425,1.6039181268448537,-0.3215786590142249,0.0,0.0
2008-10-07,-0.056568173422318,1.5131874080902945,-0.35995571508450985,0.0,0.0
2008-10-08,0.0111568427682457,1.5300698020812473,-0.35281484163299337,0.0,0.0
2008-10-09,-0.0719175547771685,1.4200309232771777,-0.3993588157108231,0.0,0.0
2008-10-10,-0.0118204292173906,1.403245548262074,-0.40645865231476297,0.0,0.0
2008-10-13,0.1200762855836952,1.57174206145924,-0.3351884119443791,0.0,0.0
2008-10-14,-0.0112671749183524,1.5540329687262469,-0.3426789603947493,0.0,0.0
2008-10-15,-0.1034968591262862,1.3931954374843822,-0.41070962343151796,0.0,0.0
2008-10-16,0.0483451419959804,1.4605496687377166,-0.38222029649945,0.0,0.0
2008-10-17,-0.007494788161037,1.4496031583718547,-0.38685042450737483,0.0,0.0
2008-10-20,0.0496392006300464,1.521560300384224,-0.35641416971326867,0.0,0.0
2008-10-21,-0.0349595352390376,1.468367259444621,-0.3789136312265229,0.0,0.0
2008-10-22,-0.0641723868166471,1.3741386276826408,-0.41877022593000124,0.0,0.0
2008-10-23,-0.0015292142950379,1.3720372752498247,-0.41965905080921073,0.0,0.0
2008-10-24,-0.0307057145473943,1.329907890327619,-0.43747883433522705,0.0,0.0
2008-10-27,-0.0387945258505881,1.278314744297403,-0.45930157623811196,0.0,0.0
2008-10-28,0.098078455357964,1.4036898798794029,-0.4062707100210602,0.0,0.0
2008-10-29,0.0103014563126916,1.4181499298535478,-0.4001544336787768,0.0,0.0
2008-10-30,0.0364815472296334,1.4698862334982012,-0.3782711393205429,0.0,0.0
2008-10-31,0.0168194592545412,1.4946089251113353,-0.3678139960809724,0.0,0.0
2008-11-03,-0.012041595847713582,1.476611448484759,-0.3754265244407464,0.6966859802573879,0.0010450289703860817
2008-11-04,0.0345501642724908,1.527628616596548,-0.35384740825993377,0.0,0.0
2008-11-05,-0.0487876512234913,1.4530992044510112,-0.3853716755429031,0.0,0.0
2008-11-06,-0.0425087523426705,1.3913297702396716,-0.4114987587700403,0.0,0.0
2008-11-07,0.0234134179105336,1.4239055556016598,-0.3977199332682555,0.0,0.0
2008-11-10,-0.0137565709401261,1.4043174978139858,-0.40600524173207464,0.0,0.0
2008-11-11,-0.0198687422059241,1.3764154754746514,-0.4178071704557702,0.0,0.0
2008-11-12,-0.0484260074075172,1.3097611694634945,-0.4460004447318825,0.0,0.0
2008-11-13,0.0718516041790966,1.4038696105809363,-0.40619468797136216,0.0,0.0
2008-11-14,-0.0445825899943872,1.3412814673268263,-0.43266806673402414,0.0,0.0
2008-11-17,-0.0263509847566313,1.305937379826945,-0.4476178218594661,0.0,0.0
2008-11-18,0.0030993343192963,1.3099849163670942,-0.4459058048173875,0.0,0.0
2008-11-19,-0.0647271486796227,1.2251933279173381,-0.4817707421714884,0.0,0.0
2008-11-20,-0.070970510511075,1.1382407319602819,-0.5185497371613533,0.0,0.0
2008-11-21,0.0703557919988631,1.2183225601427132,-0.4846769226112795,0.0,0.0
2008-11-24,0.0643638645466928,1.2967385083779188,-0.451508737860447,0.0,0.0
2008-11-25,0.0178929802093355,1.319941024845008,-0.44169459456199056,0.0,0.0
2008-11-26,0.0348966148080138,1.3660024983583194,-0.4222116258831884,0.0,0.0
2008-11-28,0.0041537943109407,1.371676591764731,-0.41981161182185434,0.0,0.0
2008-12-01,-0.0915783549812359,1.2460607059246485,-0.4729443099904237,0.0,0.0
2008-12-02,0.029711684398161357,1.2830832683600317,-0.45728459766860396,0.745700613073228,0.001118550919609842
2008-12-03,0.0275384826777398,1.3184174347198623,-0.4423390389625582,0.0,0.0
2008-12-04,-0.0210340259804548,1.2906858081448802,-0.45406889410530515,0.0,0.0
2008-12-05,0.0353837404054435,1.336355099725269,-0.43475180957507054,0.0,0.0
2008-12-08,0.0185847946599865,1.3611909848464887,-0.4242467880240942,0.0,0.0
2008-12-09,-0.0291677852309858,1.3214880585421322,-0.4410402340570577,0.0,0.0
2008-12-10,0.0119410992569451,1.3372680786160516,-0.4343656400112942,0.0,0.0
2008-12-11,-0.0330046380439112,1.2931320297136522,-0.45303419732792083,0.0,0.0
2008-12-12,0.0105552627133437,1.306781378010319,-0.4472608295855022,0.0,0.0
2008-12-15,-0.0088651338661671,1.2951965861604433,-0.4521609363243009,0.0,0.0
2008-12-16,0.0436965878816367,1.3517922576115988,-0.42822223853340213,0.0,0.0
2008-12-17,-0.00753844057355,1.3416018520098087,-0.4325325512094955,0.0,0.0
2008-12-18,-0.0108416684943425,1.3270566494789224,-0.43868484517061246,0.0,0.0
2008-12-19,-0.0012283343945348,1.3254265801528713,-0.43937432788146313,0.0,0.0
2008-12-22,-0.0109938138223537,1.3108550870954718,-0.44553774214476616,0.0,0.0
2008-12-23,-0.0089297187140747,1.2991495198927954,-0.45048893414498414,0.0,0.0
2008-12-24,0.007531901932724,1.3089345866725735,-0.4463500706860175,0.0,0.0
2008-12-26,0.007406901924451,1.318629736781579,-0.4422492399591096,0.0,0.0
2008-12-29,-0.007333267186412,1.3089598726018115,-0.44633937530591383,0.0,0.0
2008-12-30,0.0241808553443144,1.340611641932708,-0.43295138783034337,0.0,0.0
2008-12-31,0.0151829379687926,1.3609660653324136,-0.4243419239264815,0.0,0.0
2009-01-02,0.01949991872140416,1.387504792988985,-0.41311663823172795,0.5029537999378939,0.0007544306999068409
2009-01-05,-0.0045209409573115,1.381231965741895,-0.4157699032591109,0.0,0.0
2009-01-06,-0.0064528038184586,1.3723191468391787,-0.4195398254582189,0.0,0.0
2009-01-07,-0.0228409378298282,1.340974090523542,-0.4327980802176189,0.0,0.0
2009-01-08,-0.0017006726129981,1.3386935326130487,-0.4337627049886328,0.0,0.0
2009-01-09,-0.0170551947851042,1.3158618536567739,-0.44341999234964213,0.0,0.0
2009-01-12,-0.0155720255978141,1.2953712191884434,-0.45208707047600516,0.0,0.0
2009-01-13,0.00337414433238,1.2997419886459964,-0.450238333170214,0.0,0.0
2009-01-14,-0.028147295025257,1.2631577674348633,-0.46571263700004906,0.0,0.0
2009-01-15,0.0094019866354463,1.275033959882746,-0.4606892743536356,0.0,0.0
2009-01-16,0.0096525669640335,1.2873413105619311,-0.45548354145991254,0.0,0.0
2009-01-20,-0.0447240907847745,1.2297661409173688,-0.47983654498546335,0.0,0.0
2009-01-21,0.0296470923487495,1.2662251312645114,-0.4644152109982027,0.0,0.0
2009-01-22,-0.0147205430058959,1.247585609764586,-0.4722993099180073,0.0,0.0
2009-01-23,-0.0015029983294702,1.245710490677239,-0.4730924431736607,0.0,0.0
2009-01-26,0.0067403148455963,1.2541069715908657,-0.4695409203461274,0.0,0.0
2009-01-27,0.00932082441877,1.2657962824754194,-0.4645966044033313,0.0,0.0
2009-01-28,0.0305934596618858,1.304521369983496,-0.448216762217308,0.0,0.0
2009-01-29,-0.0226074520097219,1.2750294657159376,-0.46069117528524917,0.0,0.0
2009-01-30,-0.0186126245842384,1.2512978209367247,-0.4707291279746316,0.0,0.0
2009-02-02,-0.0010528620706433,1.249980376921982,-0.4712863772008834,0.0,0.0
2009-02-03,0.01882594171767771,1.273512434646156,-0.461332845352725,0.5008706366569926,0.0007513059549854889
2009-02-04,-0.0137801321180899,1.2559632650427015,-0.4687557499114401,0.0,0.0
2009-02-05,0.0077903546533273,1.2657476643089351,-0.46461716879570925,0.0,0.0
2009-02-06,0.0266740371682457,1.2995102645523318,-0.4503363472569254,0.0,0.0
2009-02-09,-0.0040497755650039,1.294247539636476,-0.4525623616867751,0.0,0.0
2009-02-10,-0.0418138501176098,1.2401300669990314,-0.4754528370439425,0.0,0.0
2009-02-11,0.0103127503333392,1.2529192187608595,-0.47004331311431535,0.0,0.0
2009-02-12,0.0036050186807992,1.2574360159500249,-0.4681328093580779,0.0,0.0
2009-02-13,-0.0131885252016424,1.240852289364215,-0.4751473532057857,0.0,0.0
2009-02-17,-0.0334219838658009,1.1993805441692422,-0.4926889698988648,0.0,0.0
2009-02-18,-0.0036074285799509,1.195053864515969,-0.494519058207776,0.0,0.0
2009-02-19,-0.0098057399584218,1.1833354770842184,-0.4994756728769286,0.0,0.0
2009-02-20,-0.0045039908796876,1.1780057448878203,-0.5017300298813527,0.0,0.0
2009-02-23,-0.027604657697999,1.1454872995339156,-0.5154846018476702,0.0,0.0
2009-02-24,0.034187443338253,1.1846485816814198,-0.49892025912682636,0.0,0.0
2009-02-25,-0.0105971679002216,1.1720946617585826,-0.5042302852722589,0.0,0.0
2009-02-26,-0.0222425355413608,1.1460243045865781,-0.515257460772421,0.0,0.0
2009-02-27,-0.0143614863781789,1.129565692147196,-0.5222190841464617,0.0,0.0
2009-03-02,-0.0321935380485022,1.0932009760587724,-0.5376005422398408,0.0,0.0
2009-03-03,-0.006791806560360898,1.0857761664977834,-0.5407410699105636,0.5054874565864653,0.000758231184879698
2009-03-04,0.0181098222742241,1.1054393799026467,-0.5324239723087936,0.0,0.0
2009-03-05,-0.0331645983593827,1.0687779268575304,-0.547930943469648,0.0,0.0
2009-03-06,0.007020059921433,1.076280811946775,-0.5447573916041794,0.0,0.0
2009-03-09,-0.0170118321476387,1.0579713034302123,-0.5525019024446622,0.0,0.0
2009-03-10,0.03810014447361,1.0982801629398369,-0.5354521602761382,0.0,0.0
2009-03-11,-0.0046400233534937,1.0931841173351171,-0.537607673101272,0.0,0.0
2009-03-12,0.0267802900317597,1.122459905055465,-0.5252246724784637,0.0,0.0
2009-03-13,0.0084267980355924,1.1319186479784173,-0.5212238366811577,0.0,0.0
2009-03-16,-0.0048084402320371,1.1264758848120848,-0.5235260032470004,0.0,0.0
2009-03-17,0.0247446359476301,1.1543501204855444,-0.5117358276588351,0.0,0.0
2009-03-18,0.0120126813093213,1.1682169606023138,-0.5058704657617412,0.0,0.0
2009-03-19,-0.0098017352683549,1.1567664072184878,-0.5107137926446201,0.0,0.0
2009-03-20,-0.0090846440941431,1.1462575961088473,-0.5151587836986168,0.0,0.0
2009-03-23,0.0464232967602669,1.1994706526567185,-0.4926508560326489,0.0,0.0
2009-03-24,-0.0212900325417899,1.173933883428735,-0.503452335817763,0.0,0.0
2009-03-25,0.0086787662230754,1.18412218116436,-0.49914291472171124,0.0,0.0
2009-03-26,0.0167772032424672,1.203988439661668,-0.49073993360656765,0.0,0.0
2009-03-27,-0.0107736487391919,1.1910170911267055,-0.4962265226787881,0.0,0.0
2009-03-30,-0.0150527790525128,1.1730889740062087,-0.5038097135254203,0.0,0.0
2009-03-31,0.0115671228157298,1.1866582382423168,-0.49807021954179687,0.0,0.0
2009-04-01,0.0066358843410762106,1.1945327650636781,-0.49473947157133435,0.5347724238365268,0.0008021586357547901
2009-04-02,0.0148828667626008,1.212310837049682,-0.48721974644632926,0.0,0.0
2009-04-03,0.0020863496790211,1.2148401413754344,-0.4861499075289192,0.0,0.0
2009-04-06,-0.0075417744601561,1.2056780910240368,-0.4900252490326664,0.0,0.0
2009-04-07,-0.0168518553045779,1.1853601782902001,-0.49861926974495596,0.0,0.0
2009-04-08,0.0135835747870666,1.2014616069216155,-0.49180872709874257,0.0,0.0
2009-04-09,0.0128803163863264,1.2169368125447901,-0.48526306271900443,0.0,0.0
2009-04-13,-0.0034693473960704,1.2127148359830056,-0.4870488639720215,0.0,0.0
2009-04-14,-0.0130276267057384,1.1969160397993082,-0.49373139989047854,0.0,0.0
2009-04-15,0.006962813475233,1.2052499429299455,-0.4902063460595485,0.0,0.0
2009-04-16,0.013338974299129,1.2213267409427147,-0.4834062216117778,0.0,0.0
2009-04-17,8.164465494926026e-05,1.2214264557430592,-0.48336404449099235,0.0,0.0
2009-04-20,-0.019880832429669,1.1971434810512669,-0.4936351973496089,0.0,0.0
2009-04-21,0.0128350634629309,1.2125088936047939,-0.4871359729721967,0.0,0.0
2009-04-22,-0.006661299943729,1.2044320081800532,-0.4905523140865776,0.0,0.0
2009-04-23,0.0050318232672754,1.210492497182665,-0.48798886336713887,0.0,0.0
2009-04-24,0.0043804316020709,1.2157949767713936,-0.48574603360362,0.0,0.0
2009-04-27,-0.0004412046856194,1.2152585623308896,-0.48597292486319243,0.0,0.0
2009-04-28,0.0009935786816125,1.2164660173310686,-0.48546219851956485,0.0,0.0
2009-04-29,0.01051501925502,1.2292571809263824,-0.48005182362956245,0.0,0.0
2009-04-30,-0.0026779566929285,1.22596528343139,-0.48144422232844963,0.0,0.0
2009-05-01,-0.005826050995595756,1.218822747171289,-0.48446535473322483,0.38211220904603727,0.0005731683135690559
2009-05-04,0.0183750502187364,1.2412186763582995,-0.4749923797369494,0.0,0.0
2009-05-05,-0.0012309860416567,1.2396907534930588,-0.47563865678925665,0.0,0.0
2009-05-06,-0.0017293056321111,1.2375469492909672,-0.47654543781333236,0.0,0.0
2009-05-07,-0.0016423927508477,1.2355144111526182,-0.47740515579166587,0.0,0.0
2009-05-08,0.0061648004635484,1.2431311109672125,-0.4741834628538423,0.0,0.0
2009-05-11,-0.0088154166112775,1.2321723923215964,-0.4788187546898849,0.0,0.0
2009-05-12,0.0011362757250009,1.2335724799000076,-0.4782265490925133,0.0,0.0
2009-05-13,-0.0195367168496252,1.2094725236467112,-0.48842028926254466,0.0,0.0
2009-05-14,0.0033960001760504,1.2135798925499437,-0.4866829644748164,0.0,0.0
2009-05-15,-0.0072941792100186,1.2047278233280092,-0.49042719092349263,0.0,0.0
2009-05-18,0.0173797229234016,1.2256656590955628,-0.48157095669244354,0.0,0.0
2009-05-19,0.0014796963492508,1.2274792720967285,-0.4808038391297158,0.0,0.0
2009-05-20,-0.0092460487150805,1.2161299389501705,-0.4856043521258052,0.0,0.0
2009-05-21,-0.0094122086229528,1.2046834702521527,-0.490445951278336,0.0,0.0
2009-05-22,0.0016942022064516,1.2067244476455297,-0.4895826636846855,0.0,0.0
2009-05-26,0.0297214823794484,1.242590087053076,-0.4744123038172249,0.0,0.0
2009-05-27,-0.0209840607704018,1.2165155011536553,-0.4854412679740997,0.0,0.0
2009-05-28,0.0075016098934641,1.225641325872662,-0.4815812490991659,0.0,0.0
2009-05-29,0.0109748453303382,1.239092549854585,-0.4758916834916821,0.0,0.0
2009-06-01,0.0233656048067474,1.2680446966934722,-0.4636455756922191,0.0,0.0
2009-06-02,0.0050339413889654355,1.2744279593752157,-0.4609455989565414,0.6024535996089765,0.0009036803994134648
2009-06-03,-0.0102183911169593,1.2614053560359313,-0.46645386765972174,0.0,0.0
2009-06-04,0.0002081931001411,1.2616679719275392,-0.46634278703636145,0.0,0.0
2009-06-05,0.0017737267461937,1.2639058261541631,-0.46539622496442856,0.0,0.0
2009-06-08,0.0087996857102627,1.2750278001916897,-0.4606918797645956,0.0,0.0
2009-06-09,0.0033756666896244,1.2793318690651418,-0.458871355307673,0.0,0.0
2009-06-10,-0.0045266006991436,1.273540844532195,-0.46132082860906387,0.0,0.0
2009-06-11,0.0006596413517089,1.2743809247363385,-0.4609654935523102,0.0,0.0
2009-06-12,0.0020337784928336,1.2769727332527447,-0.4598692167662016,0.0,0.0
2009-06-15,-0.0166940342630723,1.2556549066908145,-0.4688861785680467,0.0,0.0
2009-06-16,-0.0121195117559812,1.2404369822877197,-0.4753230187706553,0.0,0.0
2009-06-17,0.0109548765294154,1.2540258162712024,-0.46957524722346144,0.0,0.0
2009-06-18,0.0047248024002621,1.2599508404579112,-0.46706909507838446,0.0,0.0
2009-06-19,0.0024208939126312,1.2630010477777902,-0.46577892589480674,0.0,0.0
2009-06-22,-0.0144791276138948,1.2447138944305327,-0.47351398100080777,0.0,0.0
2009-06-23,-0.0064501666245078,1.2366852824116157,-0.47690990354882634,0.0,0.0
2009-06-24,0.0059195603169408,1.2440059155339243,-0.47381344017168925,0.0,0.0
2009-06-25,0.0250649604645093,1.2751868746243977,-0.4606245948526365,0.0,0.0
2009-06-26,0.0005777041877215,1.2759235554219956,-0.46031299542232895,0.0,0.0
2009-06-29,0.0044692264525533,1.2816259467273234,-0.45790101198537114,0.0,0.0
2009-06-30,-0.0070567998827537,1.272581768896724,-0.4617264960604337,0.0,0.0
2009-07-01,0.008384703671474916,1.2832519899266444,-0.4572132322356939,0.6677090582807885,0.001001563587421183
2009-07-02,-0.0261004427354348,1.2497585448484312,-0.47138020718527796,0.0,0.0
2009-07-06,0.0134776984191033,1.266602413612596,-0.46425562903935214,0.0,0.0
2009-07-07,-0.0142057794964979,1.2486093390150834,-0.47186629543970915,0.0,0.0
2009-07-08,0.0001863803166591,1.2488420552190724,-0.47176786171261487,0.0,0.0
2009-07-09,-0.0014348588993202,1.247050143082296,-0.4725258002971434,0.0,0.0
2009-07-10,-0.0015650718176555,1.2450984200481545,-0.47335133530163886,0.0,0.0
2009-07-13,0.0208361262986473,1.2710414479825243,-0.46237801720896976,0.0,0.0
2009-07-14,0.0056873354646577,1.278270287086685,-0.45932038063966274,0.0,0.0
2009-07-15,0.0180122941975429,1.301294867561668,-0.4495815002691289,0.0,0.0
2009-07-16,0.0060822654755959,1.3092096884082085,-0.4462337088310865,0.0,0.0
2009-07-17,-0.0020104204182563,1.3065776265188538,-0.44734701188979453,0.0,0.0
2009-07-20,0.0078767298263484,1.3168691854800945,-0.4429939136147263,0.0,0.0
2009-07-21,0.0012061823195927,1.3184575698088372,-0.4423220627214227,0.0,0.0
2009-07-22,-0.0026309631089768,1.314988756581919,-0.4437892928010929,0.0,0.0
2009-07-23,0.0208370999882747,1.3423893087862735,-0.43219947468064024,0.0,0.0
2009-07-24,0.0029355369563707,1.3463299422120525,-0.4305326752547186,0.0,0.0
2009-07-27,0.0017783002286391,1.3487241210561118,-0.42951999138092156,0.0,0.0
2009-07-28,-0.0016648035164346,1.3464787603966775,-0.4304697285053263,0.0,0.0
2009-07-29,0.0024093991975944,1.3497229652415552,-0.4290975027261812,0.0,0.0
2009-07-30,0.006117741766207,1.3579802217988224,-0.42560486867417724,0.0,0.0
2009-07-31,-0.0010998572632446,1.3564866373885345,-0.42623662133133833,0.0,0.0
2009-08-03,0.009770930141162728,1.3697407735598788,-0.42063041944080926,0.5272021390641817,0.0007908032085962725
2009-08-04,0.0041723359691544,1.3754557922578199,-0.41821309490040826,0.0,0.0
2009-08-05,-0.0051059450531712,1.3684327905594853,-0.42118366687050135,0.0,0.0
2009-08-06,-0.0024281026369122,1.3651100952922908,-0.4225890923352609,0.0,0.0
2009-08-07,0.014079878330352,1.3843306793415413,-0.41445921700872335,0.0,0.0
2009-08-10,0.0045966062809705,1.390693902437143,-0.41176771656786115,0.0,0.0
2009-08-11,-0.011482466839351,1.374725305818721,-0.41852207425620636,0.0,0.0
2009-08-12,0.0066119172577197,1.3838148757928879,-0.41467739032399786,0.0,0.0
2009-08-13,0.0027269639637236,1.3875884890916397,-0.41308123666025875,0.0,0.0
2009-08-14,-0.0070554935148509,1.3777983675055718,-0.4172222381887466,0.0,0.0
2009-08-17,-0.0182085905750932,1.3527106011366312,-0.4278337998498368,0.0,0.0
2009-08-18,0.0056174834579396,1.360309430561896,-0.4246196656853011,0.0,0.0
2009-08-19,0.0175543095317262,1.3841887233649055,-0.41451926119827287,0.0,0.0
2009-08-20,0.0027225518389711,1.3879572489191856,-0.4129252595361661,0.0,0.0
2009-08-21,0.0141020742926532,1.4075303251584705,-0.40464628793080504,0.0,0.0
2009-08-24,-0.0066354722599386,1.3981906967308593,-0.40859674097209153,0.0,0.0
2009-08-25,0.0049986048101552,1.4051796994730523,-0.4056405497967732,0.0,0.0
2009-08-26,0.0020236399866741,1.4080232773013688,-0.40443778024688426,0.0,0.0
2009-08-27,0.0022006038277539,1.4111217787149648,-0.40312718374643,0.0,0.0
2009-08-28,-0.0038188005043003,1.405732986154779,-0.4054065219581423,0.0,0.0
2009-08-31,-0.005606918615316,1.3978511557065438,-0.40874035919872065,0.0,0.0
2009-09-01,-0.019495609779153534,1.3705991950455503,-0.42026732643394493,0.6485536867204226,0.0009728305300806338
2009-09-02,-0.0043052872881484,1.3646983717539742,-0.4227632421439731,0.0,0.0
2009-09-03,0.0083215419323054,1.376054766479474,-0.4179597422586061,0.0,0.0
2009-09-04,0.0106703844871342,1.3907377999131638,-0.4117491489215147,0.0,0.0
2009-09-08,0.0060139257294685,1.3991015937510058,-0.40821145199283215,0.0,0.0
2009-09-09,0.0064860094621733,1.4081761799266166,-0.40437310587085185,0.0,0.0
2009-09-10,0.0063138740833829,1.4170672270138922,-0.4006123926606441,0.0,0.0
2009-09-11,-0.0078814680486188,1.4058986569414373,-0.4053364469366273,0.0,0.0
2009-09-14,0.0089423263994317,1.4184706616163303,-0.4000187713472888,0.0,0.0
2009-09-15,0.0017052557069125,1.4208895168071396,-0.39899564993308834,0.0,0.0
2009-09-16,0.0134019061224906,1.4399321447218199,-0.39094104605428315,0.0,0.0
2009-09-17,-0.006504768117852,1.430565720014963,-0.3949028333198016,0.0,0.0
2009-09-18,0.0042466184015346,1.4366407867261832,-0.392333216557061,0.0,0.0
2009-09-21,-0.0025027398284796,1.4330452486100254,-0.39385404841842764,0.0,0.0
2009-09-22,-0.0007496708483242,1.4319709363628128,-0.3943084583681582,0.0,0.0
2009-09-23,-0.0075415370636549,1.421171674472156,-0.398876303578517,0.0,0.0
2009-09-24,-0.0082052071211442,1.4095106665284087,-0.403808648013083,0.0,0.0
2009-09-25,-0.0059904940432014,1.4010670012767414,-0.4073801287557689,0.0,0.0
2009-09-28,0.0159645606290159,1.4234344203639375,-0.3979192128913307,0.0,0.0
2009-09-29,-0.0014278875198188,1.4214019161198193,-0.3987789165331659,0.0,0.0
2009-09-30,-0.0018853980664746,1.4187220076954836,-0.3999124576014581,0.0,0.0
2009-10-01,-0.023038173536163102,1.3860372438826214,-0.41373737854012527,0.5025455336904687,0.000753818300535703
2009-10-02,-0.005478582606454,1.3784437243463887,-0.4169492667408694,0.0,0.0
2009-10-05,0.0163588832849965,1.4009935243479072,-0.4074112078462516,0.0,0.0
2009-10-06,0.0171922356619074,1.4250797351793028,-0.39722328168093934,0.0,0.0
2009-10-07,0.0007846429515308,1.4261979139488805,-0.39675031717756337,0.0,0.0
2009-10-08,0.0040824084614185,1.432020236380443,-0.394287605568061,0.0,0.0
2009-10-09,0.0069456062701594,1.441966485113242,-0.39008056576338135,0.0,0.0
2009-10-12,0.0037767286039219,1.447412401183466,-0.387777065590012,0.0,0.0
2009-10-13,0.00067456923804,1.448388781064062,-0.38736407883163637,0.0,0.0
2009-10-14,0.0130783652845259,1.4673313386168272,-0.37935180246817446,0.0,0.0
2009-10-15,0.0014040888018334,1.4693916021179583,-0.378480357284142,0.0,0.0
2009-10-16,-0.0060208862667378,1.4605445624003064,-0.3822224563654777,0.0,0.0
2009-10-19,0.0099318860444252,1.4750505245568712,-0.3760867602012946,0.0,0.0
2009-10-20,-0.0072052940806165,1.4644223517436712,-0.38058223857483453,0.0,0.0
2009-10-21,-0.011510693356049,1.4475658351090055,-0.38771216648589,0.0,0.0
2009-10-22,0.0124023445851142,1.4655190454056661,-0.38011836178937497,0.0,0.0
2009-10-23,-0.0117819833142571,1.4482523244659706,-0.3874217969075868,0.0,0.0
2009-10-26,-0.0057754878626377,1.4398879607439805,-0.39095973488446356,0.0,0.0
2009-10-27,-0.0089969584537613,1.426933348583096,-0.3964392448463757,0.0,0.0
2009-10-28,-0.0239120460023163,1.3928124527095376,-0.41087161738880207,0.0,0.0
2009-10-29,0.0219557925650345,1.423392754003225,-0.3979368368260163,0.0,0.0
2009-10-30,-0.0234287177551215,1.3900444869149984,-0.4120424047467752,0.0,0.0
2009-11-02,0.00893517754262,1.4024647811977242,-0.40678889924565564,0.0,0.0
2009-11-03,0.008723080375369391,1.4146985942077366,-0.40161427113421433,0.9680012730645391,0.0014520019095968085
2009-11-04,-0.0024145939397249,1.4112826715556253,-0.40305912968875146,0.0,0.0
2009-11-05,0.0245052981063917,1.445866574134481,-0.3884309157098853,0.0,0.0
2009-11-06,0.0049538609391179,1.453029196079262,-0.38540128751164837,0.0,0.0
2009-11-09,0.0264252955127104,1.4914259219742527,-0.3691603349124123,0.0,0.0
2009-11-10,-0.0013100747122904,1.4894720425886199,-0.36998678200515334,0.0,0.0
2009-11-11,0.005290159899192,1.4973515878592896,-0.3666539113433561,0.0,0.0
2009-11-12,-0.0116943943392585,1.4798409679263482,-0.3740605102573339,0.0,0.0
2009-11-13,0.0099747463557457,1.494602006228255,-0.36781692261310583,0.0,0.0
2009-11-16,0.0150279077418614,1.5170627472886542,-0.35831653365016947,0.0,0.0
2009-11-17,-0.0008506397525013,1.5157722734087715,-0.3588623751151696,0.0,0.0
2009-11-18,-0.0048881557295171,1.5083629424858653,-0.36199635566965926,0.0,0.0
2009-11-19,-0.0172079299055013,1.4824071386995128,-0.3729750776607502,0.0,0.0
2009-11-20,-0.0038470539055195,1.4767042385270088,-0.37538727633709346,0.0,0.0
2009-11-23,0.0114250114878413,1.493575601416324,-0.3682510687937929,0.0,0.0
2009-11-24,-0.0032183977851256,1.488768681008808,-0.37028428815474235,0.0,0.0
2009-11-25,0.0093239226827095,1.5026498450829737,-0.3644128675454098,0.0,0.0
2009-11-27,-0.0206030134166007,1.4716907301642763,-0.3775078777627905,0.0,0.0
2009-11-30,0.0043400680370672,1.4780779680627103,-0.3748062195997427,0.0,0.0
2009-12-01,0.010038788770966827,1.4929160805711117,-0.36853003129738227,0.771675864971449,0.0011575137974571734
2009-12-02,0.004168452588455,1.4991392304715145,-0.36589777867181217,0.0,0.0
2009-12-03,-0.0110612347383621,1.4825568995377816,-0.37291173219004015,0.0,0.0
2009-12-04,0.0103881449973172,1.497957915576953,-0.3663974483379139,0.0,0.0
2009-12-07,-0.0056121904111561,1.4895510905268365,-0.36995334650283584,0.0,0.0
2009-12-08,-0.0090813057295306,1.4760240216740066,-0.37567499278711125,0.0,0.0
2009-12-09,0.0043586294176353,1.482457463396011,-0.3729537914445079,0.0,0.0
2009-12-10,0.0099825918944763,1.4972562312540139,-0.36669424504551973,0.0,0.0
2009-12-11,0.0015559236564634,1.4995858476440094,-0.3657088696396116,0.0,0.0
2009-12-14,0.0147300154474171,1.5216747703445337,-0.3563657514912434,0.0,0.0
2009-12-15,-0.0082010432197377,1.5091954497865538,-0.36164422378096706,0.0,0.0
2009-12-16,0.0089551658830848,1.5227105453893892,-0.35592764191250026,0.0,0.0
2009-12-17,-0.0133822802294117,1.5023332061627082,-0.36454679869644524,0.0,0.0
2009-12-18,0.0088627059426841,1.515647943596858,-0.3589149638329546,0.0,0.0
2009-12-21,0.0138827135650523,1.5366892498632738,-0.3500149639050062,0.0,0.0
2009-12-22,0.008791817320195,1.5501995410259792,-0.3443004142067987,0.0,0.0
2009-12-23,0.0101505130883714,1.5659348617567508,-0.33764472697916503,0.0,0.0
2009-12-24,0.0047852361878907,1.5734282299251088,-0.3344752005574656,0.0,0.0
2009-12-28,0.0019428087732283,1.5764851000942524,-0.33318221313830765,0.0,0.0
2009-12-29,-0.0043927291096357,1.5695600281041613,-0.3361113630414778,0.0,0.0
2009-12-30,-0.0002119922958499,1.5692272934703293,-0.3362521023178153,0.0,0.0
2009-12-31,-0.0105718245057856,1.552637697914072,-0.3432691286081956,0.0,0.0
2010-01-04,0.01629979980893125,1.577945381565871,-0.3325645468761642,0.5461873195449544,0.0005461873195449544
2010-01-05,0.0142827330469536,1.6004827542134497,-0.323031744473124,0.0,0.0
2010-01-06,-0.0029756935624959,1.595720207984851,-0.32504619455310946,0.0,0.0
2010-01-07,0.0109913164338929,1.6132592737307696,-0.31762756369918255,0.0,0.0
2010-01-08,0.0038150418819659,1.6194139254265223,-0.3150242842755959,0.0,0.0
2010-01-11,-0.0026025497373817,1.6151993201401913,-0.3168069676446672,0.0,0.0
2010-01-12,-0.014978327927303,1.5910063350551746,-0.32704005692093396,0.0,0.0
2010-01-13,0.0129218933040117,1.611565149162764,-0.3183441403385926,0.0,0.0
2010-01-14,0.0006711026150915,1.6126466747487573,-0.3178866793085815,0.0,0.0
2010-01-15,-0.0176252724854006,1.5842233376836354,-0.3299091124516891,0.0,0.0
2010-01-19,0.013352739865755,1.605377059800983,-0.3209615631438436,0.0,0.0
2010-01-20,-0.0126755815454923,1.585027971968213,-0.32956877022273745,0.0,0.0
2010-01-21,-0.0191568966886404,1.5546637548606128,-0.34241215202841857,0.0,0.0
2010-01-22,-0.0309375837107547,1.5065662148025363,-0.3627563311222145,0.0,0.0
2010-01-25,0.0050445164702078,1.5141661128865662,-0.3595417449390249,0.0,0.0
2010-01-26,0.002146113539632,1.517415685282684,-0.3581672488062695,0.0,0.0
2010-01-27,0.0073115763033113,1.5285103858494697,-0.35347443967195225,0.0,0.0
2010-01-28,-0.018448136745032,1.500312217235117,-0.3654016316180425,0.0,0.0
2010-01-29,-0.0146764492331426,1.4782929611450022,-0.3747152823550355,0.0,0.0
2010-02-01,0.0238571911024556,1.5135608788244537,-0.35979774535273457,0.0,0.0
2010-02-02,0.01775592701621273,1.5404355553234554,-0.3484303608436028,0.5647296883316677,0.0005647296883316677
2010-02-03,-0.0058327908950806,1.5314505168419064,-0.3522308303023852,0.0,0.0
2010-02-04,-0.0427166935899339,1.4660320143658248,-0.37990138744136415,0.0,0.0
2010-02-05,0.0037567768778202,1.4715395695395384,-0.37757181531173545,0.0,0.0
2010-02-08,-0.0079180205941544,1.4598878889228113,-0.3825002144964793,0.0,0.0
2010-02-09,0.0208270483199355,1.4902930445270954,-0.3696395166262476,0.0,0.0
2010-02-10,-0.0041594866855744,1.4840941904507807,-0.37226149266395303,0.0,0.0
2010-02-11,0.0161357040439334,1.5080410950812155,-0.36213248989259805,0.0,0.0
2010-02-12,0.0024425630586023,1.511724580550915,-0.3605744582761271,0.0,0.0
2010-02-16,0.0224859130688625,1.5457170880532456,-0.3461963911309137,0.0,0.0
2010-02-17,0.0010204710213553,1.5472944475488175,-0.3455292034944053,0.0,0.0
2010-02-18,0.0088912444100811,1.5610518206563353,-0.3397101436834137,0.0,0.0
2010-02-19,0.0023783102085275,1.5647644861374428,-0.33813976957754877,0.0,0.0
2010-02-22,-0.0020093016039335,1.5616204023456686,-0.33946964640011645,0.0,0.0
2010-02-23,-0.0156781258578951,1.5371371211354363,-0.34982552441681536,0.0,0.0
2010-02-24,0.0129339158046855,1.5570183232404586,-0.341416222491267,0.0,0.0
2010-02-25,0.0025498691746097,1.5609885162671921,-0.3397369200180994,0.0,0.0
2010-02-26,0.0037631652136283,1.5668627739504821,-0.33725224096366835,0.0,0.0
2010-03-01,0.0254576254265481,1.6067513795445156,-0.32038025676183723,0.0,0.0
2010-03-02,0.0035086774262939103,1.6123889518395902,-0.31799569031027386,0.6454367834798902,0.0006454367834798901
2010-03-03,0.0005807797113385,1.613325394629605,-0.31759959604416066,0.0,0.0
2010-03-04,0.0044052963488715,1.6204325711001082,-0.31459342003614565,0.0,0.0
2010-03-05,0.0193566791968925,1.6517987645390886,-0.30132622474834614,0.0,0.0
2010-03-08,-0.0009174725575257,1.6502832845020692,-0.3019672387638024,0.0,0.0
2010-03-09,0.0015560283203652,1.65285117202938,-0.300881080018776,0.0,0.0
2010-03-10,0.0096963149180806,1.6688777375060955,-0.29410220280544963,0.0,0.0
2010-03-11,0.0017581684253433,1.6718119056499372,-0.29286111558690275,0.0,0.0
2010-03-12,-0.0002444989898775,1.6714031493277406,-0.2930340103298449,0.0,0.0
2010-03-15,-0.0025339765429494,1.6671678529535323,-0.294825445564332,0.0,0.0
2010-03-16,0.0140197456316988,1.6905411221772864,-0.28493907768519744,0.0,0.0
2010-03-17,0.0101072035638352,1.7076277654321665,-0.277711811382818,0.0,0.0
2010-03-18,-0.0055244636970566,1.6981940378339506,-0.28170206625964633,0.0,0.0
2010-03-19,-0.012300944818619,1.6773046466832475,-0.29053780950591446,0.0,0.0
2010-03-22,0.0182713998308308,1.7079513505209076,-0.27757494215853995,0.0,0.0
2010-03-23,0.0066312912003354,1.719277273282218,-0.272784331229574,0.0,0.0
2010-03-24,-0.0058605986881661,1.7092012791498263,-0.2770462504239838,0.0,0.0
2010-03-25,-0.0036599269703619,1.7029457272904889,-0.27969220835038133,0.0,0.0
2010-03-26,0.0019993590005839,1.7063505271578532,-0.27825205448395585,0.0,0.0
2010-03-29,0.0090477665555017,1.7217891883894347,-0.2717218475610138,0.0,0.0
2010-03-30,-0.0008830384982559,1.720268782250206,-0.272364945207056,0.0,0.0
2010-03-31,-0.0053236894375095,1.7111106055044634,-0.2762386482626189,0.0,0.0
2010-04-01,0.010814353499511908,1.7296151604691525,-0.2684116371556462,0.5632872656715916,0.0005632872656715916
2010-04-05,0.0201092877881713,1.7643964894938107,-0.2536999162247321,0.0,0.0
2010-04-06,0.0044732446337941,1.7722890666223239,-0.2503615333797844,0.0,0.0
2010-04-07,-0.0083346501099494,1.757517657358338,-0.2566095077080228,0.0,0.0
2010-04-08,0.0077417389610496,1.7711239002810417,-0.2508543725705722,0.0,0.0
2010-04-09,0.0085283380295932,1.7862286435949302,-0.24446540542646222,0.0,0.0
2010-04-12,0.0023679222753658,1.790458294188995,-0.2426763582301621,0.0,0.0
2010-04-13,0.0024710735741675,1.7948826483654146,-0.24080495579189232,0.0,0.0
2010-04-14,0.0228955113949058,1.8359774044935837,-0.22342279700626955,0.0,0.0
2010-04-15,-0.0027491851746628,1.830929962632134,-0.22555775153972102,0.0,0.0
2010-04-16,-0.0241171188903178,1.7867732070434899,-0.2442350673195226,0.0,0.0
2010-04-19,-0.0001030581402856,1.78658906551966,-0.24431295504797768,0.0,0.0
2010-04-20,0.0184883978315057,1.8196202349244055,-0.23034151232478972,0.0,0.0
2010-04-21,0.0075844569949126,1.8334210663432624,-0.2245040706242476,0.0,0.0
2010-04-22,0.0177211312546174,1.8659113617049121,-0.21076140547235833,0.0,0.0
2010-04-23,0.0099251733369758,1.884430855401266,-0.2029280756174402,0.0,0.0
2010-04-26,-0.0016793146201992,1.8812663031150363,-0.2042666101534062,0.0,0.0
2010-04-27,-0.038292054737399,1.809228750860531,-0.23473687667378806,0.0,0.0
2010-04-28,0.0074052977638891,1.8226266284836425,-0.22906987537783352,0.0,0.0
2010-04-29,0.0229764500541562,1.864504118180372,-0.2113566378742079,0.0,0.0
2010-04-30,-0.0317832372370658,1.8052441414627591,-0.23642227694808915,0.0,0.0
2010-05-03,0.021548058602433598,1.8441436480146989,-0.2199686594242537,0.3594909866070001,0.0003594909866070001
2010-05-04,-0.034546101911392,1.7804356736111369,-0.2469157016098631,0.0,0.0
2010-05-05,-0.0126365045373748,1.7579371901430458,-0.25643205476349573,0.0,0.0
2010-05-06,-0.0418240091988546,1.6844132089314945,-0.28753104734504076,0.0,0.0
2010-05-07,-0.0292440740111999,1.6351541043840592,-0.3083665421271644,0.0,0.0
2010-05-10,0.0791958930115323,1.7646515938922271,-0.2535920127942711,0.0,0.0
2010-05-11,-0.0052214148955016,1.7554376157745075,-0.2574893185767886,0.0,0.0
2010-05-12,0.0242607646285834,1.7980258745909747,-0.2394754417005709,0.0,0.0
2010-05-13,-0.0189471408635838,1.763958425068731,-0.25388520763688505,0.0,0.0
2010-05-14,-0.0354357689131572,1.7014512019455788,-0.28032435900175257,0.0,0.0
2010-05-17,-0.0017257669576663,1.6985148936811794,-0.2815663514432247,0.0,0.0
2010-05-18,-0.0238865917697775,1.65794316180093,-0.2987272827199723,0.0,0.0
2010-05-19,-0.0083967569359615,1.644021816057648,-0.30461569927279386,0.0,0.0
2010-05-20,-0.0532675587307193,1.5564487874162134,-0.34165712335220055,0.0,0.0
2010-05-21,0.0333664063511328,1.6083818901218707,-0.3196905874115964,0.0,0.0
2010-05-24,-0.0176867778811509,1.5799347968832196,-0.3317230688825037,0.0,0.0
2010-05-25,0.0055694927548736,1.5887342322876332,-0.3280011053563957,0.0,0.0
2010-05-26,-0.0013789179356893,1.5865434981596882,-0.3289277366849831,0.0,0.0
2010-05-27,0.054766091714253,1.6734322848885534,-0.29217573156538157,0.0,0.0
2010-05-28,-0.0169131852187351,1.6451292147032224,-0.3041472945197319,0.0,0.0
2010-06-01,-0.0303141742005582,1.5952584811062815,-0.32524149465159047,0.0,0.0
2010-06-02,0.0379354106923804,1.6557752667475512,-0.29964425363302183,0.4698423614716952,0.0004698423614716952
2010-06-03,0.0040684944589897,1.6625117792456459,-0.2967948601596061,0.0,0.0
2010-06-04,-0.051482137789612,1.5769221187496685,-0.33299736406323266,0.0,0.0
2010-06-07,-0.0296756454960092,1.5301259369788376,-0.35279109783219587,0.0,0.0
2010-06-08,0.0143242529535165,1.552043847950859,-0.34352031380377657,0.0,0.0
2010-06-09,0.0078167956760977,1.5641758575906353,-0.3383887462312719,0.0,0.0
2010-06-10,0.0447137265272542,1.6341159891274761,-0.30880564156290324,0.0,0.0
2010-06-11,0.0099871658086426,1.6504361764614461,-0.30190256889919365,0.0,0.0
2010-06-14,0.0036462481770704,1.6564540763612399,-0.2993571324136247,0.0,0.0
2010-06-15,0.0333768367293757,1.7117412736176576,-0.2759718898165928,0.0,0.0
2010-06-16,-0.0059957229900182,1.7014781471104652,-0.28031296180223886,0.0,0.0
2010-06-17,-0.0056514091929365,1.6918623978683045,-0.28438020774594697,0.0,0.0
2010-06-18,-0.0018509235660508,1.6887308898855748,-0.2857047652837623,0.0,0.0
2010-06-21,0.0056477668658405,1.6982684482507922,-0.28167059232470415,0.0,0.0
2010-06-22,-0.0235792799152156,1.6582245011383079,-0.298608282499611,0.0,0.0
2010-06-23,0.0014812408925578,1.660680731078435,-0.29756935240594806,0.0,0.0
2010-06-24,-0.0247315144390944,1.619609581599043,-0.31494152610938275,0.0,0.0
2010-06-25,0.0175453115502078,1.6480261362978998,-0.3029219617548621,0.0,0.0
2010-06-28,-0.0075982410862655,1.6355040363978417,-0.3082185287453896,0.0,0.0
2010-06-29,-0.0490496878628182,1.5552830739141483,-0.34215019397970936,0.0,0.0
2010-06-30,-0.0142517201699086,1.5331176147597285,-0.35152568532893924,0.0,0.0
2010-07-01,-0.00255589891538864,1.529199121111001,-0.35318312012646436,0.6017184234249398,0.0006017184234249398
2010-07-02,-0.0176370879424992,1.5022285017303738,-0.3645910863194869,0.0,0.0
2010-07-06,-0.0029667948144397,1.4977716980013365,-0.36647621418964305,0.0,0.0
2010-07-07,0.0442033316743136,1.5639781971404894,-0.3384723521619011,0.0,0.0
2010-07-08,0.0128261735467952,1.584038052920417,-0.3299874837447264,0.0,0.0
2010-07-09,0.0157651974558613,1.6090107256023054,-0.3194246041280636,0.0,0.0
2010-07-12,-0.0059721532691091,1.5994014669373682,-0.3234891047033953,0.0,0.0
2010-07-13,0.025538478354406,1.6402477466807532,-0.3062120458473432,0.0,0.0
2010-07-14,-0.0028364937365072,1.6355951942209732,-0.3081799710337614,0.0,0.0
2010-07-15,-0.0014771414706812,1.6331791887303424,-0.30920188708879537,0.0,0.0
2010-07-16,-0.0386926256619067,1.5699871977419828,-0.3359306798796201,0.0,0.0
2010-07-19,0.0065466813886254,1.5802654037098205,-0.33158322962083087,0.0,0.0
2010-07-20,0.0171511427523429,1.6073687612354366,-0.32011911817399763,0.0,0.0
2010-07-21,-0.0159751249361206,1.581690844456283,-0.33098030020284797,0.0,0.0
2010-07-22,0.0349053146127888,1.6369002610021972,-0.3076279570992748,0.0,0.0
2010-07-23,0.0174155538081421,1.665407785576243,-0.2955699145308839,0.0,0.0
2010-07-26,0.0191300587614972,1.6972671343761714,-0.28209412560249325,0.0,0.0
2010-07-27,-0.0089572531778878,1.6820642829430559,-0.28852459027736466,0.0,0.0
2010-07-28,-0.010027950241855,1.6651966260101014,-0.2956592302843666,0.0,0.0
2010-07-29,-0.0016865388138499,1.6623882072676435,-0.29684712833066895,0.0,0.0
2010-07-30,-0.0021863331856834,1.6587536727626055,-0.2983844547886081,0.0,0.0
2010-08-02,0.0241561193718181,1.6988227244903007,-0.2814361459253585,0.0,0.0
2010-08-03,-0.012564921871039997,1.6774771496843328,-0.29046484461115973,0.4413756202994957,0.0004413756202994957
2010-08-04,0.0120388857817238,1.697672105490834,-0.28192283191731593,0.0,0.0
2010-08-05,-0.0040958437827879,1.6907187057523467,-0.2848639638217694,0.0,0.0
2010-08-06,-0.0080367418707266,1.6771308359382062,-0.2906113275469884,0.0,0.0
2010-08-09,0.0066560885516385,1.6882939672948944,-0.28588957372561186,0.0,0.0
2010-08-10,-0.0075835210858372,1.6754907543948219,-0.29130504520087985,0.0,0.0
2010-08-11,-0.0372707448279135,1.6130439660262441,-0.3177186340220276,0.0,0.0
2010-08-12,-0.0090938377229897,1.5983752059591538,-0.32392319004565095,0.0,0.0
2010-08-13,-0.0052080911566033,1.590050722184064,-0.32744425970075874,0.0,0.0
2010-08-16,0.0039388626232105,1.5963137135426837,-0.3247951550332685,0.0,0.0
2010-08-17,0.0241236520044935,1.634822630058188,-0.308506748321543,0.0,0.0
2010-08-18,0.0028465403568022,1.639476218650862,-0.30653838487418406,0.0,0.0
2010-08-19,-0.0261231231396798,1.596647979506469,-0.3246537680387569,0.0,0.0
2010-08-20,0.0037092409902451,1.6025703316390463,-0.3221487461125587,0.0,0.0
2010-08-23,-0.0102142128486885,1.5862013371666916,-0.32907246309951554,0.0,0.0
2010-08-24,-0.0210642015635585,1.5527892724802266,-0.34320501597132913,0.0,0.0
2010-08-25,0.0072544096372119,1.5640538419430663,-0.33844035610951917,0.0,0.0
2010-08-26,-0.0092362434939064,1.5496078598213003,-0.3445506820662336,0.0,0.0
2010-08-27,0.0202366779117306,1.5809667749699903,-0.3312865653317444,0.0,0.0
2010-08-30,-0.019606457287782,1.5499696174231388,-0.34439766672633354,0.0,0.0
2010-08-31,0.0022503664177048,1.5534576169986505,-0.3429223212521656,0.0,0.0
2010-09-01,0.03807531112628029,1.6126059990873642,-0.3179038841997077,0.5360411204988049,0.0005360411204988048
2010-09-02,0.0143824401933765,1.6357992084247184,-0.3080936776080756,0.0,0.0
2010-09-03,0.0172192579767791,1.6639664569927948,-0.2961795641470445,0.0,0.0
2010-09-07,-0.0163500287891014,1.6367605575168636,-0.30768704853559825,0.0,0.0
2010-09-08,0.0130539641654682,1.6581267711821404,-0.29864962007589246,0.0,0.0
2010-09-09,0.0037768094526297,1.6643892000451992,-0.29600075333138975,0.0,0.0
2010-09-10,0.0027077950925583,1.6688960249531886,-0.2940944676260957,0.0,0.0
2010-09-13,0.0174910380798941,1.6980867488770286,-0.28174744707853594,0.0,0.0
2010-09-14,-0.0037833357442261,1.6916623165832054,-0.2844648376353853,0.0,0.0
2010-09-15,0.001127538185307,1.693569730441798,-0.28365804441688935,0.0,0.0
2010-09-16,-0.0023604408426813,1.6895721592801345,-0.2853489272261739,0.0,0.0
2010-09-17,0.0013705100063758,1.691887734830922,-0.28436949077987006,0.0,0.0
2010-09-20,0.0196923251929398,1.7252049382951586,-0.27027706207431823,0.0,0.0
2010-09-21,-0.0101422268826946,1.707707518391824,-0.27767807767226704,0.0,0.0
2010-09-22,-0.0070554252533034,1.6956589156413062,-0.2827743660040728,0.0,0.0
2010-09-23,-0.0133061792017784,1.67309617424469,-0.29231789881813164,0.0,0.0
2010-09-24,0.0277425457559057,1.719512121412704,-0.2726849957454581,0.0,0.0
2010-09-27,-0.0083044485804383,1.7052325214169919,-0.27872494580007123,0.0,0.0
2010-09-28,0.0112708562888617,1.7244519521049761,-0.2705955583194428,0.0,0.0
2010-09-29,0.0010727130037244,1.7263017941382972,-0.26981311668987773,0.0,0.0
2010-09-30,-0.0049747807978051,1.7177138211216014,-0.2734456363757781,0.0,0.0
2010-10-01,0.0030842376705380497,1.7230116587959083,-0.27120477003779464,0.6079030200177507,0.0006079030200177506
2010-10-04,-0.0035566722585414,1.7168834710279255,-0.27379685581435853,0.0,0.0
2010-10-05,0.0218939951737765,1.7544729094565474,-0.25789736768037674,0.0,0.0
2010-10-06,-0.0093189172611899,1.7381231215763226,-0.2648129607102746,0.0,0.0
2010-10-07,-0.0008031190192369,1.7367272018396094,-0.26540340340422464,0.0,0.0
2010-10-08,0.0108107950300763,1.7555026036418553,-0.2574618301686361,0.0,0.0
2010-10-11,-0.0027782427239157,1.7506253913064722,-0.2595247814361997,0.0,0.0
2010-10-12,0.0050197592699307,1.7594131093426588,-0.2558077740936602,0.0,0.0
2010-10-13,0.0049545288371227,1.7681301723293086,-0.25212065225004476,0.0,0.0
2010-10-14,-0.0023819090864062,1.7639186470058883,-0.25390203286398605,0.0,0.0
2010-10-15,0.0014768270055122,1.7665236496993129,-0.25280017523736187,0.0,0.0
2010-10-18,-0.0002570518195991,1.7660695615807929,-0.25299224431192124,0.0,0.0
2010-10-19,-0.0157303141481708,1.7382887325696046,-0.2647429109800148,0.0,0.0
2010-10-20,0.013677472168527,1.7620641283301897,-0.25468645260823164,0.0,0.0
2010-10-21,-9.753062849554442e-05,1.7618922731083042,-0.25475914350693496,0.0,0.0
2010-10-22,0.0038131859562934,1.7686106959806225,-0.25191740153889963,0.0,0.0
2010-10-25,0.0049698076873031,1.7774003510133534,-0.24819957489033007,0.0,0.0
2010-10-26,-0.0009743078004385,1.7756686159868589,-0.24893205990888745,0.0,0.0
2010-10-27,-0.0055738068172536,1.765771382149888,-0.25311836751358796,0.0,0.0
2010-10-28,0.0051374664192278,1.7748429733297166,-0.2492812882075509,0.0,0.0
2010-10-29,0.0038832165311232,1.7817350729038983,-0.246366084895695,0.0,0.0
2010-11-01,-0.0008235273459771,1.7802677653480754,-0.2469867230336391,0.0,0.0
2010-11-02,0.008650302687858687,1.7956676203837738,-0.2404729302599039,0.6128459141181141,0.0006128459141181141
2010-11-03,0.0015632918002565,1.798474772850706,-0.23928556781970622,0.0,0.0
2010-11-04,0.0200673549928192,1.834565404563131,-0.2240200412609834,0.0,0.0
2010-11-05,0.0016142095960098,1.8375267776436846,-0.2227674469652755,0.0,0.0
2010-11-08,-0.001191392050318,1.8353375628485533,-0.2236934356502095,0.0,0.0
2010-11-09,-0.0124123052215162,1.8125567928339634,-0.2333291896723857,0.0,0.0
2010-11-10,0.0042977490375137,1.8203467070458046,-0.23003423093521036,0.0,0.0
2010-11-11,-0.0008810461540408,1.818742897580541,-0.23071260631478796,0.0,0.0
2010-11-12,-0.0121464770345551,1.7966515787433188,-0.24005673797515814,0.0,0.0
2010-11-15,-0.0028223420138222,1.7915808135084315,-0.24220155777169194,0.0,0.0
2010-11-16,-0.0207087983769878,1.7544793276654056,-0.2578946529221934,0.0,0.0
2010-11-17,0.0029918936133929,1.7597285431606775,-0.25567435267380667,0.0,0.0
2010-11-18,0.015799849251834,1.7875319888667658,-0.243914119651779,0.0,0.0
2010-11-19,0.0044491724027916,1.7954850268607387,-0.2405501632187934,0.0,0.0
2010-11-22,0.006712536754565,1.8075372860958128,-0.23545232827615103,0.0,0.0
2010-11-23,-0.0042798654582923,1.799801269700476,-0.23872448944757974,0.0,0.0
2010-11-24,0.0129240029543227,1.8230619066272786,-0.2288857625001468,0.0,0.0
2010-11-26,-0.0004356963208594,1.8222676052618623,-0.2292217341363877,0.0,0.0
2010-11-29,-0.0028847924716668,1.8170107413928405,-0.2314452694750755,0.0,0.0
2010-11-30,-0.00550843819885,1.8070018500172313,-0.23567880571060584,0.0,0.0
2010-12-01,0.01866151573552813,1.8407232434754563,-0.22141541371637674,0.6269076319279678,0.0006269076319279679
2010-12-02,0.011542952183546,1.8619706238580351,-0.21242824906605895,0.0,0.0
2010-12-03,0.0084479684577077,1.877700492957566,-0.2057748677559874,0.0,0.0
2010-12-06,-0.0020114423202518,1.8739236067212734,-0.20737240579879068,0.0,0.0
2010-12-07,0.0011595313479268,1.876096479886887,-0.2064533292560824,0.0,0.0
2010-12-08,0.0010256758459443,1.8780207467309684,-0.20563940760327082,0.0,0.0
2010-12-09,0.0006232223475737,1.8791911712295382,-0.20514434433005724,0.0,0.0
2010-12-10,0.0061335149764709,1.8907172184219265,-0.20026908526187304,0.0,0.0
2010-12-13,-0.0007998348311047,1.8892049569348632,-0.2009087379029918,0.0,0.0
2010-12-14,-0.0046033711742713,1.8805082452938187,-0.20458725158454139,0.0,0.0
2010-12-15,-0.0096095130957501,1.8624374766840017,-0.21223078080696622,0.0,0.0
2010-12-16,0.0244444587323202,1.9079637527243305,-0.19297418863781002,0.0,0.0
2010-12-17,0.0037417280906834,1.9151028342939047,-0.18995451748952952,0.0,0.0
2010-12-20,0.0059557926577481,1.9265087896932247,-0.18513005455235176,0.0,0.0
2010-12-21,0.008044246602572,1.9420061014795398,-0.1785750397621464,0.0,0.0
2010-12-22,-0.0009702366674163,1.9401218959515383,-0.17937201637810007,0.0,0.0
2010-12-23,-0.004270956272569,1.9318357201704757,-0.1828768826121957,0.0,0.0
2010-12-27,-0.0058326362353748,1.920568025148218,-0.18764286451543422,0.0,0.0
2010-12-28,-0.0012910266957813,1.9180885205566878,-0.18869163926385313,0.0,0.0
2010-12-29,0.0025933462796597,1.9230627882855313,-0.18658763574488124,0.0,0.0
2010-12-30,-0.0015752294468784,1.920033523153228,-0.18786894685351085,0.0,0.0
2010-12-31,-0.0051699251891454,1.9101070934778746,-0.1920676036420601,0.0,0.0
2011-01-03,0.017151212970236494,1.942867747034073,-0.17821058304657156,0.45043829371070476,0.00045043829371070474
2011-01-04,-0.0109070946694079,1.921676704587033,-0.18717391801560013,0.0,0.0
2011-01-05,0.0087007571205681,1.9383967468578986,-0.18010171569499078,0.0,0.0
2011-01-06,-0.0064939016092461,1.9258089891041208,-0.1854260544828572,0.0,0.0
2011-01-07,-0.000424777572915,1.9249909486358312,-0.18577206722639383,0.0,0.0
2011-01-10,0.0045408308107353,1.9337320068457833,-0.18207479594229414,0.0,0.0
2011-01-11,0.0016242455861114,1.9368728625226246,-0.18074628453983432,0.0,0.0
2011-01-12,0.0066798331263024,1.9498108500311395,-0.17527380643245705,0.0,0.0
2011-01-13,0.0003320320107072,1.9504582496481742,-0.17499997093612396,0.0,0.0
2011-01-14,0.008082629790978,1.9662230816028392,-0.16833180112365453,0.0,0.0
2011-01-18,0.0038043869206092,1.9737033549774892,-0.16516781350556264,0.0,0.0
2011-01-19,-0.013908069799136,1.9462529509536735,-0.1767787178258926,0.0,0.0
2011-01-20,-0.0124794157054406,1.9219648513107819,-0.1870520384237092,0.0,0.0
2011-01-21,-0.0013983433974507,1.919277284450819,-0.18818881883825045,0.0,0.0
2011-01-24,0.0046043524451145,1.9281143135083327,-0.18445095404129708,0.0,0.0
2011-01-25,-0.0032640708967723,1.9218208116919602,-0.1871129639471013,0.0,0.0
2011-01-26,0.0123007998845661,1.9454607449105774,-0.17711380318785652,0.0,0.0
2011-01-27,0.0078548794956365,1.9607421046253413,-0.17065013127327444,0.0,0.0
2011-01-28,-0.0197595487803259,1.921998725363358,-0.18703771046033713,0.0,0.0
2011-01-31,0.0118695034762632,1.944811895915432,-0.1773882517385751,0.0,0.0
2011-02-01,0.015636757101021633,1.975222447139039,-0.16452527164256447,0.45767747523256613,0.00045767747523256617
2011-02-02,-0.002741686441011,1.9698070065377373,-0.16681588137710934,0.0,0.0
2011-02-03,0.0076858089705162,1.984946566898771,-0.1604121874041058,0.0,0.0
2011-02-04,0.0107019679671454,2.006189401474217,-0.15142694552809877,0.0,0.0
2011-02-07,0.0066883275859364,2.01960745339071,-0.1457514109591922,0.0,0.0
2011-02-08,0.007412587270837,2.0345779698918016,-0.13941921874193774,0.0,0.0
2011-02-09,-0.0013931407355493,2.0317435164422943,-0.14061812888453906,0.0,0.0
2011-02-10,0.004094242791217,2.04006196768809,-0.13709961085382216,0.0,0.0
2011-02-11,0.0131355711322029,2.0668593467787586,-0.12576492141218698,0.0,0.0
2011-02-14,0.0039172155222575,2.0749556802942832,-0.12234035419224087,0.0,0.0
2011-02-15,-0.0082490724669714,2.0578392205217817,-0.12958023221184556,0.0,0.0
2011-02-16,0.0094408886907873,2.077267051546264,-0.12136269606989669,0.0,0.0
2011-02-17,-0.001385076744712,2.074389877260611,-0.12257967616660681,0.0,0.0
2011-02-18,-0.0025057089766144,2.069192059924161,-0.12477823614829997,0.0,0.0
2011-02-22,-0.0335186937294373,1.9998354450001796,-0.15411452639618295,0.0,0.0
2011-02-23,-0.0140040775838765,1.971829594273411,-0.1659603721956049,0.0,0.0
2011-02-24,0.0031325815108287,1.9780065112029368,-0.16334767507824643,0.0,0.0
2011-02-25,0.0179395963398682,2.0134911495715486,-0.1483384700923378,0.0,0.0
2011-02-28,0.002436748454239,2.018397521017891,-0.14626318517580061,0.0,0.0
2011-03-01,-0.02200608346729541,1.973980496700189,-0.1650505887819248,0.6080462951208103,0.0006080462951208103
2011-03-02,0.0069561233402656,1.987711748506514,-0.1592425776946098,0.0,0.0
2011-03-03,0.0239642667129154,2.03534580299612,-0.1390944425856201,0.0,0.0
2011-03-04,-0.0057501177879757,2.02364232488963,-0.14404475094507574,0.0,0.0
2011-03-07,-0.0164246822919734,1.9904046426307276,-0.1581035439669498,0.0,0.0
2011-03-08,0.0093250043164212,2.008965174514684,-0.1502528558804619,0.0,0.0
2011-03-09,-0.009730289758992,1.989417361250932,-0.15852114181462096,0.0,0.0
2011-03-10,-0.021818367383432,1.9460115223841814,-0.17688083668790044,0.0,0.0
2011-03-11,0.0135952294758665,1.9724679955936748,-0.16569034277668915,0.0,0.0
2011-03-14,-0.0048399938902103,1.9629212625463661,-0.16972839642019333,0.0,0.0
2011-03-15,-0.0075033255305389,1.9481928253226644,-0.17595819454061523,0.0,0.0
2011-03-16,-0.015803220611056,1.917405104311214,-0.18898070898502273,0.0,0.0
2011-03-17,0.0147323365297278,1.9456529615717446,-0.17703249985768876,0.0,0.0
2011-03-18,0.0015102592600625,1.9485914019738262,-0.17578960556986845,0.0,0.0
2011-03-21,0.021121859799109,1.9897492763720666,-0.1583807491737469,0.0,0.0
2011-03-22,-0.0078045490131499,1.9742201806207413,-0.16494920786723077,0.0,0.0
2011-03-23,0.0061310942753904,1.9863243106685056,-0.15982943273592531,0.0,0.0
2011-03-24,0.0157224134018432,2.0175541226309672,-0.1466199237493383,0.0,0.0
2011-03-25,0.0046560428147451,2.0269479410070024,-0.1426465495770648,0.0,0.0
2011-03-28,-0.0041956268423584,2.0184436238176504,-0.14624368472704785,0.0,0.0
2011-03-29,0.0111526082551638,2.040954534839222,-0.1367220749974365,0.0,0.0
2011-03-30,0.0091265238043266,2.05958135498498,-0.128843348465151,0.0,0.0
2011-03-31,0.0004963613022619,2.060603651468455,-0.128410940015121,0.0,0.0
2011-04-01,0.004908492109084379,2.070718108231638,-0.12413275199182106,0.5164217411211207,0.0005164217411211207
2011-04-04,-0.0012427597584066,2.068144703095724,-0.12522124456135197,0.0,0.0
2011-04-05,0.0020070278004077,2.072295527010103,-0.1234655392799805,0.0,0.0
2011-04-06,-0.0051650576820325,2.061592001078878,-0.1279928903298887,0.0,0.0
2011-04-07,-0.0042514157517109,2.0528273163718898,-0.1317001550915442,0.0,0.0
2011-04-08,-0.0063411174647536,2.0398100972239206,-0.1372061464027361,0.0,0.0
2011-04-11,-0.0066922773399464,2.026159122332475,-0.14298020215821006,0.0,0.0
2011-04-12,-0.0108638489768509,2.0041472356243863,-0.1522907358121346,0.0,0.0
2011-04-13,0.0073256865097917,2.0188289899920364,-0.14608068349124803,0.0,0.0
2011-04-14,0.0008337646272763,2.020512218192412,-0.14536871577059507,0.0,0.0
2011-04-15,0.0073980586896885,2.035460086165832,-0.1390461033718221,0.0,0.0
2011-04-18,-0.0128109755543692,2.009383856760067,-0.1500757626949646,0.0,0.0
2011-04-19,0.0081409892243895,2.025742229085613,-0.14315653863751687,0.0,0.0
2011-04-20,0.0236406133389957,2.073632017847901,-0.12290023367539982,0.0,0.0
2011-04-21,0.010936671194331,2.0963106494051407,-0.113307681926483,0.0,0.0
2011-04-25,-0.0028473636812308,2.0903416905974472,-0.11583241742939188,0.0,0.0
2011-04-26,0.0044057859153254,2.099551288576099,-0.11193696434731493,0.0,0.0
2011-04-27,0.002992418837895,2.1058340254031607,-0.10927950779018969,0.0,0.0
2011-04-28,-0.0031310006548769,2.099240657690561,-0.11206835423461103,0.0,0.0
2011-04-29,0.0026052561665809,2.1047097173591465,-0.10975506483897857,0.0,0.0
2011-05-02,-0.006717573900443,2.090571174293806,-0.11573535098041776,0.0,0.0
2011-05-03,-0.01314752845076709,2.0630853303014245,-0.12736124561141027,0.5594828821831912,0.0005594828821831912
2011-05-04,-0.0111968130006069,2.039985349653744,-0.13713201856138202,0.0,0.0
2011-05-05,-0.0012644859081703,2.037405816926233,-0.13822310296452245,0.0,0.0
2011-05-06,0.007000201792454,2.051668068777836,-0.1321904907851993,0.0,0.0
2011-05-09,0.0103560443142573,2.0729152342162465,-0.12320341705143678,0.0,0.0
2011-05-10,0.0114363557889372,2.0966218303550517,-0.11317605937431252,0.0,0.0
2011-05-11,-0.0183687572558716,2.0581094928958983,-0.12946591306836142,0.0,0.0
2011-05-12,0.0038211375768626,2.0659738124165004,-0.12613948255684715,0.0,0.0
2011-05-13,-0.0095656007737807,2.0462115317178386,-0.13449848339867765,0.0,0.0
2011-05-16,-0.0092695180662022,2.0272441369573087,-0.14252126534313914,0.0,0.0
2011-05-17,-0.0071223698919032,2.0128053543527065,-0.14862854606580644,0.0,0.0
2011-05-18,0.0213217661221859,2.055721919367698,-0.1304758030419163,0.0,0.0
2011-05-19,0.0022573411101808,2.0603623849673864,-0.12851299032582597,0.0,0.0
2011-05-20,-0.0078291552909151,2.0442314878999164,-0.13533599745858038,0.0,0.0
2011-05-23,-0.0142407258331525,2.015120147741236,-0.14764944045656914,0.0,0.0
2011-05-24,0.0003342015532313,2.0157936040245588,-0.14736458357567217,0.0,0.0
2011-05-25,0.010770674371474,2.0375050605336074,-0.13818112514777958,0.0,0.0
2011-05-26,0.0085717376743307,2.0549700194226226,-0.13079383982975956,0.0,0.0
2011-05-27,0.0053891832789012,2.066044629489938,-0.1261095285254522,0.0,0.0
2011-05-31,0.0094874639941506,2.085646153522532,-0.11781852414250615,0.0,0.0
2011-06-01,-0.02402445229518171,2.035539647002601,-0.13901245092493753,0.6252941224055129,0.0006252941224055128
2011-06-02,0.0045981277679238,2.0448993183761934,-0.13505352016769878,0.0,0.0
2011-06-03,0.0434660248525922,2.1337829629697818,-0.0974577349791459,0.0,0.0
2011-06-06,-0.0147815833279511,2.1022422722988816,-0.11079873867654932,0.0,0.0
2011-06-07,0.0031047562787821,2.1087692221933225,-0.10803798547735455,0.0,0.0
2011-06-08,-0.0084142252651268,2.091025562925622,-0.11554315479548427,0.0,0.0
2011-06-09,0.0104696484949293,2.112917865563365,-0.10628320251725887,0.0,0.0
2011-06-10,-0.0172593557068854,2.076450264542174,-0.12170817862623184,0.0,0.0
2011-06-13,-0.006620786244963,2.0627025311923433,-0.12752316103624683,0.0,0.0
2011-06-14,0.020159781894961,2.104286164335365,-0.10993421825433247,0.0,0.0
2011-06-15,-0.0210718573516247,2.0599449464534927,-0.12868955744083954,0.0,0.0
2011-06-16,-0.005745831731345,2.0481088494153363,-0.13369596062954825,0.0,0.0
2011-06-17,0.0026358828941275,2.0535074244968214,-0.13141248463105804,0.0,0.0
2011-06-20,0.0106387245277692,2.075354124301772,-0.12217182132678839,0.0,0.0
2011-06-21,0.0235790172441392,2.124288934986379,-0.10147349556446139,0.0,0.0
2011-06-22,-0.0044728181134603,2.1147873769597485,-0.10549244118892487,0.0,0.0
2011-06-23,0.0034712087182427,2.122128245339881,-0.10238741875224588,0.0,0.0
2011-06-24,-0.0135121835090248,2.0934536590591635,-0.11451612467007499,0.0,0.0
2011-06-27,0.0026841740424644,2.099072853029912,-0.11213933183689362,0.0,0.0
2011-06-28,0.0194178172832175,2.139832266154209,-0.09489901560954705,0.0,0.0
2011-06-29,0.0069246995531262,2.1546499616914123,-0.08863146322740434,0.0,0.0
2011-06-30,0.0115757358105965,2.179591620412264,-0.07808170181963481,0.0,0.0
2011-07-01,0.01605626375603775,2.214587718350053,-0.06327913846253341,0.5248908289349501,0.0005248908289349501
2011-07-05,0.0026588430212896,2.2204759594500216,-0.06078854473693818,0.0,0.0
2011-07-06,0.0055492384275993,2.232797909971762,-0.055576636437750904,0.0,0.0
2011-07-07,0.0106604045304564,2.2566004389268186,-0.04550870133416307,0.0,0.0
2011-07-08,-0.0071996528510475,2.240353699143024,-0.05238070733390254,0.0,0.0
2011-07-11,-0.0240329613463713,2.18651136528932,-0.07515480516562256,0.0,0.0
2011-07-12,-0.0084205255969954,2.16809979036978,-0.08294248780198354,0.0,0.0
2011-07-13,0.0063459902204974,2.181858530436529,-0.07712284979794137,0.0,0.0
2011-07-14,-0.0110937849116848,2.1576534611921416,-0.08736105040219155,0.0,0.0
2011-07-15,0.0085343134673756,2.1760675521839232,-0.07957230352378752,0.0,0.0
2011-07-18,-0.009429380756037,2.1555485826835237,-0.08825136673226375,0.0,0.0
2011-07-19,0.0206645664349278,2.200092059574102,-0.06941047652814802,0.0,0.0
2011-07-20,-0.0069614374835942,2.1847762562432247,-0.07588871731868496,0.0,0.0
2011-07-21,0.0087459879019222,2.203884282948735,-0.06780645122032425,0.0,0.0
2011-07-22,0.003196434176779,2.2109288539924186,-0.064826755901632,0.0,0.0
2011-07-25,-0.0053597945333746,2.19907872960711,-0.06983909234310859,0.0,0.0
2011-07-26,-0.0047044887430103,2.18873318847868,-0.07421502386236867,0.0,0.0
2011-07-27,-0.0275649830662507,2.128400795201724,-0.0997342710525918,0.0,0.0
2011-07-28,-0.0049190249897429,2.117931138501938,-0.10416270067069333,0.0,0.0
2011-07-29,-0.0047064567287575,2.1079631872440907,-0.1083789201559936,0.0,0.0
2011-08-01,-0.0046196271503135,2.0982251832724366,-0.11249787710423276,0.0,0.0
2011-08-02,-0.040759254024104956,2.012703090027661,-0.14867180157827387,0.5353173184569567,0.0005353173184569568
2011-08-03,0.0073204012956921,2.0274368843357427,-0.1424397375314883,0.0,0.0
2011-08-04,-0.0640048414666965,1.8976711079701003,-0.19732774617892412,0.0,0.0
2011-08-05,-0.003161048365483,1.891672477816027,-0.1998650319948838,0.0,0.0
2011-08-08,-0.0876591990608849,1.7258499835251544,-0.2700042224308191,0.0,0.0
2011-08-09,0.062581253477941,1.8338558388090425,-0.22432017163693552,0.0,0.0
2011-08-10,-0.0387038522518409,1.7628785533726015,-0.25434196910863294,0.0,0.0
2011-08-11,0.0520473009482859,1.854631623975264,-0.21553248117032375,0.0,0.0
2011-08-12,0.0170225625052696,1.8862022067186326,-0.20217883379769175,0.0,0.0
2011-08-15,0.0221086952724241,1.9279036765291486,-0.18454004875223495,0.0,0.0
2011-08-16,-0.0188329094200642,1.8915956412184665,-0.19989753214977413,0.0,0.0
2011-08-17,-0.0080799910879331,1.876311565295448,-0.20636235295943728,0.0,0.0
2011-08-18,-0.0687316057558654,1.7473496585143908,-0.26091034282884173,0.0,0.0
2011-08-19,-0.0247227186010989,1.7041504246092134,-0.2791826484440669,0.0,0.0
2011-08-22,0.0013949854640416,1.7065276896800836,-0.27817711871641737,0.0,0.0
2011-08-23,0.0524733725245726,1.7960749528641646,-0.24030063777006372,0.0,0.0
2011-08-24,0.0150781856138716,1.823156504379876,-0.2288457497756209,0.0,0.0
2011-08-25,-0.0212836867923284,1.7843530123672584,-0.24525875530596952,0.0,0.0
2011-08-26,0.0293442025780315,1.836713428632884,-0.22311147532767228,0.0,0.0
2011-08-29,0.0379637264326812,1.9064419147727345,-0.1936178919083228,0.0,0.0
2011-08-30,0.010629812029086,1.9267070339711394,-0.1850462016756902,0.0,0.0
2011-08-31,0.007101612487974,1.940389760704256,-0.17925871560438855,0.0,0.0
2011-09-01,-0.011245254171657428,1.918569584653055,-0.18848815995658974,0.5522801300651274,0.0005522801300651274
2011-09-02,-0.0296473004549919,1.861689175733037,-0.21254729530114003,0.0,0.0
2011-09-06,-0.0046862562199875,1.8529648232535745,-0.21623750043648104,0.0,0.0
2011-09-07,0.0343120189488073,1.9165437873805244,-0.18934502670009312,0.0,0.0
2011-09-08,-0.0103727671623673,1.8966639249175445,-0.1977537619871481,0.0,0.0
2011-09-09,-0.0320454227833123,1.8358845275657052,-0.2234620818605918,0.0,0.0
2011-09-12,0.008107162278338,1.8507683413549703,-0.2171665629429529,0.0,0.0
2011-09-13,0.0155208390929522,1.8794938189794708,-0.20501633112980777,0.0,0.0
2011-09-14,0.0162945908277523,1.9101194017230307,-0.19206239753082266,0.0,0.0
2011-09-15,0.013794533061342,1.93646860696121,-0.18091727556206016,0.0,0.0
2011-09-16,0.0036509223556696,1.943538503489417,-0.177926868132267,0.0,0.0
2011-09-19,-0.0071355250746444,1.9296703357642313,-0.18379279157790063,0.0,0.0
2011-09-20,-0.0123016293617662,1.9059322465032649,-0.1938334701383111,0.0,0.0
2011-09-21,-0.0371501866346255,1.8351265078327175,-0.22378270718126125,0.0,0.0
2011-09-22,-0.044660214427065,1.7531693644921174,-0.258448737920542,0.0,0.0
2011-09-23,0.0040346210241595,1.7602427384690096,-0.2554568596080643,0.0,0.0
2011-09-26,0.0256382923691901,1.8053723564386217,-0.23636804489322094,0.0,0.0
2011-09-27,0.0123655618238939,1.8276967999273124,-0.22692530674164713,0.0,0.0
2011-09-28,-0.0306872975049489,1.7716097244790998,-0.2506488798472134,0.0,0.0
2011-09-29,-0.0085636101040073,1.756438349542193,-0.25706603067120304,0.0,0.0
2011-09-30,-0.0330849094659002,1.698326745765154,-0.2816459337855882,0.0,0.0
2011-10-03,-0.03588237406021753,1.6373867501971369,-0.30742218309717206,0.4829301898797265,0.00048293018987972654
2011-10-04,0.032802302161439,1.69109680513224,-0.28470403627681573,0.0,0.0
2011-10-05,0.0252263913172128,1.7337570748937943,-0.26665970038831177,0.0,0.0
2011-10-06,0.0246183346326531,1.7764392867352596,-0.24860608349286106,0.0,0.0
2011-10-07,-0.0107284092903684,1.7573809189876737,-0.2566673449674426,0.0,0.0
2011-10-10,0.0414737195975558,1.8302660424478634,-0.22583857486491554,0.0,0.0
2011-10-11,0.0032480715620573,1.8362108775313375,-0.2233240431554926,0.0,0.0
2011-10-12,0.0092070413171303,1.8531169469477327,-0.2161731555308034,0.0,0.0
2011-10-13,0.0015526788286538,1.8559942423982778,-0.21495612418406562,0.0,0.0
2011-10-14,0.0240566292033484,1.9006432076912028,-0.19607061475520227,0.0,0.0
2011-10-17,-0.0224573935532557,1.857959715171759,-0.21412477334867164,0.0,0.0
2011-10-18,0.016786738532395,1.8891487991140705,-0.20093249139978908,0.0,0.0
2011-10-19,-0.0169360836389865,1.8571540170457839,-0.21446556555863872,0.0,0.0
2011-10-20,0.0050859030881354,1.86659932239622,-0.2104704135526767,0.0,0.0
2011-10-21,0.0221264038600673,1.9079004528484866,-0.19300096306347136,0.0,0.0
2011-10-24,0.0247519354274213,1.9551246816593402,-0.1730261750112273,0.0,0.0
2011-10-25,-0.0283871295990131,1.8996243039388472,-0.19650158815617524,0.0,0.0
2011-10-26,0.0121975608842541,1.9227950870433501,-0.18670086735730862,0.0,0.0
2011-10-27,0.044193701293058,2.0077705187679036,-0.1507581684273943,0.0,0.0
2011-10-28,0.0063611172513054,2.0205421824515004,-0.14535604156204762,0.0,0.0
2011-10-31,-0.0293302599183791,1.9612791550641488,-0.17042297100070525,0.0,0.0
2011-11-01,-0.021495095001872952,1.9191212733008518,-0.1882548080504166,0.7252518437721533,0.0007252518437721534
2011-11-02,0.0159415733939013,1.9497150859309744,-0.17531431249580587,0.0,0.0
2011-11-03,0.0149226895718662,1.9788100789119067,-0.1630077839868198,0.0,0.0
2011-11-04,-0.0043013101728195,1.9702986029894052,-0.16660794712012805,0.0,0.0
2011-11-07,0.0012247396144492,1.9727117057407801,-0.16558725885859893,0.0,0.0
2011-11-08,0.0064768760010564,1.9854887148446958,-0.16018287100052442,0.0,0.0
2011-11-09,-0.031514058351204,1.922917907629423,-0.18664891700815456,0.0,0.0
2011-11-10,0.0076002191236627,1.9375325050842214,-0.1804672705529482,0.0,0.0
2011-11-11,0.0189766935805232,1.9743004657355079,-0.16491524906702182,0.0,0.0
2011-11-14,-0.0092841283018507,1.955970806905216,-0.17266828303760262,0.0,0.0
2011-11-15,0.0059128369074099,1.9675361432821015,-0.16777640552687645,0.0,0.0
2011-11-16,-0.021731822208382,1.9247779976277293,-0.18586214071958695,0.0,0.0
2011-11-17,-0.0144825503180811,1.8969023034259502,-0.19765293323247046,0.0,0.0
2011-11-18,-0.0015320890111669,1.8939960802516143,-0.19888220035660686,0.0,0.0
2011-11-21,-0.0142113528460992,1.8670798336660297,-0.21026716807862977,0.0,0.0
2011-11-22,0.0008685071223999,1.868701405799658,-0.20958127948931293,0.0,0.0
2011-11-23,-0.0207404997854033,1.8299436046936874,-0.22597495879244356,0.0,0.0
2011-11-25,-0.0027670072184336,1.8248801375301735,-0.2281166916687133,0.0,0.0
2011-11-28,0.0286402929195248,1.8771452392120604,-0.2060097276184134,0.0,0.0
2011-11-29,0.0025000917791281,1.881838274592844,-0.20402467906572452,0.0,0.0
2011-11-30,0.0358712498460399,1.9493421655106045,-0.1754720494572093,0.0,0.0
2011-12-01,0.00207365371112586,1.9533844261263698,-0.17376226401263917,0.5943611420805399,0.0005943611420805399
2011-12-02,-0.0033414970620156,1.9468571978054814,-0.1765231349799674,0.0,0.0
2011-12-05,0.0089298462738658,1.9642423332990535,-0.16916961316525359,0.0,0.0
2011-12-06,-0.0026889674571122,1.9589605495869302,-0.1714036890378322,0.0,0.0
2011-12-07,-0.0009628166741949,1.957074429705698,-0.17220147538220298,0.0,0.0
2011-12-08,-0.019201390830969,1.919495878695623,-0.18809635838268868,0.0,0.0
2011-12-09,0.0171303502489997,1.9523775153991905,-0.17418816463334585,0.0,0.0
2011-12-12,-0.0143593453858276,1.9243426523320495,-0.18604628200107987,0.0,0.0
2011-12-13,-0.0156385233153733,1.8942487748967873,-0.19877531619764088,0.0,0.0
2011-12-14,-0.0145114302910721,1.866760515845924,-0.21040223234412503,0.0,0.0
2011-12-15,0.0051647725682336,1.8764019093496265,-0.20632413945379757,0.0,0.0
2011-12-16,0.0028416245553958,1.8817339390910257,-0.2040688106394446,0.0,0.0
2011-12-19,-0.0110420411291196,1.8609557555415224,-0.212857515568313,0.0,0.0
2011-12-20,0.031317932683859,1.919237042621212,-0.1882058402282758,0.0,0.0
2011-12-21,0.0021627947317952,1.9233879583860594,-0.18645009609621932,0.0,0.0
2011-12-22,0.0063087917484427,1.9355222124669795,-0.18131757917552482,0.0,0.0
2011-12-23,0.0099038502895092,1.9546913346912722,-0.17320947104502615,0.0,0.0
2011-12-27,0.0044912774444076,1.9634703957935502,-0.16949612539108083,0.0,0.0
2011-12-28,-0.0131238391750132,1.937702126094256,-0.18039552467567366,0.0,0.0
2011-12-29,0.0090996879130335,1.955334610710135,-0.17293737973809675,0.0,0.0
2011-12-30,-0.0066943934192501,1.9422448315597654,-0.1784740623004858,0.0,0.0
2012-01-03,0.007466131925658,1.9567458877041177,-0.1723404412692714,0.0,0.0
2012-01-04,-0.0014335544623114913,1.9539407859051898,-0.17352693632296456,0.5316418145994912,0.0005316418145994913
2012-01-05,0.0047177028607097,1.9631588979405121,-0.16962788198615586,0.0,0.0
2012-01-06,-0.0037778971828567,1.9557422854704827,-0.17276494247152308,0.0,0.0
2012-01-09,0.0006807220610925,1.957073602390014,-0.1722018253181543,0.0,0.0
2012-01-10,0.0044153174462722,1.9657147036102853,-0.16854683359548928,0.0,0.0
2012-01-11,-0.0045263741441166,1.9568171434011539,-0.17231030170994655,0.0,0.0
2012-01-12,0.0002049980026134,1.9572182870070305,-0.17214062697501353,0.0,0.0
2012-01-13,-0.0039623373978692,1.949463127792629,-0.17542088512892695,0.0,0.0
2012-01-17,0.0048248328624837,1.9588689615558035,-0.17144242871777926,0.0,0.0
2012-01-18,0.0098780529242154,1.9782187728296547,-0.16325789317789396,0.0,0.0
2012-01-19,-0.0003154208182933,1.9775948014455658,-0.16352181905792817,0.0,0.0
2012-01-20,-0.0030289000325918,1.9716048644870139,-0.16605542784744598,0.0,0.0
2012-01-23,0.0034454879149503,1.9783980052206613,-0.16318208190235595,0.0,0.0
2012-01-24,-0.0001693853551206,1.9780628935719773,-0.16332382660258404,0.0,0.0
2012-01-25,0.0076248263335339,1.993145279612271,-0.15694431608302317,0.0,0.0
2012-01-26,-0.0078033725370801,1.9775920244749339,-0.16352299365413014,0.0,0.0
2012-01-27,-0.0015206502943884,1.9745847985807359,-0.16479498266007908,0.0,0.0
2012-01-30,-0.0028255091582675,1.9690055911485702,-0.16715486208560404,0.0,0.0
2012-01-31,0.0016956958300096,1.9723444257187464,-0.1657426100581989,0.0,0.0
2012-02-01,0.006620670123918553,1.9854026675321799,-0.1602192670809529,0.5564727336094467,0.0005564727336094468
2012-02-02,0.0008896756081583,1.9871690318578554,-0.15947213464667354,0.0,0.0
2012-02-03,0.0085018002949376,2.0040635461189953,-0.1523261345931095,0.0,0.0
2012-02-06,-0.0029238201539532,1.9982040247330497,-0.15480458052476553,0.0,0.0
2012-02-07,0.0058049250556514,2.009803449342526,-0.1498982844573319,0.0,0.0
2012-02-08,0.0005486400668805,2.0109061080413904,-0.14943188459526124,0.0,0.0
2012-02-09,0.0032258866363481,2.017393063182272,-0.14668804827847315,0.0,0.0
2012-02-10,-0.0047669113143659,2.0077763293638653,-0.15075571067581817,0.0,0.0
2012-02-13,0.0045847896806529,2.0169815615597915,-0.14686210422177137,0.0,0.0
2012-02-14,0.001447258832075,2.0199006559388915,-0.14562739286712845,0.0,0.0
2012-02-15,-0.0053583522959817,2.0090773166214864,-0.15020542228818268,0.0,0.0
2012-02-16,0.0066153730361856,2.022368112529476,-0.14458371415249127,0.0,0.0
2012-02-17,0.0040149516482092,2.0304878227161622,-0.14114925912572274,0.0,0.0
2012-02-21,-0.0025901433496634,2.0252285681855815,-0.1433738056605518,0.0,0.0
2012-02-22,0.0006413945692236,2.0265275387906523,-0.14282437027164774,0.0,0.0
2012-02-23,0.0038021501566011,2.0342327007896213,-0.13956525981684154,0.0,0.0
2012-02-24,0.0026681338822665,2.0396603059830127,-0.13726950473307964,0.0,0.0
2012-02-27,0.0012400307640841,2.042189547510713,-0.13619969237783514,0.0,0.0
2012-02-28,0.0001918800477845,2.042581402938674,-0.13603394633353239,0.0,0.0
2012-02-29,-0.0008503184627117,2.0408445582601638,-0.1367685926201212,0.0,0.0
2012-03-01,0.007721520169312813,2.056602980679202,-0.13010313389725303,0.5613343468959877,0.0005613343468959878
2012-03-02,-0.0020760225421521,2.052333426531055,-0.1319090594006298,0.0,0.0
2012-03-05,-0.0010505995509293,2.0501772459547842,-0.13282107535298926,0.0,0.0
2012-03-06,-0.0144752070212874,2.020500505889256,-0.14537366981175215,0.0,0.0
2012-03-07,0.0060932295065344,2.032811879189708,-0.14016623543958795,0.0,0.0
2012-03-08,0.0111568904980593,2.0554917387289815,-0.1305731642818534,0.0,0.0
2012-03-09,0.003059300748248,2.0617801061432925,-0.12791332611279405,0.0,0.0
2012-03-12,0.0020174064958256,2.06593955472239,-0.12615397279197105,0.0,0.0
2012-03-13,0.010209251616341,2.0870312514607026,-0.11723265882626421,0.0,0.0
2012-03-14,-0.002737089134704,2.081318860898542,-0.11964887172426242,0.0,0.0
2012-03-15,0.0024184071803085,2.0863523373762503,-0.11751982423444762,0.0,0.0
2012-03-16,-1.9300338695546996e-05,2.086312070069501,-0.11753685640073197,0.0,0.0
2012-03-19,0.0028038439640359,2.09216176357426,-0.11506256744206711,0.0,0.0
2012-03-20,-0.0009897028707486,2.0900911450707804,-0.11593839255950256,0.0,0.0
2012-03-21,0.0006350575459222,2.0914184732241226,-0.11537696256463748,0.0,0.0
2012-03-22,-0.0019347940348009,2.087372009237856,-0.11708852594051489,0.0,0.0
2012-03-23,0.0011294980363227,2.0897296918233654,-0.11609127916431783,0.0,0.0
2012-03-26,0.0140581291166291,2.119107381649872,-0.10366517623949534,0.0,0.0
2012-03-27,0.0004883254887813,2.120142195797796,-0.10322747309857072,0.0,0.0
2012-03-28,-0.0062281076509388,2.1069377219670695,-0.10881266893451735,0.0,0.0
2012-03-29,0.0015411888535234,2.110184910899233,-0.10743918095347793,0.0,0.0
2012-03-30,0.0025976905560395,2.115666518313773,-0.10512058414315006,0.0,0.0
2012-04-02,0.0078383462821321,2.132249845101829,-0.09810620940091197,0.0,0.0
2012-04-03,0.000759522422882066,2.1338693366703705,-0.09742120084389394,0.46094070038223406,0.00046094070038223405
2012-04-04,-0.0073692540760767,2.1181443113632974,-0.10407253333855537,0.0,0.0
2012-04-05,0.0036252169349006,2.1258230439914154,-0.10082460191397158,0.0,0.0
2012-04-09,-0.0084523896734184,2.1078547592468673,-0.10842478276334588,0.0,0.0
2012-04-10,-0.0210188420915109,2.0635500929104174,-0.12716466146714778,0.0,0.0
2012-04-11,0.0120960225143547,2.0885108412937603,-0.11660682556093005,0.0,0.0
2012-04-12,0.0120865940252402,2.1137538239497906,-0.10592961089681696,0.0,0.0
2012-04-13,-0.0027430160979036,2.107955763183691,-0.10838206036678588,0.0,0.0
2012-04-16,-0.0031070678091966,2.1014062016886923,-0.11115237776512255,0.0,0.0
2012-04-17,0.0123944808636194,2.127452040642214,-0.10013557292065878,0.0,0.0
2012-04-18,0.0003791623605518,2.1282586903799046,-0.09979437820031078,0.0,0.0
2012-04-19,-0.0062858419911518,2.114880792535881,-0.1054529284984902,0.0,0.0
2012-04-20,0.0076530797945785,2.131066143997179,-0.09860688838028264,0.0,0.0
2012-04-23,-0.0103679882743956,2.108971275204255,-0.10795252159217694,0.0,0.0
2012-04-24,-0.0022412109425799,2.1042446257046805,-0.10995178816208528,0.0,0.0
2012-04-25,0.0189475255317005,2.144114854475163,-0.09308757694384218,0.0,0.0
2012-04-26,0.0093583793676323,2.1641802946911177,-0.08460034643566383,0.0,0.0
2012-04-27,0.0047784898352431,2.1745218082309328,-0.08022611849592154,0.0,0.0
2012-04-30,-0.0054054114000109,2.162767623259149,-0.08519787472043605,0.0,0.0
2012-05-01,0.0050374722834669716,2.1736625052168965,-0.0805895843694836,0.29621120340712825,0.00029621120340712827
2012-05-02,0.005365668026657,2.185325656621882,-0.07565633329895949,0.0,0.0
2012-05-03,-0.0082223199942489,2.167357209781495,-0.08325658271123282,0.0,0.0
2012-05-04,-0.0173207377414557,2.129816983958816,-0.09913525501829756,0.0,0.0
2012-05-07,-0.0002170118656787,2.129354788401573,-0.0993307533573301,0.0,0.0
2012-05-08,-0.0135764054237665,2.100445804503195,-0.11155860420246932,0.0,0.0
2012-05-09,-0.006667999904548,2.0864400320792593,-0.11748273134484377,0.0,0.0
2012-05-10,-1.836009191460324e-05,2.0864017248484963,-0.1174989344430124,0.0,0.0
2012-05-11,-0.0001738939316319,2.086038912249599,-0.1176523960229714,0.0,0.0
2012-05-14,-0.0131530164006722,2.0586012082243395,-0.12925792852917506,0.0,0.0
2012-05-15,-0.00108860938772,2.0563601956234945,-0.13020582652246115,0.0,0.0
2012-05-16,-0.0038426505648344,2.048458321956279,-0.13354814159446415,0.0,0.0
2012-05-17,-0.0249727302034531,1.9973027249490465,-0.15518581008870624,0.0,0.0
2012-05-18,-0.006477799510706,1.9843645983346396,-0.16065834703475113,0.0,0.0
2012-05-21,0.0193826399603026,2.0228268228941304,-0.14438968997164048,0.0,0.0
2012-05-22,0.0043687089028334,2.0316639644441983,-0.14065177759286351,0.0,0.0
2012-05-23,0.0037112610300516,2.0392039997416003,-0.13746251202379978,0.0,0.0
2012-05-24,0.0032107946735665,2.045751465082286,-0.13469308125165436,0.0,0.0
2012-05-25,-0.0016716706701811,2.042331642359628,-0.13613958944843074,0.0,0.0
2012-05-29,0.0124429363398809,2.067744244970433,-0.1253906293533943,0.0,0.0
2012-05-30,-0.0120222636491996,2.0428852784982836,-0.1359054137973682,0.0,0.0
2012-05-31,-0.0037409740115399,2.035242897762864,-0.1391379691878647,0.0,0.0
2012-06-01,-0.03213366187482167,1.9698430906530195,-0.16680061860685425,0.39837624365237,0.00039837624365237
2012-06-04,0.0031060175360264,1.9759614578358085,-0.16421268671724065,0.0,0.0
2012-06-05,0.0051713266044055,1.9861797998919948,-0.15989055754843684,0.0,0.0
2012-06-06,0.0212125115420305,2.0283116618217516,-0.14206972630386427,0.0,0.0
2012-06-07,-0.0014993531182454,2.0252705064068257,-0.1433560667349677,0.0,0.0
2012-06-08,0.0095974604061716,2.0447079599038527,-0.13513446050326927,0.0,0.0
2012-06-11,-0.0136772433790977,2.0167419914970695,-0.14696343697716063,0.0,0.0
2012-06-12,0.0111658081611528,2.039260545684667,-0.1374385943599985,0.0,0.0
2012-06-13,-0.0107388446854411,2.0173612434114117,-0.1467015073268222,0.0,0.0
2012-06-14,0.0107741392377062,2.039096574340678,-0.13750795055543663,0.0,0.0
2012-06-15,0.0105904962350487,2.0606916189341336,-0.12837373175303457,0.0,0.0
2012-06-18,0.0080689024962033,2.077319138682056,-0.12134066438142044,0.0,0.0
2012-06-19,0.0087381698497581,2.0954711061480134,-0.11366278986670952,0.0,0.0
2012-06-20,-0.003235986674859,2.088690189570966,-0.11653096526813267,0.0,0.0
2012-06-21,-0.0218690287013307,2.043012563867051,-0.13585157494542077,0.0,0.0
2012-06-22,0.0089327329743088,2.0612622495632333,-0.12813236781423865,0.0,0.0
2012-06-25,-0.0136826507804525,2.0330587180355297,-0.14006182815221646,0.0,0.0
2012-06-26,0.0060821720549412,2.0454241309564196,-0.13483153623442679,0.0,0.0
2012-06-27,-0.001729938959018,2.041885672064563,-0.13632822486600848,0.0,0.0
2012-06-28,-0.0059754726383906,2.0296844401004193,-0.14148907192687188,0.0,0.0
2012-06-29,0.023668679146207,2.077724389881205,-0.12116925222679664,0.0,0.0
2012-07-02,0.0053005569322904,2.0887374862993786,-0.11651095981437742,0.0,0.0
2012-07-03,0.0009628995567123312,2.090748730699025,-0.11566024860922242,0.5264966235903689,0.0005264966235903689
2012-07-05,0.0029085915025335,2.096829864691069,-0.11308806552297446,0.0,0.0
2012-07-06,-0.0061887725124604,2.083853061661163,-0.11857696172403898,0.0,0.0
2012-07-09,-0.0012706856892686,2.0812051393971713,-0.11969697336496798,0.0,0.0
2012-07-10,-0.0050100231450352,2.0707782534792254,-0.12410731190305402,0.0,0.0
2012-07-11,-0.0044936688435459,2.0614728617596736,-0.12804328358584482,0.0,0.0
2012-07-12,0.0042206336469445,2.0701735834822794,-0.12436307372986799,0.0,0.0
2012-07-13,0.0151011855972727,2.1014356589850163,-0.11113991799043743,0.0,0.0
2012-07-16,-0.0028139924498243,2.095522234906841,-0.11364116355016252,0.0,0.0
2012-07-17,0.007872183273452,2.1120185699936216,-0.10666358434358558,0.0,0.0
2012-07-18,0.0062755933245624,2.1252727396328255,-0.1010573682969037,0.0,0.0
2012-07-19,0.003492396455984,2.132695034616719,-0.0979179042358107,0.0,0.0
2012-07-20,-0.0109641027478254,2.109311947127404,-0.10780842502074295,0.0,0.0
2012-07-23,-0.009028941810627,2.0902670922963305,-0.11586397083516231,0.0,0.0
2012-07-24,-0.0089091294908867,2.071644632100523,-0.12374085320655026,0.0,0.0
2012-07-25,-0.0015716891246491,2.0683886507621128,-0.12511806017793992,0.0,0.0
2012-07-26,0.0162658724242063,2.1020327966790857,-0.11088734215855212,0.0,0.0
2012-07-27,0.0150586893434866,2.1336866555540963,-0.09749847085275609,0.0,0.0
2012-07-30,-0.0006243428281802,2.1323545035931173,-0.09806194120990086,0.0,0.0
2012-07-31,-0.0095657069446312,2.111957025309681,-0.10668961636249652,0.0,0.0
2012-08-01,-0.008244258357054642,2.094545505954031,-0.11405429795824373,0.5302908200766422,0.0005302908200766421
2012-08-02,-0.0006957055732948,2.0930883189720193,-0.11467065532079079,0.0,0.0
2012-08-03,0.0130791292341937,2.1204640915944353,-0.10309131840690755,0.0,0.0
2012-08-06,-0.0012920025080177,2.117724446669934,-0.10425012667298861,0.0,0.0
2012-08-07,0.0022877521672426,2.1225692753624257,-0.1022008729589774,0.0,0.0
2012-08-08,-0.0014866629679139,2.1194137302239127,-0.10353559767377474,0.0,0.0
2012-08-09,-0.0024065776497925,2.1143131965100923,-0.10569300886824762,0.0,0.0
2012-08-10,-0.0004199460159418,2.113425299106765,-0.10606856952620225,0.0,0.0
2012-08-13,-0.0009235070720741,2.1114735358967396,-0.10689412152419409,0.0,0.0
2012-08-14,0.0049273104745012,2.1218774215667957,-0.10249351157434161,0.0,0.0
2012-08-15,0.0025392627437698,2.1272654258502266,-0.10021450678599064,0.0,0.0
2012-08-16,0.0051169277832094,2.1381504894100205,-0.0956103693968351,0.0,0.0
2012-08-17,0.0018557616953207,2.142118387187099,-0.09393203776271652,0.0,0.0
2012-08-20,-0.0042057500587396,2.1331091726543594,-0.0977427331481181,0.0,0.0
2012-08-21,-0.0063131777588864,2.1196424752682814,-0.10343884365800093,0.0,0.0
2012-08-22,0.0039558409604989,2.128027443793561,-0.09989219031215102,0.0,0.0
2012-08-23,-0.0074596040863255,2.1121532015780256,-0.1066066382074321,0.0,0.0
2012-08-24,0.0076463878879301,2.1283035442360245,-0.09977540602666424,0.0,0.0
2012-08-27,-0.0012377253480592,2.1256692889909594,-0.10088963682557128,0.0,0.0
2012-08-28,-4.403385416988661e-05,2.1255756875794747,-0.1009292281201859,0.0,0.0
2012-08-29,0.0025279802985245,2.1309491010406982,-0.0986563949218946,0.0,0.0
2012-08-30,-0.0063677509916995,2.1173797477892853,-0.10439592655699259,0.0,0.0
2012-08-31,0.0035806546782418,2.124961353488821,-0.1011890776415666,0.0,0.0
2012-09-04,0.0038463677546139085,2.1331347363186812,-0.09773192029231237,0.3572922033797916,0.0003572922033797916
2012-09-05,-0.0018053470943562,2.129283687720598,-0.09936082734834306,0.0,0.0
2012-09-06,0.0167838141648907,2.165021189439633,-0.08424466684493692,0.0,0.0
2012-09-07,-0.0032808932699579,2.1579179859898843,-0.08724916235441349,0.0,0.0
2012-09-10,-0.0049442911403864,2.147248611210074,-0.09176206823436484,0.0,0.0
2012-09-11,0.0002294645178931,2.147741328577442,-0.0915536598552199,0.0,0.0
2012-09-12,0.0002560223214358,2.148291198298228,-0.09132107731431627,0.0,0.0
2012-09-13,0.0136015997511932,2.1775113953264915,-0.07896159030560024,0.0,0.0
2012-09-14,-0.0008308752090955,2.1757021550905917,-0.07972685828684012,0.0,0.0
2012-09-17,-0.001467820040195,2.1725086158658544,-0.08107765364669983,0.0,0.0
2012-09-18,-0.0032181884824745,2.1655170736601983,-0.08403491895802251,0.0,0.0
2012-09-19,0.0035394002447655,2.173181705320755,-0.08079295192598579,0.0,0.0
2012-09-20,0.0036878696242816,2.1811961161198523,-0.07740303617496802,0.0,0.0
2012-09-21,0.0009387456790385,2.183243704548995,-0.07653695226168322,0.0,0.0
2012-09-24,-3.418489194908513e-05,2.183169070598857,-0.07656852074618914,0.0,0.0
2012-09-25,-0.0054464313041186,2.1712785902305636,-0.08159792686200562,0.0,0.0
2012-09-26,-0.0050697455037189,2.160270760360421,-0.08625399164290315,0.0,0.0
2012-09-27,0.0066206450543867,2.174573146286137,-0.08020440365170833,0.0,0.0
2012-09-28,-0.0019637951305326,2.1703027301304734,-0.08201069376490244,0.0,0.0
2012-10-01,0.0024554820242405,2.1756318694714687,-0.07975658752499715,0.0,0.0
2012-10-02,0.0016460994884828467,2.1792131759789326,-0.07824177531444243,0.8307593947919533,0.0008307593947919532
2012-10-03,0.0099528998854225,2.2009026665484446,-0.0690676079855822,0.0,0.0
2012-10-04,0.0060218242484051,2.2141561155942457,-0.06346169673372393,0.0,0.0
2012-10-05,0.002577391940843,2.2198628637223465,-0.06104787045859472,0.0,0.0
2012-10-08,-0.0065564194988339,2.2053085115579,-0.06720403450919155,0.0,0.0
2012-10-09,-0.0179248339592339,2.1657787226593395,-0.0839242473084576,0.0,0.0
2012-10-10,-0.0051482294008009,2.1546287969637157,-0.08864041543182499,0.0,0.0
2012-10-11,-0.0031752923978186,2.147787220524596,-0.09153424859238335,0.0,0.0
2012-10-12,-0.0034104556546197,2.140462287453438,-0.09463253075129985,0.0,0.0
2012-10-15,0.0115280390839263,2.165137620360871,-0.08419541918048545,0.0,0.0
2012-10-16,0.0099100075107948,2.1865941504405515,-0.0751197889061439,0.0,0.0
2012-10-17,0.0052692492095104,2.1981158599392803,-0.07024636458494582,0.0,0.0
2012-10-18,-0.0011433007086116,2.1956027525190014,-0.07130935257515003,0.0,0.0
2012-10-19,-0.0145909167137521,2.163566895620512,-0.08485980046456654,0.0,0.0
2012-10-22,-0.0025572227338756,2.15803417316877,-0.08720001778750208,0.0,0.0
2012-10-23,-0.016339349232281,2.122773299158169,-0.10211457547609193,0.0,0.0
2012-10-24,0.0022353250403327,2.1275183874687267,-0.10010750970330395,0.0,0.0
2012-10-25,-2.288793804821403e-05,2.127469692959678,-0.10012810638687186,0.0,0.0
2012-10-26,-0.0008990937334686,2.1255568982905935,-0.10093717556734405,0.0,0.0
2012-10-31,-0.0004702873029789,2.1245572758695683,-0.10135999339825497,0.0,0.0
2012-11-01,0.013291341148283444,2.1527954914122183,-0.08941586250101563,0.5879356155947556,0.0005879356155947556
2012-11-02,-0.0119099358227621,2.127155835269967,-0.10026086113985366,0.0,0.0
2012-11-05,0.0074384238565841,2.1429785219817115,-0.09356822006465393,0.0,0.0
2012-11-06,0.0089547170981582,2.1621682883934867,-0.08545137990655294,0.0,0.0
2012-11-07,-0.0173371430259267,2.124682467531486,-0.10130704013727687,0.0,0.0
2012-11-08,-0.0140476341712476,2.09483570549754,-0.11393155006970401,0.0,0.0
2012-11-09,-0.0018618870732085,2.0909353579769787,-0.11558130946260714,0.0,0.0
2012-11-12,0.0014475073165094,2.093962002205999,-0.11430110693719642,0.0,0.0
2012-11-13,-0.0009197054404957,2.0920361739603788,-0.11511568902778735,0.0,0.0
2012-11-14,-0.0185709327977647,2.053185110763268,-0.1315488161006485,0.0,0.0
2012-11-15,-0.0006704137758347,2.0518086271806735,-0.13213103773797463,0.0,0.0
2012-11-16,0.0115547641647411,2.0755167919789272,-0.12210301655313838,0.0,0.0
2012-11-19,0.0231623193363103,2.1235905747026176,-0.10176888627815861,0.0,0.0
2012-11-20,0.0068474115494942,2.1381316733302334,-0.09561832817594462,0.0,0.0
2012-11-21,0.0016487398835046,2.1416568962962375,-0.09412723804369771,0.0,0.0
2012-11-23,0.0138308479073271,2.1712778270985886,-0.08159824964968987,0.0,0.0
2012-11-26,-0.0034627326519991,2.1637592724701324,-0.08477842937828106,0.0,0.0
2012-11-27,-0.0063048255955918,2.150117147626364,-0.0905487417623746,0.0,0.0
2012-11-28,0.006584219255934,2.1642739903522794,-0.08456071527555287,0.0,0.0
2012-11-29,0.0049216240260545,2.174925733222162,-0.08005526729745893,0.0,0.0
2012-11-30,-0.0010883093254662,2.1725587412645,-0.08105645172897258,0.0,0.0
2012-12-03,-0.00622466495046873,2.1590352910149164,-0.08677656742535467,0.5618277036435304,0.0005618277036435304
2012-12-04,-0.0028897976285946,2.1527961159508893,-0.08941559833518598,0.0,0.0
2012-12-05,-0.0003527093367437,2.1520368046606877,-0.08973676995554636,0.0,0.0
2012-12-06,0.0049790883395129,2.162751986020976,-0.08520448892094479,0.0,0.0
2012-12-07,0.0030941674285705,2.169443902772198,-0.08237395844676154,0.0,0.0
2012-12-10,0.0010339448194941,2.1716869880566523,-0.08142518375486474,0.0,0.0
2012-12-11,0.0041833595866056,2.180771935637246,-0.07758245499131111,0.0,0.0
2012-12-12,0.001245210627772,2.1834874560282485,-0.07643385086102295,0.0,0.0
2012-12-13,-0.0063982333696238,2.1695169937249337,-0.08234304261549885,0.0,0.0
2012-12-14,7.47716145546061e-05,2.1696792120133583,-0.08227442792318784,0.0,0.0
2012-12-17,0.0171179258484341,2.206819619879492,-0.06656486963116515,0.0,0.0
2012-12-18,0.0114151456721202,2.2320107873125092,-0.05590957164253041,0.0,0.0
2012-12-19,-0.008736246594362,2.212511390673271,-0.06415737843203806,0.0,0.0
2012-12-20,0.007137326414201,2.228302806663644,-0.05747796416958595,0.0,0.0
2012-12-21,-0.0113115563080407,2.2030972339947033,-0.0681393552494508,0.0,0.0
2012-12-24,-0.0002426721186121,2.202562603721421,-0.06836549184636376,0.0,0.0
2012-12-26,-0.0061909149339738,2.18892672600503,-0.07413316183589747,0.0,0.0
2012-12-27,0.0001255816829059,2.1892016151070393,-0.07401688992021405,0.0,0.0
2012-12-28,-0.0096744553276221,2.168022281878528,-0.08297527215281342,0.0,0.0
2012-12-31,0.0203505707646173,2.212142772745164,-0.06431329553585552,0.0,0.0
2013-01-02,0.026427250249819793,2.2706036233888303,-0.03958566884155257,0.6000011356635073,0.0006000011356635073
2013-01-03,-0.0040520696062894,2.2614029794585657,-0.04347733456228453,0.0,0.0
2013-01-04,0.0071983802000543,2.277681417890244,-0.03659192074649453,0.0,0.0
2013-01-07,-0.0046235122945843,2.2671505298514822,-0.04104624984562488,0.0,0.0
2013-01-08,0.0006643940682714,2.268656811215394,-0.040409126662275696,0.0,0.0
2013-01-09,0.0053799971637423,2.280862178425237,-0.03524653048536586,0.0,0.0
2013-01-10,0.005145441489525,2.2925982213099947,-0.030282447956162084,0.0,0.0
2013-01-11,-0.0001059955461395,2.2923552161094483,-0.030385233697692193,0.0,0.0
2013-01-14,-0.000672009402404,2.2908147318505727,-0.031036823937357183,0.0,0.0
2013-01-15,0.0022191621041348,2.2958984210910893,-0.02888653757673676,0.0,0.0
2013-01-16,7.982416421489556e-05,2.296081689263675,-0.02880901925624113,0.0,0.0
2013-01-17,0.0108213131766937,2.320928308302469,-0.018299457499232563,0.0,0.0
2013-01-18,0.0025924693131155,2.3269452437196843,-0.015754428968130507,0.0,0.0
2013-01-22,0.006346242570476,2.3417126026845447,-0.009508167825445613,0.0,0.0
2013-01-23,0.0009728204541557,2.3439906686021903,-0.008544597111432184,0.0,0.0
2013-01-24,0.003050439889854,2.3511408712391404,-0.005520222001449415,0.0,0.0
2013-01-25,0.0061896768321767,2.3656936734190332,0.0,0.0,0.0
2013-01-28,-0.0062063984502885,2.3510112358704682,-0.006206398450288475,0.0,0.0
2013-01-29,0.0078082189351893,2.369368446319235,0.0,0.0,0.0
2013-01-30,-0.0038626478380722,2.3602164104124634,-0.0038626478380722196,0.0,0.0
2013-01-31,-0.0028607011404291,2.353464536635537,-0.006712299097425878,0.0,0.0
2013-02-01,0.010085159523484892,2.3771996019203714,0.0,0.42870727295750843,0.0004287072729575084
2013-02-04,-0.0122230592221333,2.348142950403267,-0.012223059222133292,0.0,0.0
2013-02-05,0.0107708518443059,2.373434450231312,-0.0015838601377932138,0.0,0.0
2013-02-06,0.0019829379837347,2.37814082355458,0.0,0.0,0.0
2013-02-07,-0.0056438681434116,2.3647189103199735,-0.005643868143411557,0.0,0.0
2013-02-08,0.0058248450581696,2.378493031578711,0.0,0.0,0.0
2013-02-11,-0.002423453559319,2.372728864175516,-0.0024234535593190554,0.0,0.0
2013-02-12,0.0060289773351749,2.3870339927201454,0.0,0.0,0.0
2013-02-13,0.0047276121601446,2.3983189636508073,0.0,0.0,0.0
2013-02-14,0.0054932348003518,2.4114934928442775,0.0,0.0,0.0
2013-02-15,-0.0008990481158441,2.4093254441631657,-0.00089904811584407,0.0,0.0
2013-02-19,0.0048151084968534,2.4209266075810407,0.0,0.0,0.0
2013-02-20,-0.0242198162081854,2.362292210091922,-0.024219816208185363,0.0,0.0
2013-02-21,-0.0086080538903152,2.3419574714427793,-0.03261938461536695,0.0,0.0
2013-02-22,0.0117110241269038,2.3693841918950285,-0.021290366888698342,0.0,0.0
2013-02-25,-0.0246410089040895,2.311000174925334,-0.04540675967271213,0.0,0.0
2013-02-26,0.0123066404237452,2.3394408230973527,-0.03365892391306635,0.0,0.0
2013-02-27,0.0186224928230103,2.3830070430353403,-0.0156632441590574,0.0,0.0
2013-02-28,0.0012256897609248,2.3859278703682003,-0.014456752676121232,0.0,0.0
2013-03-01,0.005129287368495644,2.3981659800558215,-0.009401618146516744,0.560899795096556,0.0005608997950965559
2013-03-04,0.0104592696644643,2.4232490447413695,0.0,0.0,0.0
2013-03-05,0.0118248494196067,2.451903599801642,0.0,0.0,0.0
2013-03-06,0.001477267301258,2.4555257168154654,0.0,0.0,0.0
2013-03-07,0.0014900808384455,2.4591846486344022,0.0,0.0,0.0
2013-03-08,0.0078347101344546,2.4784516475235536,0.0,0.0,0.0
2013-03-11,0.0021238415651666,2.4837154861498196,0.0,0.0,0.0
2013-03-12,-0.0029391898955664,2.4764153746894664,-0.0029391898955664075,0.0,0.0
2013-03-13,0.0033438262684652,2.4846960774709843,0.0,0.0,0.0
2013-03-14,0.0049248188179115,2.496932755470104,0.0,0.0,0.0
2013-03-15,-0.0057137795656148,2.4826658321151847,-0.005713779565614807,0.0,0.0
2013-03-18,-0.0043488692930788,2.4718690429129233,-0.010037800378193129,0.0,0.0
2013-03-19,-0.0035526035225294,2.4630874722438394,-0.013554743575740602,0.0,0.0
2013-03-20,0.0127507724249851,2.4944937400652525,-0.0009768046013687304,0.0,0.0
2013-03-21,-0.0122140495843338,2.464025869836285,-0.013178923445867241,0.0,0.0
2013-03-22,0.0056110249313379,2.477851580423398,-0.007641845782552337,0.0,0.0
2013-03-25,-0.0029871465955567,2.4704498745106416,-0.010606165064495854,0.0,0.0
2013-03-26,0.0078910865891133,2.4899444083844693,-0.002798772642284897,0.0,0.0
2013-03-27,0.0001552324154988,2.4903309284694406,-0.002643974687023709,0.0,0.0
2013-03-28,0.0047407747683154,2.5021370264998843,0.0,0.0,0.0
2013-04-01,-0.0086668732801851,2.4804513219615507,-0.008666873280185117,0.0,0.0
2013-04-02,0.0012700891266406399,2.4836017162147352,-0.007407791855059687,0.5409047204173602,0.0005409047204173601
2013-04-03,-0.0174486715630148,2.4402661655751645,-0.024727207290988318,0.0,0.0
2013-04-04,0.0055640602023986,2.453843953430301,-0.019300730758594065,0.0,0.0
2013-04-05,-0.0024021816635846,2.4479493744800727,-0.021656548560656574,0.0,0.0
2013-04-08,0.008919291613737,2.469783348806726,-0.012930418018879064,0.0,0.0
2013-04-09,0.0014606596582002,2.4733908617088227,-0.01148864530064253,0.0,0.0
2013-04-10,0.0110964880878189,2.5008368139422945,-0.0005196408285474963,0.0,0.0
2013-04-11,0.0066946374667938,2.51757900977525,0.0,0.0,0.0
2013-04-12,-0.0014275431709904,2.5139850570524165,-0.001427543170990364,0.0,0.0
2013-04-15,-0.0307971815826058,2.436561402754416,-0.032180760447342194,0.0,0.0
2013-04-16,0.0186071587718998,2.4818988876329504,-0.014172394194486349,0.0,0.0
2013-04-17,-0.0144673600287874,2.4459923628705176,-0.028434717093992257,0.0,0.0
2013-04-18,-0.0043145332010426,2.4354390476114163,-0.03262656776407047,0.0,0.0
2013-04-19,0.0191727040068953,2.4821329995981047,-0.014079403283676739,0.0,0.0
2013-04-22,0.0049880216568375,2.494513932755251,-0.009161609995333664,0.0,0.0
2013-04-23,0.0184474479042961,2.540531348576294,0.0,0.0,0.0
2013-04-24,0.0001987721525572,2.5410363354610896,0.0,0.0,0.0
2013-04-25,0.0070393695925066,2.5589236293743887,0.0,0.0,0.0
2013-04-26,-0.004995421013156,2.5461407285051503,-0.004995421013156087,0.0,0.0
2013-04-29,0.0025464368965553,2.552624315200038,-0.0024617046409824983,0.0,0.0
2013-04-30,-0.0017316743121218,2.5482040012449083,-0.004189116082413569,0.0,0.0
2013-05-01,-0.012561675428346611,2.5161942896560556,-0.016698169194201196,0.4654478520479099,0.0004654478520479099
2013-05-02,0.0174176007295083,2.5600203571511537,0.0,0.0,0.0
2013-05-03,0.0143101015981676,2.5966545085553645,0.0,0.0,0.0
2013-05-06,0.0030679765397122,2.60462098366935,0.0,0.0,0.0
2013-05-07,0.0056833293202227,2.6194239024739057,0.0,0.0,0.0
2013-05-08,3.640816328393201e-05,2.6195192708870567,0.0,0.0,0.0
2013-05-09,-0.0056234444508642,2.604788549779255,-0.005623444450864157,0.0,0.0
2013-05-10,0.006572610696825,2.6219088108645012,0.0,0.0,0.0
2013-05-13,0.0032517686833016,2.630434651826143,0.0,0.0,0.0
2013-05-14,0.0170088130265969,2.6751752229977352,0.0,0.0,0.0
2013-05-15,0.0056102077183173,2.6901835116816484,0.0,0.0,0.0
2013-05-16,-0.0099111845346942,2.66352060646518,-0.009911184534694195,0.0,0.0
2013-05-17,0.0135377983897168,2.6995788114423616,0.0,0.0,0.0
2013-05-20,-0.004080175540325,2.6885640560067348,-0.004080175540325026,0.0,0.0
2013-05-21,-0.0019455985057715,2.683333189796697,-0.006017835662661897,0.0,0.0
2013-05-22,-0.010452919326542,2.6552845244375196,-0.01640785103850173,0.0,0.0
2013-05-23,-0.0016192655050771,2.650984913800933,-0.018000547876379724,0.0,0.0
2013-05-24,-0.0027753074308687,2.6436276156705403,-0.020725898252967445,0.0,0.0
2013-05-28,0.0067488789962481,2.661469138559841,-0.014116895836117194,0.0,0.0
2013-05-29,-0.0127437122973923,2.6275521415696454,-0.026680706474441762,0.0,0.0
2013-05-30,0.0042880135375898,2.638819120723419,-0.022507100167406868,0.0,0.0
2013-05-31,-0.0115726026061435,2.608281115689794,-0.03381923704749634,0.0,0.0
2013-06-03,-0.004325995643843611,2.5969977029454006,-0.037998930819194254,0.5770756698078113,0.0005770756698078113
2013-06-04,-0.0084230724655466,2.575123003100633,-0.04610193553683761,0.0,0.0
2013-06-05,-0.017720647683971,2.5294901556197975,-0.06300562706361112,0.0,0.0
2013-06-06,0.0161731299683204,2.5703999286602235,-0.047851495290526014,0.0,0.0
2013-06-07,0.0141609543803918,2.606799244789343,-0.03436816375197693,0.0,0.0
2013-06-10,-0.0019700431531588,2.6016637377854863,-0.036270500139449546,0.0,0.0
2013-06-11,-0.0110048364276465,2.5730328539114176,-0.04687618564591256,0.0,0.0
2013-06-12,-0.013630602940139,2.5379608647278187,-0.05986783791216377,0.0,0.0
2013-06-13,0.0186044659465894,2.585178271209424,-0.04237718111730715,0.0,0.0
2013-06-14,-0.004497159099614,2.57355231322293,-0.04668376329124346,0.0,0.0
2013-06-17,0.0071682185475463,2.5920000986476555,-0.039850184161590696,0.0,0.0
2013-06-18,0.007968546911679,2.6126545730288058,-0.032199185311842404,0.0,0.0
2013-06-19,-0.0160575720730582,2.5707016839203907,-0.047739716646061914,0.0,0.0
2013-06-20,-0.0325274296523381,2.487083365739523,-0.07871429602357272,0.0,0.0
2013-06-21,-0.002496205391128,2.4808750948337788,-0.08101401436460798,0.0,0.0
2013-06-24,-0.0126396442989257,2.4495177160850163,-0.09262967033873692,0.0,0.0
2013-06-25,0.0152270732843004,2.4868167018590355,-0.07881307583298491,0.0,0.0
2013-06-26,0.0119695214758696,2.5165827077784884,-0.0677869091608776,0.0,0.0
2013-06-27,0.0116144020796089,2.545811311213219,-0.05695981149999696,0.0,0.0
2013-06-28,-0.0048099557298024,2.533566071509853,-0.061495793058106485,0.0,0.0
2013-07-01,0.0088515079170908,2.555991951650295,-0.05318861564013733,0.0,0.0
2013-07-02,-0.005003888254490914,2.5432020535448587,-0.057926354005553904,0.7407408129294142,0.0007407408129294141
2013-07-03,-0.0027066715610056,2.536318440872638,-0.06047623795153989,0.0,0.0
2013-07-05,0.0129936655404124,2.5692745143973172,-0.0482683804202122,0.0,0.0
2013-07-08,0.0054075363014275,2.583167959602253,-0.043121857138118114,0.0,0.0
2013-07-09,0.0100750047729699,2.609193389124629,-0.03348130528163418,0.0,0.0
2013-07-10,-0.0033762361523026,2.6003841360759172,-0.03674450064061863,0.0,0.0
2013-07-11,0.015826189748966,2.6415383088336557,-0.021499836331022038,0.0,0.0
2013-07-12,0.0084756453408968,2.663927050693722,-0.013206415977754404,0.0,0.0
2013-07-15,0.0015914878469201,2.668166658219983,-0.011635945981364193,0.0,0.0
2013-07-16,-0.0087378370206438,2.6448526528165406,-0.02027211000244189,0.0,0.0
2013-07-17,0.0042554633545252,2.65610772635872,-0.01610291386915108,0.0,0.0
2013-07-18,0.0108923179084376,2.6850388961132765,-0.005385994017828466,0.0,0.0
2013-07-19,0.0023507312286768,2.691350700896582,-0.0030479238134868414,0.0,0.0
2013-07-22,0.0055635824439606,2.706324252406631,0.0,0.0,0.0
2013-07-23,-0.0038358994047206,2.6959430648178437,-0.003835899404720511,0.0,0.0
2013-07-24,-0.0061278884953654,2.679422626326786,-0.009940281936254403,0.0,0.0
2013-07-25,0.0044603379650965,2.69137375679153,-0.005524280988062014,0.0,0.0
2013-07-26,0.0002621119998718,2.692079198149325,-0.00526361696852784,0.0,0.0
2013-07-29,-0.006122547887876,2.6755968143407007,-0.011353938109450734,0.0,0.0
2013-07-30,0.0067296527272027,2.6936026517392238,-0.004700693442810655,0.0,0.0
2013-07-31,0.0043432150519663,2.7053015473202735,-0.0003778945133600109,0.0,0.0
2013-08-01,0.01767644386435747,2.7531216582576397,0.0,0.4566558696682289,0.0004566558696682289
2013-08-02,-0.0017927262836336,2.7481860646988405,-0.0017927262836334723,0.0,0.0
2013-08-05,-0.0009926061258786,2.7454581983759665,-0.002783552938420808,0.0,0.0
2013-08-06,-0.0106557191981242,2.7162033667438843,-0.013409611378060071,0.0,0.0
2013-08-07,-0.0097158782195293,2.689813065613125,-0.022995203446468993,0.0,0.0
2013-08-08,0.0061705996856374,2.706410825270221,-0.01696649795598948,0.0,0.0
2013-08-09,-0.0018857463067304,2.7013072210519726,-0.01882024975186125,0.0,0.0
2013-08-12,-0.0017420193445555,2.6966014916173124,-0.020529483857279707,0.0,0.0
2013-08-13,0.0040450793354334,2.7075094585869524,-0.016567447912764544,0.0,0.0
2013-08-14,-0.0067921913466524,2.6891195362713582,-0.023247109983067782,0.0,0.0
2013-08-15,-0.0183259842568828,2.6398387739847733,-0.041147068068382975,0.0,0.0
2013-08-16,0.0005023627231264,2.641164930579887,-0.040665376098419914,0.0,0.0
2013-08-19,-0.0102630572264055,2.6140585037529704,-0.0505110822427941,0.0,0.0
2013-08-20,0.0108406657232768,2.642396638173246,-0.040217990277432114,0.0,0.0
2013-08-21,-0.0042513413055317,2.631162908199782,-0.04429835117967196,0.0,0.0
2013-08-22,0.0143952276119002,2.669039097147307,-0.030540808415835063,0.0,0.0
2013-08-23,0.0010115525300857,2.671738970398924,-0.029560149517773304,0.0,0.0
2013-08-26,-0.0018113318353932,2.6668995645459797,-0.03131793811328598,0.0,0.0
2013-08-27,-0.0274249573657954,2.5937599576894477,-0.0578840023615399,0.0,0.0
2013-08-28,0.0051046735937554,2.6070002556540053,-0.05307480770614037,0.0,0.0
2013-08-29,0.0064460863584856,2.623805204438545,-0.04697084614158842,0.0,0.0
2013-08-30,-0.0081874752569979,2.602322864248022,-0.054773748758001894,0.0,0.0
2013-09-03,0.0119095749262058,2.633315423381962,-0.04351650589661882,0.0,0.0
2013-09-04,0.01184983843219843,2.664519785690054,-0.03218233102842927,0.5434606466052702,0.0005434606466052701
2013-09-05,0.0038787712076729,2.6748548483170635,-0.028428387719745207,0.0,0.0
2013-09-06,-0.0024369769739725,2.668336288642996,-0.030796085367437498,0.0,0.0
2013-09-09,0.0113301561225198,2.6985689553807064,-0.019814853700093282,0.0,0.0
2013-09-10,0.0118742899580432,2.730612545628671,-0.008175851060361006,0.0,0.0
2013-09-11,0.0007078374058118,2.732545375329246,-0.007473800827754173,0.0,0.0
2013-09-12,-0.0072786962772514,2.7126560074784165,-0.01469809757874363,0.0,0.0
2013-09-13,0.0055011365294423,2.7275786985329673,-0.009277817290805013,0.0,0.0
2013-09-16,0.0068770095203737,2.7463362832103466,-0.002464611408268591,0.0,0.0
2013-09-17,0.0046644034250776,2.7591463035761676,0.0,0.0,0.0
2013-09-18,0.007700733180867,2.780393753066983,0.0,0.0,0.0
2013-09-19,-0.0036972015202869,2.7701140770561477,-0.0036972015202868524,0.0,0.0
2013-09-20,-0.0077326909036452,2.748693641130436,-0.0114013031073672,0.0,0.0
2013-09-23,-0.0100764593735099,2.7209965413253605,-0.02136287771331058,0.0,0.0
2013-09-24,0.005599598805885,2.7362330303089832,-0.015882902451959335,0.0,0.0
2013-09-25,0.0005649658621426,2.7377789085619746,-0.015326909887493856,0.0,0.0
2013-09-26,0.0027259910922054,2.7452420694791426,-0.012642699815112679,0.0,0.0
2013-09-27,-0.0037757550604525,2.73487670784314,-0.016370719137760448,0.0,0.0
2013-09-30,-0.0040400679808909,2.7238276200240987,-0.020344648300438584,0.0,0.0
2013-10-01,0.011781137623009712,2.7559174080769577,-0.008803193778948115,0.44667488053248855,0.0004466748805324886
2013-10-02,-0.0002453348786759,2.755241285414006,-0.009046368927146387,0.0,0.0
2013-10-03,-0.0091857160803332,2.7299324212333804,-0.01814898763095696,0.0,0.0
2013-10-04,0.0135635995104774,2.766960131285658,-0.004831553720226478,0.0,0.0
2013-10-07,-0.0144439694104835,2.7269942437893406,-0.019205736316569855,0.0,0.0
2013-10-08,-0.0190216045734323,2.675122437609954,-0.03786201696824665,0.0,0.0
2013-10-09,0.0013493160033916,2.6787320231260527,-0.03656378879027111,0.0,0.0
2013-10-10,0.0279626507020176,2.7536364710130354,-0.009623558542538269,0.0,0.0
2013-10-11,0.0077174096276546,2.7748874116254925,-0.0019804178582319976,0.0,0.0
2013-10-14,0.0051620478492138,2.789211513220484,0.0,0.0,0.0
2013-10-15,-0.0074000207949339,2.7685712900211836,-0.007400020794933848,0.0,0.0
2013-10-16,0.0181215232274645,2.8187420189601937,0.0,0.0,0.0
2013-10-17,0.00573799228764,2.834915938925834,0.0,0.0,0.0
2013-10-18,0.0058846483003798,2.8515984221875534,0.0,0.0,0.0
2013-10-21,-0.0012870599735072,2.8479282439978397,-0.0012870599735070876,0.0,0.0
2013-10-22,0.0049514757898655,2.862029691749269,0.0,0.0,0.0
2013-10-23,-0.0084621476365147,2.837810773957598,-0.00846214763651465,0.0,0.0
2013-10-24,0.0046288003587588,2.850946433486183,-0.003872516869771636,0.0,0.0
2013-10-25,0.0031638359667605,2.8599663603517542,-0.0007209329111654839,0.0,0.0
2013-10-28,-0.0045263926610783,2.847021029607327,-0.0052440623468056335,0.0,0.0
2013-10-29,0.0096084410054176,2.874376463211492,0.0,0.0,0.0
2013-10-30,-0.0048536603570565,2.8604252161207464,-0.004853660357056477,0.0,0.0
2013-10-31,-0.0026081987711148,2.852964658587194,-0.007449199817192609,0.0,0.0
2013-11-01,0.004905658318368907,2.8669603283966048,-0.0025800847278721895,0.31257372898999347,0.0003125737289899935
2013-11-04,0.0072277154746343,2.8876819019273197,0.0,0.0,0.0
2013-11-05,-0.0005380272370006,2.886128250412289,-0.0005380272370006933,0.0,0.0
2013-11-06,-0.003806981740868,2.875140812861166,-0.004342960718001332,0.0,0.0
2013-11-07,-0.0186536800892123,2.821508855926616,-0.022915628607339977,0.0,0.0
2013-11-08,0.0209263220008691,2.88055265877404,-0.0024688464295604673,0.0,0.0
2013-11-11,0.0037897784169151,2.8914693150690494,0.0,0.0,0.0
2013-11-12,0.0009799009633442,2.894302668636366,0.0,0.0,0.0
2013-11-13,0.0112368513827761,2.926825517580605,0.0,0.0,0.0
2013-11-14,0.0069102528140285,2.947050621849637,0.0,0.0,0.0
2013-11-15,0.0033460386130828,2.9569115670250556,0.0,0.0,0.0
2013-11-18,-0.006723631660225,2.9370303827965203,-0.006723631660225049,0.0,0.0
2013-11-19,-0.006496962154927,2.9179486075516206,-0.013176910634711936,0.0,0.0
2013-11-20,-0.0015249680911002,2.913498829033634,-0.014681784357554961,0.0,0.0
2013-11-21,0.0142144191334879,2.954912522534444,-0.0006760582605529475,0.0,0.0
2013-11-22,0.0072924013767437,2.9764609306819314,0.0,0.0,0.0
2013-11-25,-0.0008971390788099,2.9737906312644657,-0.0008971390788099498,0.0,0.0
2013-11-26,0.0011573098952693,2.977232228588487,0.0,0.0,0.0
2013-11-27,0.003748806995509,2.9883932975942744,0.0,0.0,0.0
2013-11-29,-0.0018385750174132,2.9828989123351124,-0.0018385750174132465,0.0,0.0
2013-12-02,-0.0014680760995415,2.9785197897345648,-0.0033039519489145297,0.0,0.0
2013-12-03,-0.007480239269211972,2.9562397490392676,-0.010759476867014506,0.5104146993939711,0.0005104146993939711
2013-12-04,-0.0026118389388698,2.948518526950092,-0.013343213785241281,0.0,0.0
2013-12-05,-0.0057799464623437,2.931476247721092,-0.019046037186270626,0.0,0.0
2013-12-06,0.0140414335656109,2.9726383767026343,-0.005272037286498832,0.0,0.0
2013-12-09,-0.0010001664592991,2.969665243502631,-0.006266930830931772,0.0,0.0
2013-12-10,-0.0004750161070278,2.9682546046794864,-0.006738970044873338,0.0,0.0
2013-12-11,-0.0155739742512941,2.922027083894923,-0.022207991750208267,0.0,0.0
2013-12-12,0.0008506933097329,2.924512832786051,-0.021376190630479908,0.0,0.0
2013-12-13,0.0047621361138953,2.9384397609626114,-0.016715850845963498,0.0,0.0
2013-12-16,0.0074941220916418,2.9604607872902,-0.009346999381427024,0.0,0.0
2013-12-17,-0.0015916461552029,2.9557487812604806,-0.010923768421001845,0.0,0.0
2013-12-18,0.0151288741691575,3.000465932647811,0.0,0.0,0.0
2013-12-19,-0.0008689891742881,2.99785856023452,-0.0008689891742881262,0.0,0.0
2013-12-20,0.0085434064759984,3.023470484472155,0.0,0.0,0.0
2013-12-23,0.0046940644846488,3.0376628498936995,0.0,0.0,0.0
2013-12-24,0.0028799254121435,3.0464110923286323,0.0,0.0,0.0
2013-12-26,0.004837708643644,3.0611487416020835,0.0,0.0,0.0
2013-12-27,-0.0047119740318889,3.046724688223905,-0.004711974031888833,0.0,0.0
2013-12-30,0.00031688984186,3.0476901643285474,-0.004396577366734711,0.0,0.0
2013-12-31,0.0041354604786008,3.0602937665541488,-0.00027929876007504184,0.0,0.0
2014-01-02,-0.008559325787283271,3.0340997152014197,-0.008836233938278815,0.520433164662172,0.0005204331646621721
2014-01-03,0.0028960961709962,3.0428867597690354,-0.005965728350557198,0.0,0.0
2014-01-06,-0.0035671253566552,3.032032401250833,-0.009511573206342216,0.0,0.0
2014-01-07,0.0059771685773524,3.050155370045104,-0.0035912569054799004,0.0,0.0
2014-01-08,0.0100647346727634,3.0808543745553125,0.0,0.0,0.0
2014-01-09,0.0046999742800806,3.0953343108763964,0.0,0.0,0.0
2014-01-10,0.0028105601287042,3.104033934075556,0.0,0.0,0.0
2014-01-13,-0.0179958974379498,3.048174057754016,-0.017995897437949826,0.0,0.0
2014-01-14,0.0138738193103288,3.090463873857727,-0.004371749957002513,0.0,0.0
2014-01-15,0.0027508942019761,3.0989654130097386,-0.0016328819766355807,0.0,0.0
2014-01-16,-0.0045951650188063,3.0847251555493855,-0.006220543633303044,0.0,0.0
2014-01-17,-0.0062669000547603,3.0653934913031526,-0.01244846016282719,0.0,0.0
2014-01-21,0.0032399198250427,3.0753251204471828,-0.009248872350657189,0.0,0.0
2014-01-22,0.0049909140757565,3.09067380387835,-0.0043041186021005595,0.0,0.0
2014-01-23,-0.0126506924293702,3.051574640185973,-0.01690036095085612,0.0,0.0
2014-01-24,-0.0294055449058022,2.9618414250705776,-0.04580894153379356,0.0,0.0
2014-01-27,-0.0076802032765899,2.9390938808530107,-0.053137322827518485,0.0,0.0
2014-01-28,0.0104535641794103,2.96981788736582,-0.043239233062607685,0.0,0.0
2014-01-29,-0.0101692983901951,2.939616923104658,-0.05296881878962589,0.0,0.0
2014-01-30,0.0153767830581043,2.98481877480517,-0.03840652576689385,0.0,0.0
2014-01-31,-0.0074649813808097,2.962537158226158,-0.0455848031479521,0.0,0.0
2014-02-03,-0.02979588275100141,2.8742657484141665,-0.0740224464491297,0.3758402905071091,0.0003758402905071091
2014-02-04,0.0083725365511661,2.8983306434505294,-0.06626966553646552,0.0,0.0
2014-02-05,-0.0014581292172573,2.894104502858042,-0.06763116501818633,0.0,0.0
2014-02-06,0.0141266005591105,2.9349883611462406,-0.054459962912634996,0.0,0.0
2014-02-07,0.0189408793867885,2.9905796216963396,-0.03655060311478364,0.0,0.0
2014-02-10,-0.0010609159009517,2.98740686822262,-0.0375727418997015,0.0,0.0
2014-02-11,0.0125132719718902,3.024789102855382,-0.025529627865931936,0.0,0.0
2014-02-12,0.0022313685035251,3.0315385219892996,-0.02335522536993362,0.0,0.0
2014-02-13,0.0090830379335144,3.059074101381439,-0.014484323834399904,0.0,0.0
2014-02-14,0.0014948629913342,3.0636469980433434,-0.01301111292272017,0.0,0.0
2014-02-18,0.0059685699478049,3.0819325894465477,-0.0071202007124933075,0.0,0.0
2014-02-19,-0.0087291055523387,3.055030074568076,-0.015787153281258903,0.0,0.0
2014-02-20,0.0076081128401957,3.0782730881055813,-0.008299150884652495,0.0,0.0
2014-02-21,0.001539831988171,3.083013111474972,-0.0067720981944883185,0.0,0.0
2014-02-24,0.0082281276139321,3.1083805367916137,0.0,0.0,0.0
2014-02-25,0.0011908431864063,3.11208213057461,0.0,0.0,0.0
2014-02-26,-0.0009656481602369,3.1090769541907144,-0.0009656481602369205,0.0,0.0
2014-02-27,0.0039358496657307,3.121313813681597,0.0,0.0,0.0
2014-02-28,0.0009432951820525,3.1242581339637168,0.0,0.0,0.0
2014-03-03,-0.007598478639431925,3.100518525268722,-0.0075984786394319714,0.5753506228487248,0.0005753506228487248
2014-03-04,0.0221807123963813,3.16929023495736,0.0,0.0,0.0
2014-03-05,0.0006244139731097,3.1712691840649074,0.0,0.0,0.0
2014-03-06,0.0010313079217813,3.174539739096535,0.0,0.0,0.0
2014-03-07,-0.0010563156676927,3.171186423032414,-0.0010563156676927088,0.0,0.0
2014-03-10,-0.0005163488716224,3.169548984501177,-0.0015721191119120181,0.0,0.0
2014-03-11,-0.0062839288211874,3.1496317642873044,-0.007846168848501867,0.0,0.0
2014-03-12,0.0015266129784795,3.1544400330160967,-0.006331533933217837,0.0,0.0
2014-03-13,-0.0158380709898319,3.10447978784002,-0.02206932563914099,0.0,0.0
2014-03-14,-0.0004555783413413,3.1030654540875484,-0.022514849673712978,0.0,0.0
2014-03-17,0.008722636624075,3.130132366464274,-0.013988601901987474,0.0,0.0
2014-03-18,0.0094847119412414,3.159820770298144,-0.004636567820247239,0.0,0.0
2014-03-19,-0.0027654382337335,3.151082481128216,-0.00738918391205734,0.0,0.0
2014-03-20,0.0064671794040401,3.1714610968506,-0.0009697916860260669,0.0,0.0
2014-03-21,-0.0096224669727861,3.1409438171906787,-0.010582926870342901,0.0,0.0
2014-03-24,-0.0093794526885344,3.1114834832599945,-0.019863117496990657,0.0,0.0
2014-03-25,-0.0007578282703221,3.1091255131137396,-0.020605892935336767,0.0,0.0
2014-03-26,-0.0103534718476121,3.0769352696430237,-0.030746022250548122,0.0,0.0
2014-03-27,-0.0064560953965686,3.057070282013142,-0.03700361839440203,0.0,0.0
2014-03-28,0.003732040825522,3.068479393112105,-0.03340967658341998,0.0,0.0
2014-03-31,0.0144148316794096,3.1127110070755526,-0.01947643976842406,0.0,0.0
2014-04-01,0.014523946309159989,3.157919854618249,-0.005235368224754233,0.428769080011411,0.000428769080011411
2014-04-02,0.0033452890493963,3.1684840093267748,-0.001907592995349816,0.0,0.0
2014-04-03,-0.0063469783462026,3.1483737099292886,-0.008242463890117513,0.0,0.0
2014-04-04,-0.021774490697914,3.079819475868876,-0.02983747913472834,0.0,0.0
2014-04-07,-0.0151614328995064,3.033124999542897,-0.044546533096443186,0.0,0.0
2014-04-08,0.0051016267774851,3.0485988712600243,-0.03967216610504709,0.0,0.0
2014-04-09,0.0177267871156552,3.1026407344518776,-0.022648639032352924,0.0,0.0
2014-04-10,-0.0323949584108911,3.0021308168953724,-0.054309895723727686,0.0,0.0
2014-04-11,-0.0157065139031478,2.954977807480737,-0.06916339049461218,0.0,0.0
2014-04-14,0.0094160205833061,2.982801939339188,-0.060398613819814706,0.0,0.0
2014-04-15,0.0057129551477928,2.9998425530333823,-0.055030713243763296,0.0,0.0
2014-04-16,0.0154936243605067,3.046320986690745,-0.04038971408254621,0.0,0.0
2014-04-17,0.0053648744592536,3.06266411634693,-0.03524152536879066,0.0,0.0
2014-04-21,0.0044984929361334,3.0764414892400658,-0.03090156618558748,0.0,0.0
2014-04-22,0.0084754913654724,3.1025158425185007,-0.02268798077750067,0.0,0.0
2014-04-23,-0.0026035760459915,3.0944382065886105,-0.025232486940207965,0.0,0.0
2014-04-24,-0.0045380848056181,3.0803953835813664,-0.02965606458023473,0.0,0.0
2014-04-25,-0.0180213930603808,3.0248823675924643,-0.04714301404419108,0.0,0.0
2014-04-28,-0.007806039303678,3.001270016942035,-0.05458105312734618,0.0,0.0
2014-04-29,0.0112256301846399,3.034961164236474,-0.04396812966020214,0.0,0.0
2014-04-30,0.0072104806606291,3.0568446930169615,-0.03707468034817196,0.0,0.0
2014-05-01,-0.0019810675874259625,3.0507888770758305,-0.03898230048804607,0.39418748508316237,0.0003941874850831624
2014-05-02,0.0031874113549529,3.060512996184186,-0.03591914176031097,0.0,0.0
2014-05-05,0.0023286077373727,3.0676397304274303,-0.033674175614361035,0.0,0.0
2014-05-06,-0.0108149746575014,3.0344632844845134,-0.044124964915980835,0.0,0.0
2014-05-07,0.0065094230087864,3.054215889607854,-0.037902769969080485,0.0,0.0
2014-05-08,-0.0021767564120026,3.04756760558651,-0.03999702128352012,0.0,0.0
2014-05-09,0.0036915819517193,3.058817951155938,-0.03645309161369359,0.0,0.0
2014-05-12,0.018048026625014,3.114023578979471,-0.019062971356687664,0.0,0.0
2014-05-13,-0.0009839521958052,3.1109595286411453,-0.020028166499967748,0.0,0.0
2014-05-14,-0.0074089771528321,3.087910500570058,-0.02728875542478848,0.0,0.0
2014-05-15,-0.0131394276915658,3.0473371238297906,-0.040069624487657496,0.0,0.0
2014-05-16,0.0049323060906375,3.062367523285882,-0.035334954049930034,0.0,0.0
2014-05-19,0.0091513756380422,3.090392398833212,-0.026506941849551713,0.0,0.0
2014-05-20,-0.009427579892681,3.061257477593478,-0.03568462543023532,0.0,0.0
2014-05-21,0.010563534549174,3.0935951767219536,-0.02549804665466804,0.0,0.0
2014-05-22,0.0042341131915619,3.1066938088690645,-0.02137189507880566,0.0,0.0
2014-05-23,0.0087957026595291,3.1340193638660767,-0.012764173253660416,0.0,0.0
2014-05-27,0.0109436879693579,3.1683170938741525,-0.001960172413577488,0.0,0.0
2014-05-28,-0.0001477199650874,3.1678490701836592,-0.0021076028220644583,0.0,0.0
2014-05-29,0.0066806959408036,3.189012506607914,0.0,0.0,0.0
2014-05-30,-0.0002680270409276,3.1881577650222863,-0.00026802704092765417,0.0,0.0
2014-06-02,0.0042251333851384,3.20162815683237,0.0,0.0,0.0
2014-06-03,-0.0013818044029114147,3.197204132948774,-0.0013818044029114684,0.5842243173261148,0.0005842243173261148
2014-06-04,0.0040366991274189,3.2101102840824285,0.0,0.0,0.0
2014-06-05,0.0063401249005823,3.230462784228155,0.0,0.0,0.0
2014-06-06,0.007582153828604,3.2549566499957536,0.0,0.0,0.0
2014-06-09,-0.001346120250509,3.2505750869346657,-0.0013461202505089531,0.0,0.0
2014-06-10,-0.0029094456894189,3.2411177152598514,-0.004251649476167518,0.0,0.0
2014-06-11,-0.0028345882150687,3.2319304811805254,-0.0070741860157363945,0.0,0.0
2014-06-12,-0.0105274875757879,3.1979063731940873,-0.01752720018613485,0.0,0.0
2014-06-13,0.0068254862635684,3.2197336392165012,-0.01082134558667569,0.0,0.0
2014-06-16,0.0003725844209446,3.2209332618100643,-0.010452793030510499,0.0,0.0
2014-06-17,0.0061886493661229,3.2408664883990896,-0.004328832335349975,0.0,0.0
2014-06-18,0.0073765928970834,3.2647730411178104,0.0,0.0,0.0
2014-06-19,-0.0005085127596643,3.263112862368994,-0.000508512759664348,0.0,0.0
2014-06-20,0.0042288648237482,3.276912125568587,0.0,0.0,0.0
2014-06-23,-0.0025126509031026,3.268678389356889,-0.002512650903102709,0.0,0.0
2014-06-24,-0.0098089858175359,3.2366159693936014,-0.012296990163565558,0.0,0.0
2014-06-25,0.0070642405204969,3.259480203073879,-0.005319618539262216,0.0,0.0
2014-06-26,0.0004880393198691,3.2610709575753143,-0.004834175402406937,0.0,0.0
2014-06-27,0.0021406216287191,3.268051676599888,-0.002703901914111184,0.0,0.0
2014-06-30,-0.0004124464197042,3.2667037803864662,-0.003115233119151628,0.0,0.0
2014-07-01,0.010182715583146254,3.2999676958765303,0.0,0.5316083089374467,0.0005316083089374467
2014-07-02,-0.0010826598098113,3.2963949534785293,-0.0010826598098112594,0.0,0.0
2014-07-03,0.005535982656953,3.3146437387714536,0.0,0.0,0.0
2014-07-07,-0.011962187125818,3.2749933501128483,-0.011962187125818091,0.0,0.0
2014-07-08,-0.0068243869308413,3.252643528295746,-0.01870493946317353,0.0,0.0
2014-07-09,0.0049286831753901,3.2686747777291987,-0.013868447008212437,0.0,0.0
2014-07-10,-0.0041895986140551,3.2549803424106276,-0.017999942395902746,0.0,0.0
2014-07-11,0.0023176258605607,3.262524169027815,-0.015724033667327553,0.0,0.0
2014-07-14,0.0053898909769102,3.280108818608409,-0.010418893517601613,0.0,0.0
2014-07-15,-0.00398845266865,3.2670262598373676,-0.014365790922597044,0.0,0.0
2014-07-16,0.0023606174382148,3.274738458997445,-0.012039085620947909,0.0,0.0
2014-07-17,-0.0129455461228615,3.232345181236185,-0.024828779205626428,0.0,0.0
2014-07-18,0.0128136309196428,3.2737632593934314,-0.012333295098909902,0.0,0.0
2014-07-21,-0.0027333421166497,3.264814944396591,-0.015032926100628563,0.0,0.0
2014-07-22,0.0112322794410506,3.301486258175372,-0.003969500686356819,0.0,0.0
2014-07-23,0.0008975030723024,3.3044493522352485,-0.00307556025311595,0.0,0.0
2014-07-24,0.0033245230653975,3.3154350703251927,0.0,0.0,0.0
2014-07-25,-0.0030369607091666,3.305366224282822,-0.003036960709166703,0.0,0.0
2014-07-28,-0.001855318642659,3.2992337167060946,-0.00488664482200496,0.0,0.0
2014-07-29,-0.0030640111865061,3.289124827691209,-0.007935683274111871,0.0,0.0
2014-07-30,-0.0057516827495199,3.27020682515876,-0.013641722491038455,0.0,0.0
2014-07-31,-0.0202801044351111,3.2038866892201274,-0.03364517136935641,0.0,0.0
2014-08-01,-0.002497990300142799,3.1958834113476993,-0.036059116357771814,0.5536467882239992,0.0005536467882239992
2014-08-04,0.009293163864667,3.2255832795817243,-0.027101055770232696,0.0,0.0
2014-08-05,-0.0103079629623499,3.192334086603821,-0.037129662053462464,0.0,0.0
2014-08-06,-0.0018404569558998,3.1864587331285747,-0.03890178346456574,0.0,0.0
2014-08-07,-0.0064996408425245,3.1657478958037135,-0.0451485766864369,0.0,0.0
2014-08-08,0.0120311263512198,3.2038354087342364,-0.033660638565909284,0.0,0.0
2014-08-11,0.0063634560897977,3.2242228746766557,-0.027511380471580305,0.0,0.0
2014-08-12,-0.0037029252291348,3.212283818449662,-0.031112433115878524,0.0,0.0
2014-08-13,0.0100249317951723,3.244486744636356,-0.02139940134067464,0.0,0.0
2014-08-14,0.0018281552184121,3.2504181700096315,-0.019610367549494523,0.0,0.0
2014-08-15,0.0023780207442769,3.2581477318454892,-0.017278980666053156,0.0,0.0
2014-08-18,0.0103051794178906,3.2917235287921502,-0.007151864244084427,0.0,0.0
2014-08-19,0.0050822502177589,3.3084528914131566,-0.0021059615899373663,0.0,0.0
2014-08-20,0.004580252873209,3.3236064422749285,0.0,0.0,0.0
2014-08-21,-0.0001679461577532,3.323048255343065,-0.00016794615775317379,0.0,0.0
2014-08-22,-5.561578956713375e-05,3.322863441390574,-0.00022355260686213185,0.0,0.0
2014-08-25,0.00466841957565,3.3383759621275733,0.0,0.0,0.0
2014-08-26,0.0012589988091639,3.342578973488433,0.0,0.0,0.0
2014-08-27,-0.0005025638341136,3.340899114183689,-0.0005025638341136229,0.0,0.0
2014-08-28,-0.0026296045862458,3.332113870550847,-0.003130846876196358,0.0,0.0
2014-08-29,0.0051837141201767,3.3493865962716582,0.0,0.0,0.0
2014-09-02,0.0019627052362161,3.355960454882273,0.0,0.0,0.0
2014-09-03,-0.0019786809030699357,3.3493200800187393,-0.0019786809030699626,0.5526311975891358,0.0005526311975891359
2014-09-04,-0.0041269976537505,3.3354974439068426,-0.006097512545375938,0.0,0.0
2014-09-05,0.0025346186708012,3.343951658004579,-0.003578348743717541,0.0,0.0
2014-09-08,0.0003696344620839,3.34518769777692,-0.0032100369626467673,0.0,0.0
2014-09-09,-0.0088309719511463,3.315646439046532,-0.01201266116741384,0.0,0.0
2014-09-10,0.003905273633295,3.3285949456622688,-0.008154300263041647,0.0,0.0
2014-09-11,-0.0007827020658956,3.3259896475217694,-0.00893061994127542,0.0,0.0
2014-09-12,-0.0091481737950302,3.295562916185769,-0.01799709487298551,0.0,0.0
2014-09-15,-0.0040132363528785,3.2823370432873338,-0.02193810463047363,0.0,0.0
2014-09-16,0.0103686053120586,3.3163703005903296,-0.011796966866623015,0.0,0.0
2014-09-17,-0.0013144149307052,3.3120112139514863,-0.013095875687941683,0.0,0.0
2014-09-18,0.0048149406142149,3.327958351260276,-0.008343990937455525,0.0,0.0
2014-09-19,-0.004244302498618,3.313833489314726,-0.012552879014489093,0.0,0.0
2014-09-22,-0.0132909938393389,3.269789348823649,-0.025677032616180484,0.0,0.0
2014-09-23,-0.0052108913311748,3.2527508318510963,-0.0307541237206852,0.0,0.0
2014-09-24,0.0100962766799335,3.2855915042203487,-0.020968349182884705,0.0,0.0
2014-09-25,-0.0170464598146606,3.2295838006762665,-0.037657372875819384,0.0,0.0
2014-09-26,0.0124156787209779,3.2696812755479376,-0.025709235997943836,0.0,0.0
2014-09-29,-0.0005677572655995,3.2678248902475504,-0.026262396658012555,0.0,0.0
2014-09-30,-0.0029070884973263,3.258325034097835,-0.029093138044102185,0.0,0.0
2014-10-01,-0.022798947894326457,3.184038651422659,-0.051228793000078654,0.5235295514253561,0.000523529551425356
2014-10-02,-0.0022391566108431,3.1769090902271464,-0.05335324032041,0.0,0.0
2014-10-03,0.0134942532080769,3.2197791059097125,-0.040578949246688145,0.0,0.0
2014-10-06,-0.0050922531714944,3.2033831755461324,-0.04546456413518518,0.0,0.0
2014-10-07,-0.0192624396295602,3.141678200516826,-0.06385124534280717,0.0,0.0
2014-10-08,0.0182737919977949,3.199088574477077,-0.04674425772120683,0.0,0.0
2014-10-09,-0.0270950045319655,3.112409255053462,-0.07257272637837286,0.0,0.0
2014-10-10,-0.0219996837705333,3.0439372356778045,-0.09297583311821656,0.0,0.0
2014-10-13,-0.0286229368616802,2.9568108123700814,-0.11893752857889195,0.0,0.0
2014-10-14,0.0044785541595116,2.9700530497327104,-0.11499164258271932,0.0,0.0
2014-10-15,-0.0036722251874212,2.9591463461155048,-0.11824159256390532,0.0,0.0
2014-10-16,0.009863548981684,2.9883340310443867,-0.10954432532214764,0.0,0.0
2014-10-17,0.0167046247623834,3.038253029697644,-0.09466959740911907,0.0,0.0
2014-10-20,0.0125412805118349,3.0763566132090148,-0.08331559487433426,0.0,0.0
2014-10-21,0.0276766056016332,3.1614997218827763,-0.057944882132503595,0.0,0.0
2014-10-22,-0.0130997920320377,3.1200847330167667,-0.07028560825928465,0.0,0.0
2014-10-23,0.0141869230459852,3.164349135021029,-0.05709582172891414,0.0,0.0
2014-10-24,0.0111051387978198,3.199489671370199,-0.04662473995616945,0.0,0.0
2014-10-27,-0.0037282437580241,3.1875611939740502,-0.05017915531848249,0.0,0.0
2014-10-28,0.0189382910529504,3.2479281556146207,-0.03219117171374475,0.0,0.0
2014-10-29,-0.0048805987481596,3.2320763215242154,-0.03691465826953655,0.0,0.0
2014-10-30,0.0067964899537519,3.254043095773214,-0.030369058419859707,0.0,0.0
2014-10-31,0.0172434404876596,3.310153994239459,-0.013649284983729304,0.0,0.0
2014-11-03,-0.002410189979614731,3.3021758942515613,-0.016026577593447278,0.466895296461131,0.000466895296461131
2014-11-04,-0.0046939036630163,3.28667579872561,-0.02064525404519213,0.0,0.0
2014-11-05,0.0012801846726816,3.2908833507072117,-0.0193914991103028,0.0,0.0
2014-11-06,0.0121491995135554,3.3308649491107913,-0.007477890788305408,0.0,0.0
2014-11-07,-0.0052742157629105,3.313297248692065,-0.012712666541746964,0.0,0.0
2014-11-10,0.004830272683124,3.329301377883492,-0.007943799504549265,0.0,0.0
2014-11-11,0.002121001428738,3.3363628308626825,-0.005839646885909988,0.0,0.0
2014-11-12,-0.0004070746399613,3.335004682164529,-0.006244344353717679,0.0,0.0
2014-11-13,-0.0025838689139853,3.3263874672382885,-0.008812078700439208,0.0,0.0
2014-11-14,-8.003280580281164e-05,3.326121247116098,-0.008891406250858713,0.0,0.0
2014-11-17,-0.0006181376226328,3.324065246435817,-0.00950404776076974,0.0,0.0
2014-11-18,0.0077119776463795,3.349700363311437,-0.0018653651182715114,0.0,0.0
2014-11-19,-0.0035407502687031,3.337839910849967,-0.005399510594930934,0.0,0.0
2014-11-20,0.0048373738627952,3.353986290392907,-0.0005882561835595101,0.0,0.0
2014-11-21,0.0062697709270176,3.375015016126028,0.0,0.0,0.0
2014-11-24,0.0044314722903765,3.3899713016495947,0.0,0.0,0.0
2014-11-25,0.0013059256406512,3.3943983520934906,0.0,0.0,0.0
2014-11-26,0.0005456966420975,3.39625066387617,0.0,0.0,0.0
2014-11-28,-0.0077353306999679,3.369979541851102,-0.007735330699967902,0.0,0.0
2014-12-01,-0.0129453922094089,3.3263538349441553,-0.020580586019596336,0.0,0.0
2014-12-02,0.007432838092179333,3.351078084436595,-0.013300720091142804,0.775003342790267,0.000775003342790267
2014-12-03,0.0054132022466835,3.369218147852079,-0.007959517332339128,0.0,0.0
2014-12-04,0.0003172660527251,3.370287086394618,-0.007644776564259659,0.0,0.0
2014-12-05,0.003150807729878,3.3809062129983385,-0.004518056055473396,0.0,0.0
2014-12-08,-0.0052606825282817,3.363120338753859,-0.009754970525202245,0.0,0.0
2014-12-09,0.0002857230793623,3.3640812598533136,-0.009472034666057616,0.0,0.0
2014-12-10,-0.015292440685904,3.3126362467244457,-0.024619624823656094,0.0,0.0
2014-12-11,0.0067208880132166,3.3349001039672026,-0.01806420255180674,0.0,0.0
2014-12-12,-0.0151567192975103,3.284353959206134,-0.032947127801905896,0.0,0.0
2014-12-15,-0.0047902428189203,3.268621106238254,-0.03757954587846912,0.0,0.0
2014-12-16,-0.0091189754929656,3.2388146304746774,-0.04635583441353219,0.0,0.0
2014-12-17,0.0204724528308421,3.305121110224912,-0.02683239921615521,0.0,0.0
2014-12-18,0.0239562505549538,3.384299419655927,-0.003518952339814363,0.0,0.0
2014-12-19,0.0032525240575493,3.395306934936308,-0.0002778737594075764,0.0,0.0
2014-12-22,0.0023527235025623,3.403295153360545,0.0,0.0,0.0
2014-12-23,-0.0027107092918266,3.394069809565502,-0.0027107092918265963,0.0,0.0
2014-12-24,0.003395302230385,3.4055937023600023,0.0,0.0,0.0
2014-12-26,0.0039108665057408,3.4189125247027237,0.0,0.0,0.0
2014-12-29,0.0006932387691491,3.4212826474131774,0.0,0.0,0.0
2014-12-30,-0.0060136911037877,3.400708110392886,-0.006013691103787688,0.0,0.0
2014-12-31,-0.0113884357294423,3.3619793646430836,-0.01733364029859763,0.0,0.0
2015-01-02,0.0013766339892555307,3.366607579707627,-0.015980868387734715,0.4921187555617693,0.0004921187555617693
2015-01-05,-0.0143879406978168,3.318169029497973,-0.03013887729888909,0.0,0.0
2015-01-06,-0.007593807907338,3.2929714912838874,-0.03750381636147648,0.0,0.0
2015-01-07,0.0129811894591959,3.335718178095974,-0.025009471047911958,0.0,0.0
2015-01-08,0.0205011926603516,3.4041043791257564,-0.005021002371847105,0.0,0.0
2015-01-09,-0.0050217928926717,3.38700967194875,-0.010017580830493866,0.0,0.0
2015-01-12,-0.0089531639604916,3.356685219020022,-0.018881055747322573,0.0,0.0
2015-01-13,-0.0035743368570143,3.3446872953242837,-0.022387905350879866,0.0,0.0
2015-01-14,-0.0004981879372321,3.3430210124599395,-0.022874939903726244,0.0,0.0
2015-01-15,-0.0055479763249312,3.3244740110290643,-0.028296006603637402,0.0,0.0
2015-01-16,0.0129281846682555,3.367453424968464,-0.015733637934127964,0.0,0.0
2015-01-20,0.002650678988355,3.3763794630062915,-0.013124663769255362,0.0,0.0
2015-01-21,0.0059560063384197,3.3964892004888667,-0.007246828011435169,0.0,0.0
2015-01-22,0.0128869381654387,3.4402595467951467,0.0,0.0,0.0
2015-01-23,-0.0021505109566122,3.4328612309461737,-0.0021505109566123393,0.0,0.0
2015-01-26,0.0010819131424681,3.436575288628204,-0.0010709244802110662,0.0,0.0
2015-01-27,-0.0115811807876904,3.396775688920091,-0.01263970269788628,0.0,0.0
2015-01-28,-0.0090886068181411,3.365903730234076,-0.021613432227908014,0.0,0.0
2015-01-29,0.0095013221219469,3.3978842658064927,-0.012317466287719347,0.0,0.0
2015-01-30,-0.0230490155787127,3.319566378429256,-0.03508257639407619,0.0,0.0
2015-02-02,0.0068846124583896,3.3424203064746414,-0.02843949387820166,0.0,0.0
2015-02-03,0.005876416028519558,3.3620617587376587,-0.022730200147350832,0.4999053110216416,0.0004999053110216415
2015-02-04,-0.0014327985772054,3.357244601433263,-0.024130430926125435,0.0,0.0
2015-02-05,0.0076600845995345,3.3829613791015722,-0.01665518746890826,0.0,0.0
2015-02-06,-0.0144609930041176,3.3340403982651843,-0.030875329923555683,0.0,0.0
2015-02-09,-0.0115517219782199,3.2955264905202717,-0.04207038867451274,0.0,0.0
2015-02-10,0.0167340964554044,3.350674148683978,-0.02604030216110409,0.0,0.0
2015-02-11,0.0001544596575184,3.3511916926654397,-0.025889864679739083,0.0,0.0
2015-02-12,0.0076631458292631,3.37687236330815,-0.018425116659016805,0.0,0.0
2015-02-13,-0.0059747155316457,3.3566965115507075,-0.024289747359987457,0.0,0.0
2015-02-17,0.0039632208325694,3.3699998410938985,-0.020422792160172953,0.0,0.0
2015-02-18,0.0084297380775048,3.398408057075553,-0.012165212871389719,0.0,0.0
2015-02-19,-0.0027967822398524,3.388903449777753,-0.01492797165993942,0.0,0.0
2015-02-20,0.0065760851284028,3.4111891673554298,-0.008450054143966601,0.0,0.0
2015-02-23,0.0054400808722547,3.4297463122964027,-0.003055942249629906,0.0,0.0
2015-02-24,-0.0007623974667509,3.4271314823963097,-0.0038160098737511916,0.0,0.0
2015-02-25,-0.0068230909896388,3.403747852458464,-0.010613063880804074,0.0,0.0
2015-02-26,0.0008334061622386,3.406584556893409,-0.009788502711403857,0.0,0.0
2015-02-27,-0.0025840242449979,3.397781859805761,-0.012347233228073407,0.0,0.0
2015-03-02,0.0042351946839279,3.4121721274755568,-0.008164331480674303,0.0,0.0
2015-03-03,-0.0034138801337544947,3.400523380836617,-0.01155033956538154,0.4817327158944944,0.0004817327158944944
2015-03-04,-0.0050566593691983,3.383328092422732,-0.0165485928017991,0.0,0.0
2015-03-05,0.0052555146712837,3.4011092228502253,-0.011380049502774492,0.0,0.0
2015-03-06,-0.0198486597701792,3.3336017630446526,-0.031002830542205317,0.0,0.0
2015-03-09,0.0099178001909403,3.366663759246696,-0.021392510229936157,0.0,0.0
2015-03-10,-0.0128867219975008,3.323278499322223,-0.034003552895275124,0.0,0.0
2015-03-11,-0.0012367636120748,3.3191683894014705,-0.035198262150447746,0.0,0.0
2015-03-12,0.0163301678806872,3.373370966424667,-0.019442887799785757,0.0,0.0
2015-03-13,-0.002672632555254,3.364355185358852,-0.022063556660137817,0.0,0.0
2015-03-16,0.0167042772644992,3.420554307191342,-0.005727835163530592,0.0,0.0
2015-03-17,-0.002649720832626,3.411490793184448,-0.008362378831997974,0.0,0.0
2015-03-18,0.0128848245939398,3.4554472536584697,0.0,0.0,0.0
2015-03-19,-0.0005201576506143,3.453649876333185,-0.0005201576506143057,0.0,0.0
2015-03-20,0.0094008657826153,3.486117175280739,0.0,0.0,0.0
2015-03-23,-0.0016795246379722,3.480262155593997,-0.001679524637972163,0.0,0.0
2015-03-24,-0.0030328027344112,3.4697072070120436,-0.004707233705468883,0.0,0.0
2015-03-25,-0.0202689491501504,3.399379888067206,-0.024880772175005172,0.0,0.0
2015-03-26,-0.0044373604697149,3.384295614130353,-0.029207727689814722,0.0,0.0
2015-03-27,0.0070035730312324,3.4079977756231945,-0.02240871311253423,0.0,0.0
2015-03-30,0.0117513821787421,3.4480464599488454,-0.010920664285711368,0.0,0.0
2015-03-31,-0.0102497717562739,3.4127047707293414,-0.021058501725629952,0.0,0.0
2015-04-01,-0.00840029123300178,3.3840370567629603,-0.02928189541120574,0.6690897957823799,0.00066908979578238
2015-04-02,0.003318377231917,3.395266568284086,-0.026060686554328694,0.0,0.0
2015-04-06,0.0028036453986355,3.4047856917753965,-0.02333010607963648,0.0,0.0
2015-04-07,-0.0043674378193399,3.3899155019783893,-0.02759565111135498,0.0,0.0
2015-04-08,0.0069989367946813,3.413641306316046,-0.02078985453461024,0.0,0.0
2015-04-09,0.0005133221094014,3.4153936038721437,-0.020287204317192775,0.0,0.0
2015-04-10,0.0041346721302982,3.4295151366200725,-0.016236413125186533,0.0,0.0
2015-04-13,-0.0063204455429482,3.407839072960349,-0.022454237303164204,0.0,0.0
2015-04-14,-0.0029590623899644,3.397755064528501,-0.025346856204029433,0.0,0.0
2015-04-15,0.0002138333106898,3.398481617742862,-0.025138442895517255,0.0,0.0
2015-04-16,0.0007942991704293,3.4011810288725544,-0.02436411116942583,0.0,0.0
2015-04-17,-0.0124791043033183,3.358737336058786,-0.03653917318820321,0.0,0.0
2015-04-20,0.007557481539731,3.384120931472856,-0.02925783577531904,0.0,0.0
2015-04-21,0.0041495759172465,3.3981635981911458,-0.025229667468796513,0.0,0.0
2015-04-22,0.0019396341392215,3.404754792316857,-0.023338969653918684,0.0,0.0
2015-04-23,0.0021594067188925,3.412107042691568,-0.02122996126290877,0.0,0.0
2015-04-24,-0.0006764261004865,3.4097990044302375,-0.02189202686348468,0.0,0.0
2015-04-27,-0.0096180188893379,3.377003493196782,-0.031299487824923755,0.0,0.0
2015-04-28,-0.0015541371336085,3.371755166667679,-0.03280498126224063,0.0,0.0
2015-04-29,-0.013890876278197,3.324918532807127,-0.04624016760441518,0.0,0.0
2015-04-30,-0.0126403271357186,3.2828904748528314,-0.058296003894803605,0.0,0.0
2015-05-01,0.016452850482771793,3.336903380986901,-0.042802288847855974,0.5438870580283083,0.0005438870580283082
2015-05-04,0.0033590485998101,3.3481122016165066,-0.0395870152164689,0.0,0.0
2015-05-05,-0.0161475762839723,3.2940483044336055,-0.055095357152378566,0.0,0.0
2015-05-06,0.0004393535133976,3.2954955561294597,-0.05468020997771783,0.0,0.0
2015-05-07,0.011142885207924,3.3322168848146343,-0.04414662007272063,0.0,0.0
2015-05-08,0.0133373776396095,3.3766599197844904,-0.031398042576533225,0.0,0.0
2015-05-11,-0.0026990746408873,3.3675460626240996,-0.03401237155692871,0.0,0.0
2015-05-12,-0.0021316431085283,3.3603676562670555,-0.03607151242802298,0.0,0.0
2015-05-13,-0.0025566375558872,3.3517764141154545,-0.03853592820053908,0.0,0.0
2015-05-14,0.0102647788452819,3.3861816577451815,-0.028666712135833383,0.0,0.0
2015-05-15,0.0044634540723627,3.401295724055204,-0.02433121061649468,0.0,0.0
2015-05-18,0.0058603968991777,3.4212286669696437,-0.018613404268567058,0.0,0.0
2015-05-19,0.000685949438184,3.4235754568516503,-0.01794022268458373,0.0,0.0
2015-05-20,-0.0058208274654187,3.403647414802475,-0.023656623209064365,0.0,0.0
2015-05-21,0.0012752238334669,3.4079878271065494,-0.022411566865332855,0.0,0.0
2015-05-22,-0.0003608171278304,3.4067581667270916,-0.02276429751597675,0.0,0.0
2015-05-26,-0.010042195700174,3.3725468345136522,-0.032577889685518335,0.0,0.0
2015-05-27,0.0122330646040279,3.4138034178203673,-0.020743352510676383,0.0,0.0
2015-05-28,-0.0016566536889932,3.408147927794738,-0.022365641648210532,0.0,0.0
2015-05-29,-0.0008920899474652,3.405107553288878,-0.023237779431592775,0.0,0.0
2015-06-01,0.0049729754324886,3.4220410694963648,-0.018380364905323132,0.0,0.0
2015-06-02,-0.0046105387211958695,3.4062636166399294,-0.02290616024241321,0.5448853097786699,0.0005448853097786699
2015-06-03,0.0016667973926855,3.4119411679549447,-0.021277542777896064,0.0,0.0
2015-06-04,-0.0090151902285211,3.381181869277308,-0.030100911910679096,0.0,0.0
2015-06-05,0.0014286443723311,3.3860123757266787,-0.02871527103675131,0.0,0.0
2015-06-08,-0.0085905569997176,3.3569246434112494,-0.03705914786386533,0.0,0.0
2015-06-09,-0.0011155133229314,3.3531799492474477,-0.03813332121361801,0.0,0.0
2015-06-10,0.0134190535909903,3.3981764506866337,-0.025225980703595607,0.0,0.0
2015-06-11,0.0013130199776513,3.402638324253969,-0.023946082942564062,0.0,0.0
2015-06-12,-0.0056455217312417,3.3834286556508375,-0.029456416542175456,0.0,0.0
2015-06-15,-0.0026509002616042,3.3744595237424537,-0.032029230781462026,0.0,0.0
2015-06-16,0.0052641442524902,3.392223165449623,-0.026933693020101845,0.0,0.0
2015-06-17,0.0038217827704448,3.405187505496842,-0.023214844973585724,0.0,0.0
2015-06-18,0.012292664414775,3.4470463327712992,-0.01120755285751207,0.0,0.0
2015-06-19,-0.0025778430532672,3.4381603883280745,-0.013756504598501529,0.0,0.0
2015-06-22,0.0047648143489896,3.4545425842805075,-0.009057237440014854,0.0,0.0
2015-06-23,0.0004725189523001,3.456174921123108,-0.00858899820406056,0.0,0.0
2015-06-24,-0.0083596473615302,3.4272825175627544,-0.01687684456941596,0.0,0.0
2015-06-25,0.0056968566893195,3.4468072548991193,-0.011276132844976416,0.0,0.0
2015-06-26,-0.0008049412722322,3.4440327774822217,-0.01207199749249055,0.0,0.0
2015-06-29,-0.0237991933824501,3.3620675753954257,-0.03558388707210436,0.0,0.0
2015-06-30,0.0037187417076729,3.3745702363120635,-0.031997472649407555,0.0,0.0
2015-07-01,0.008037962053516902,3.4016949038184676,-0.024216705066855027,0.4372909679543994,0.0004372909679543994
2015-07-02,-0.0028701717928949,3.3919314550574935,-0.02701737075595012,0.0,0.0
2015-07-06,-0.002208079336239,3.3844418013016417,-0.02916579359410354,0.0,0.0
2015-07-07,0.0049256153576664,3.401112259815261,-0.024383837717282808,0.0,0.0
2015-07-08,-0.0162188240849617,3.345950218380111,-0.0402071846277916,0.0,0.0
2015-07-09,0.0039843827682082,3.3592817647735074,-0.036383002673172515,0.0,0.0
2015-07-10,0.0173742176333671,3.417646657246484,-0.019640911246404436,0.0,0.0
2015-07-13,0.0112652189049293,3.4561471949800655,-0.008596951506158135,0.0,0.0
2015-07-14,0.0039854174721476,3.469921384397253,-0.0046457964747503855,0.0,0.0
2015-07-15,-0.0027989643207973,3.4602091982463534,-0.007431757376973214,0.0,0.0
2015-07-16,0.0079935409874462,3.4878685222976737,0.0,0.0,0.0
2015-07-17,0.0002225939072734,3.4886449005801077,0.0,0.0,0.0
2015-07-20,0.0018315469778289,3.4950345176044837,0.0,0.0,0.0
2015-07-21,-0.0043214153994428,3.4799310216185235,-0.004321415399442752,0.0,0.0
2015-07-22,0.0045460356689637,3.495750912168335,0.0,0.0,0.0
2015-07-23,-0.0023964357320306,3.487373569772136,-0.002396435732030633,0.0,0.0
2015-07-24,-0.0107247954626458,3.449972201534493,-0.013095529911611004,0.0,0.0
2015-07-27,-0.0088086917608147,3.4195824598277964,-0.021788867185989713,0.0,0.0
2015-07-28,0.0112825337879361,3.458164014471437,-0.010752167028280524,0.0,0.0
2015-07-29,0.0062356748208757,3.4797280007429348,-0.004583539224612965,0.0,0.0
2015-07-30,0.0025773096434654,3.488696337275886,-0.0020180427809923795,0.0,0.0
2015-07-31,0.0041608467713474,3.5032122681670517,0.0,0.0,0.0
2015-08-03,-0.0023533352202509813,3.494968035352359,-0.0023533352202509406,0.3528049407080812,0.0003528049407080812
2015-08-04,0.0032081293096961,3.506180344743024,0.0,0.0,0.0
2015-08-05,0.0065406833041562,3.529113159985245,0.0,0.0,0.0
2015-08-06,-0.013788226074177,3.4804529498940155,-0.013788226074176957,0.0,0.0
2015-08-07,-0.0004586287093229,3.4788567142497464,-0.014240531107171717,0.0,0.0
2015-08-10,0.0094760580001155,3.511822562248068,-0.004899417205780243,0.0,0.0
2015-08-11,-0.0070048975224696,3.4872226050824238,-0.011869994812803486,0.0,0.0
2015-08-12,0.0003663297678742,3.4885000785298694,-0.011508013377373727,0.0,0.0
2015-08-13,0.0040429582704028,3.502603938773663,-0.007511581524830779,0.0,0.0
2015-08-14,0.0035948976892997,3.515195441579692,-0.003943687202597745,0.0,0.0
2015-08-17,0.0085548606390714,3.5452674487015052,0.0,0.0,0.0
2015-08-18,0.0003192667651266,3.546399334771361,0.0,0.0,0.0
2015-08-19,-0.0046211471341821,3.5300109016488173,-0.0046211471341820465,0.0,0.0
2015-08-20,-0.0246270534782061,3.4430771343952613,-0.029134395374783906,0.0,0.0
2015-08-21,-0.0374943306788993,3.3139812617652886,-0.0655363513993712,0.0,0.0
2015-08-24,-0.0390194905060835,3.1846714013844997,-0.10199864686422355,0.0,0.0
2015-08-25,-0.0069808461700729,3.162439700229204,-0.10826745617098166,0.0,0.0
2015-08-26,0.0383283554317345,3.2836508130910165,-0.0740888142810584,0.0,0.0
2015-08-27,0.0215544121652564,3.35442797612316,-0.05413134295565103,0.0,0.0
2015-08-28,-0.000775623942801,3.3518262014704776,-0.05486498133279949,0.0,0.0
2015-08-31,-0.0099006718096252,3.3186408702868158,-0.06422245296840745,0.0,0.0
2015-09-01,-0.029030173532066605,3.222300149931781,-0.09138823754614622,0.4486366294517061,0.0004486366294517062
2015-09-02,0.0214247838889243,3.2913372342693177,-0.07192142689663772,0.0,0.0
2015-09-03,0.0025253825685862,3.2996491199480804,-0.06957767344584409,0.0,0.0
2015-09-04,-0.0129722832214399,3.2568451370327387,-0.08164737538145572,0.0,0.0
2015-09-08,0.0281450517878177,3.3485092120794273,-0.05580029320208857,0.0,0.0
2015-09-09,-0.0129353159990817,3.305195187295344,-0.06801381477575974,0.0,0.0
2015-09-10,0.0046363890986954,3.3205193582307806,-0.06369276418645142,0.0,0.0
2015-09-11,0.0078284238161284,3.34651379105667,-0.05636295432239524,0.0,0.0
2015-09-14,-0.0050763766071027,3.329525626732403,-0.06115321134666851,0.0,0.0
2015-09-15,0.0111647684740067,3.3666990094831424,-0.050671204318789465,0.0,0.0
2015-09-16,0.0074682630267994,3.391842403218028,-0.04358136717372729,0.0,0.0
2015-09-17,0.0043792781596715,3.406696224575488,-0.03939294394348836,0.0,0.0
2015-09-18,-0.0149237159086649,3.355855657932802,-0.053728770747934806,0.0,0.0
2015-09-21,0.0029712820580452,3.3658268516386074,-0.05091713202241366,0.0,0.0
2015-09-22,-0.0127540706710951,3.322898858106139,-0.06302180199332552,0.0,0.0
2015-09-23,0.0032129431784781,3.333575143325064,-0.060011344283657175,0.0,0.0
2015-09-24,-0.005471415324966,3.3153357691989496,-0.06515441261983779,0.0,0.0
2015-09-25,-0.0019042880570685,3.3090224148884917,-0.06693462790708904,0.0,0.0
2015-09-28,-0.0333560850748318,3.198646381702946,-0.09805803583899975,0.0,0.0
2015-09-29,-0.0032770680477211,3.1881641998495085,-0.10101376103065063,0.0,0.0
2015-09-30,0.0227741821841397,3.260772032169833,-0.08054008464332818,0.0,0.0
2015-10-01,0.00893080030033813,3.289893336014069,-0.07232857175511198,0.29727952149266956,0.0002972795214926696
2015-10-02,0.012468599311681,3.3309136977989984,-0.060761808423431596,0.0,0.0
2015-10-05,0.0129220597629942,3.373955963667333,-0.04862491638019251,0.0,0.0
2015-10-06,-0.0157162897446629,3.320929894156604,-0.06357700285021439,0.0,0.0
2015-10-07,0.0074545851229473,3.3456860487399345,-0.056596357906875894,0.0,0.0
2015-10-08,0.0066725623765946,3.368010347592654,-0.050301438258702924,0.0,0.0
2015-10-09,0.0043749024723223,3.3827450643891446,-0.04614659967297996,0.0,0.0
2015-10-12,0.0060407936130015,3.403179529168519,-0.04038456814454472,0.0,0.0
2015-10-13,-0.0108126486477192,3.366382144634509,-0.05076055264612711,0.0,0.0
2015-10-14,-0.0104417642256173,3.3312311759869075,-0.060672287149051596,0.0,0.0
2015-10-15,0.0120990907449928,3.371536044277722,-0.049307275911981474,0.0,0.0
2015-10-16,0.0083133751226808,3.3995648881534417,-0.041403810670234575,0.0,0.0
2015-10-19,0.003848078079222,3.412646679278438,-0.03771505768724892,0.0,0.0
2015-10-20,-0.0020493795370662,3.405652871006688,-0.03968714475685153,0.0,0.0
2015-10-21,-0.0062533716363216,3.3843560579399776,-0.04569233792782401,0.0,0.0
2015-10-22,0.0072693332305641,3.408958069896021,-0.03875515752774095,0.0,0.0
2015-10-23,0.0089697500686988,3.439535571777662,-0.03013303153593916,0.0,0.0
2015-10-26,0.0017546046465535,3.445570596873889,-0.02843129844653336,0.0,0.0
2015-10-27,-3.6069592000531885e-05,3.4454463165482507,-0.028466342533198907,0.0,0.0
2015-10-28,0.012883841464573,3.4898369006653556,-0.015949256912899834,0.0,0.0
2015-10-29,-0.0005630515626829,3.4878719425449276,-0.016503328221554203,0.0,0.0
2015-10-30,-0.0022660545812611,3.4799682343506717,-0.018731985360292747,0.0,0.0
2015-11-02,0.0084940555863769,3.509527277972072,-0.010397040298809501,0.0,0.0
2015-11-03,-0.0034296665648824534,3.497490769608268,-0.01379104848220536,0.5111620755627535,0.0005111620755627535
2015-11-04,-0.002960397676533,3.4871368060602244,-0.0167106191708547,0.0,0.0
2015-11-05,0.0033587870049953,3.4988493558490603,-0.01340795957637586,0.0,0.0
2015-11-06,-0.0016486668276966,3.493080918980964,-0.015034521145891877,0.0,0.0
2015-11-09,-0.0097711681982236,3.458949437791596,-0.0246587845092191,0.0,0.0
2015-11-10,0.0067893255034753,3.4824333714248255,-0.01803687552029709,0.0,0.0
2015-11-11,-0.0020549818363095,3.4752770341003894,-0.02005479190502857,0.0,0.0
2015-11-12,-0.0157152479732049,3.420662193733918,-0.03545487385039492,0.0,0.0
2015-11-13,-0.0157700587413708,3.3667181500043477,-0.05066580714847713,0.0,0.0
2015-11-16,0.0144595147949034,3.4153992609046053,-0.03693889534163286,0.0,0.0
2015-11-17,0.0005804102694997,3.417381593710076,-0.03637992478633345,0.0,0.0
2015-11-18,0.015325813654842,3.4697557472027634,-0.021611663079543986,0.0,0.0
2015-11-19,-0.0004544292791229,3.4681789885998295,-0.022056271386192927,0.0,0.0
2015-11-20,0.0100342844359974,3.5029796830463895,-0.012243305850882291,0.0,0.0
2015-11-23,0.0019724450451715,3.5098891179655505,-0.01029501005367306,0.0,0.0
2015-11-24,-0.0012001668400093,3.5056766654340588,-0.011482821163998347,0.0,0.0
2015-11-25,0.0041990032153677,3.5203970130242555,-0.007332034351619887,0.0,0.0
2015-11-27,0.003176255724009,3.5315786941876577,-0.004179067043688867,0.0,0.0
2015-11-30,-0.0084990459246272,3.5015636446793215,-0.01264259488558983,0.0,0.0
2015-12-01,0.01263787894189785,3.5458159821281297,-0.00016449152736741635,0.44987194884535076,0.0004498719488453507
2015-12-02,-0.006420138088762,3.523051353885528,-0.0065835735578091414,0.0,0.0
2015-12-03,-0.0153718620826845,3.468895494363385,-0.021854233855751803,0.0,0.0
2015-12-04,0.0244369084012357,3.5536645758126024,0.0,0.0,0.0
2015-12-07,-0.0054053440886365,3.534455796004737,-0.005405344088636466,0.0,0.0
2015-12-08,9.16328544669588e-05,3.534779668278312,-0.005314206541277677,0.0,0.0
2015-12-09,-0.0145138533366475,3.4834763945955576,-0.01975093026358432,0.0,0.0
2015-12-10,0.0025182053153506,3.492248503368326,-0.01728246184580673,0.0,0.0
2015-12-11,-0.0168746692572881,3.4333179649097265,-0.033865495275495094,0.0,0.0
2015-12-14,0.0067270269704045,3.4564139874576485,-0.027366282405174913,0.0,0.0
2015-12-15,0.0081393508957028,3.484546953742382,-0.01944967528467867,0.0,0.0
2015-12-16,0.0149490430598587,3.536637596197976,-0.004791386258150898,0.0,0.0
2015-12-17,-0.0146015651766582,3.4849971518308713,-0.019322989696074266,0.0,0.0
2015-12-18,-0.0153195885702228,3.4316084292964244,-0.034346558014206496,0.0,0.0
2015-12-21,0.0102081885116428,3.4666389350408244,-0.024488985641498817,0.0,0.0
2015-12-22,0.0056906517341211,3.4863663699080862,-0.0189376921959854,0.0,0.0
2015-12-23,0.006502231487404,3.5090355310951287,-0.012558597967077034,0.0,0.0
2015-12-24,-0.001434054472535,3.5040033829974777,-0.013974642726028441,0.0,0.0
2015-12-28,0.0017121968082448,3.510002926405925,-0.01228637325645554,0.0,0.0
2015-12-29,0.0100894350307431,3.545416872889615,-0.0023209007904471113,0.0,0.0
2015-12-30,-0.0064798368520084,3.5224431499809326,-0.008785698583983703,0.0,0.0
2015-12-31,-0.0103981867814127,3.4858161281805233,-0.01909253003051492,0.0,0.0
2016-01-04,-0.01877862906756954,3.42035728011167,-0.0375126275586799,0.4819242249241385,0.0004819242249241385
2016-01-05,0.0015728853180721,3.4257371098601186,-0.03599874530173719,0.0,0.0
2016-01-06,-0.0090068964576897,3.3948818504203433,-0.0446814047878874,0.0,0.0
2016-01-07,-0.0202791351091032,3.326036582696227,-0.06405443965243252,0.0,0.0
2016-01-08,-0.0136913347977848,3.280498702292853,-0.07686878367165129,0.0,0.0
2016-01-11,0.0035498526784115,3.2921439893977125,-0.07359180385084296,0.0,0.0
2016-01-12,0.0126733364319809,3.3338664377578735,-0.06185112110770008,0.0,0.0
2016-01-13,-0.0335206859382197,3.2221129479378208,-0.0932985150403417,0.0,0.0
2016-01-14,0.0126511303639712,3.2628763188896217,-0.08182771635291075,0.0,0.0
2016-01-15,-0.02001512401614,3.1975694447177196,-0.1002050484782897,0.0,0.0
2016-01-19,0.0019578008778751,3.2038296489836546,-0.09844342913229298,0.0,0.0
2016-01-20,-0.0091707309028746,3.1744481894141745,-0.10671136183743901,0.0,0.0
2016-01-21,0.0020505711422051,3.1809576212638127,-0.10487960993436318,0.0,0.0
2016-01-22,0.0238436165712856,3.256803155114736,-0.08353670256849843,0.0,0.0
2016-01-25,-0.0145754043426664,3.209333932264467,-0.09689452569377588,0.0,0.0
2016-01-26,0.0112114915118891,3.2453153524048677,-0.08676936633425114,0.0,0.0
2016-01-27,-0.0137657973391398,3.200640998962063,-0.09934071416118806,0.0,0.0
2016-01-28,0.0054628117587378,3.2181254982466916,-0.09442058202389136,0.0,0.0
2016-01-29,0.0250433558484112,3.2987181602641287,-0.07174183441051862,0.0,0.0
2016-02-01,0.0044998060165981,3.313561752088747,-0.06756485273204271,0.0,0.0
2016-02-02,-0.021570527572940253,3.2420864769506763,-0.0876779707861648,0.4229352173121529,0.0004229352173121529
2016-02-03,-0.0032187831667002,3.231650903573681,-0.09061453757640814,0.0,0.0
2016-02-04,-0.0050807008971161,3.215231851928728,-0.09523485311116797,0.0,0.0
2016-02-05,-0.0295672984638479,3.1201661321322813,-0.12198631424891715,0.0,0.0
2016-02-08,-0.0233839401741547,3.0472043539650766,-0.14251773374860954,0.0,0.0
2016-02-09,0.0100711883403234,3.0778933229253127,-0.13388186834670435,0.0,0.0
2016-02-10,0.0072351600776307,3.100162373818548,-0.12761536501805426,0.0,0.0
2016-02-11,-0.0100836121000127,3.068901538993907,-0.1364121532792234,0.0,0.0
2016-02-12,0.0181143452663411,3.1244926810596483,-0.12076882485590723,0.0,0.0
2016-02-16,0.0191153305811436,3.184218391556467,-0.10396203028578066,0.0,0.0
2016-02-17,0.0172405983434476,3.2391162218831107,-0.08851379954945948,0.0,0.0
2016-02-18,-0.0076912912009782,3.2142032357867953,-0.09552430534279777,0.0,0.0
2016-02-19,0.0055358673228895,3.2319966384489134,-0.09051724790039717,0.0,0.0
2016-02-22,0.0152256917259899,3.281206022925372,-0.0766697438868238,0.0,0.0
2016-02-23,-0.0061863543646087,3.260907319724267,-0.08238179204670482,0.0,0.0
2016-02-24,0.0095064454029179,3.291906957123201,-0.07365850465207346,0.0,0.0
2016-02-25,0.0162242786732874,3.3453157729621013,-0.05862928208491902,0.0,0.0
2016-02-26,-0.0040728041927297,3.3316909568559763,-0.06246330069175654,0.0,0.0
2016-02-29,-0.0082403264182282,3.304236735846824,-0.07018890912312481,0.0,0.0
2016-03-01,0.019552146694053658,3.3688416572179816,-0.052009106276542205,0.4482657514992399,0.00044826575149923994
2016-03-02,0.0010861498768149,3.3725007241689777,-0.050979446084102875,0.0,0.0
2016-03-03,0.0027018161281368,3.3816126010176903,-0.04841536704559957,0.0,0.0
2016-03-04,0.0003547594339988,3.3828122599900303,-0.04807778341981084,0.0,0.0
2016-03-07,-0.0075691738546003,3.357207165876692,-0.05528304817316276,0.0,0.0
2016-03-08,-0.0034391959164456,3.345661072701147,-0.05853211485608256,0.0,0.0
2016-03-09,0.0068203741095978,3.3684797328608873,-0.05211095166722923,0.0,0.0
2016-03-10,0.0042783110699182,3.3828911369907813,-0.04805558745869287,0.0,0.0
2016-03-11,0.014974289483403,3.43354752816692,-0.03380089625319116,0.0,0.0
2016-03-14,0.0009651162639002,3.436861300729228,-0.03286840178399941,0.0,0.0
2016-03-15,0.0006489777733688,3.4390917473235523,-0.03224075487283473,0.0,0.0
2016-03-16,0.0057670908799463,3.4589253019748405,-0.02665959935627804,0.0,0.0
2016-03-17,0.00281747405112,3.468670734257917,-0.023917238034557697,0.0,0.0
2016-03-18,0.0005003798449046,3.47040638718195,-0.023428825893511362,0.0,0.0
2016-03-21,2.199553123834601e-05,3.4704827206140494,-0.02340734569174474,0.0,0.0
2016-03-22,-0.0013513856739545,3.465792759983705,-0.024727099014066112,0.0,0.0
2016-03-23,-0.0013448805159746,3.461131682828397,-0.026038724536360136,0.0,0.0
2016-03-24,-0.0010763239297057,3.4574063839743063,-0.02708702236374827,0.0,0.0
2016-03-28,0.0041284339014731,3.4716800577010756,-0.023070415443691594,0.0,0.0
2016-03-29,0.0100943243726877,3.506724322321701,-0.013208971327905328,0.0,0.0
2016-03-30,0.0038620044374593,3.520267307215454,-0.009397979996328631,0.0,0.0
2016-03-31,-0.0023242840810607,3.5120852059522147,-0.011700420502089748,0.0,0.0
2016-04-01,0.007730617035554607,3.5392357916756683,-0.0040602549365916785,0.5966591676008919,0.000596659167600892
2016-04-04,-0.0024355182649788,3.5306159182609753,-0.006485884376511986,0.0,0.0
2016-04-05,-0.0110347717894277,3.4916563773268448,-0.017449085911992235,0.0,0.0
2016-04-06,0.0069246717790155,3.515834951704939,-0.010645243325761222,0.0,0.0
2016-04-07,-0.0081199705560549,3.4872864754171466,-0.018678774819448796,0.0,0.0
2016-04-08,0.0021259250812101,3.4947001852006006,-0.01659255941411375,0.0,0.0
2016-04-11,-0.0049457174834109,3.4774163853953746,-0.021456214786335748,0.0,0.0
2016-04-12,0.0052771875338634,3.495767363794435,-0.016292255721666815,0.0,0.0
2016-04-13,0.0010748643055074,3.499524839354135,-0.015234903380290876,0.0,0.0
2016-04-14,-0.0036402354406443,3.486785745008503,-0.01881968018571545,0.0,0.0
2016-04-15,0.0048385799977347,3.5036568367706873,-0.014072160716091187,0.0,0.0
2016-04-18,0.005709625012966,3.5236614034827625,-0.008442882463936319,0.0,0.0
2016-04-19,-0.0042310701843787,3.5087525447786403,-0.012638230220051727,0.0,0.0
2016-04-20,-0.0066772712734104,3.485323652205884,-0.01923111260186705,0.0,0.0
2016-04-21,-0.0152619581823814,3.432130788373853,-0.0341995663479181,0.0,0.0
2016-04-22,1.0595623783296253e-05,3.432167153940462,-0.034189333089873375,0.0,0.0
2016-04-25,0.0038036803677016,3.445222020762575,-0.03051569801723064,0.0,0.0
2016-04-26,0.0002452585569846,3.4460669909438786,-0.03027792369630722,0.0,0.0
2016-04-27,0.0047843296328869,3.4625541113655647,-0.025638453630982827,0.0,0.0
2016-04-28,-0.0060737815433039,3.4415233141112616,-0.03155651280782401,0.0,0.0
2016-04-29,-0.0011859766487446,3.4374417478246153,-0.032705064169262776,0.0,0.0
2016-05-02,0.0121080698152134,3.479062532493005,-0.020992989554321828,0.0,0.0
2016-05-03,-0.003913936099384245,3.4654457040550652,-0.02482476043405546,0.4216828352413451,0.0004216828352413451
2016-05-04,0.0005758976662019,3.4674414461483796,-0.024263159289451663,0.0,0.0
2016-05-05,0.0003631589573306,3.4687006785685677,-0.02390881171575021,0.0,0.0
2016-05-06,0.0069276831610621,3.492730737850252,-0.017146761227012308,0.0,0.0
2016-05-09,0.0038091272413485,3.5060349936504926,-0.013402948180954444,0.0,0.0
2016-05-10,0.009950293590613,3.540921071176278,-0.0035860178597216796,0.0,0.0
2016-05-11,-0.0066021464090456,3.517543391841498,-0.010164488853831921,0.0,0.0
2016-05-12,0.0044261587442217,3.5331125972834765,-0.0057833197508311285,0.0,0.0
2016-05-13,-0.004427432917013,3.5174699782707504,-0.010185147407609674,0.0,0.0
2016-05-16,0.0059376137377348,3.5383553563358,-0.004308009141043234,0.0,0.0
2016-05-17,-0.0156321831070193,3.4830431375078565,-0.019872848660343,0.0,0.0
2016-05-18,-0.0068350880143775,3.459236231105117,-0.026572104005030628,0.0,0.0
2016-05-19,-0.0007137649676158,3.456767149468647,-0.027266902735691767,0.0,0.0
2016-05-20,0.0030538982185539,3.467323764508365,-0.024296274862827816,0.0,0.0
2016-05-23,-0.0024066609082768,3.4589790919479837,-0.0266444628761755,0.0,0.0
2016-05-24,0.0150144947517473,3.51091391537044,-0.01203002127244579,0.0,0.0
2016-05-25,0.0006101882840041,3.5130562339077462,-0.011427173566478377,0.0,0.0
2016-05-26,0.0039840218869485,3.5270523268337155,-0.007488677789124654,0.0,0.0
2016-05-27,0.0049832048562507,3.5446283511170438,-0.002542790548399565,0.0,0.0
2016-05-31,-0.0003988466997449,3.5432145877973786,-0.0029406230645260267,0.0,0.0
2016-06-01,0.0032435819541542744,3.5547072946940546,0.0,0.45398557649432564,0.00045398557649432565
2016-06-02,0.0014106478225491,3.559721734799114,0.0,0.0,0.0
2016-06-03,0.0039889469660425,3.5739212760130967,0.0,0.0,0.0
2016-06-06,-0.0014360939974769,3.568788789121159,-0.001436093997476906,0.0,0.0
2016-06-07,0.0010497891726178,3.5725352649513384,-0.00038781242078855804,0.0,0.0
2016-06-08,0.0059658735393036,3.5938485585567403,0.0,0.0,0.0
2016-06-09,0.0040566930521868,3.608427699034849,0.0,0.0,0.0
2016-06-10,-0.0068606998535747,3.5836713596484455,-0.0068606998535747366,0.0,0.0
2016-06-13,-0.005873368580441,3.5626231368820602,-0.01269377301505592,0.0,0.0
2016-06-14,0.0010683510122917,3.566429268916762,-0.011638983408014614,0.0,0.0
2016-06-15,-0.0013285037214526,3.5616912543607087,-0.012952024696695763,0.0,0.0
2016-06-16,0.00519081323418,3.5801793284599075,-0.007828443003720764,0.0,0.0
2016-06-17,-0.0050058194542627,3.5622575971277537,-0.012795074685698848,0.0,0.0
2016-06-20,0.0058038924436337,3.582932557078,-0.0070654434793492316,0.0,0.0
2016-06-21,0.0023439829010663,3.5913308897274647,-0.004738021856986907,0.0,0.0
2016-06-22,-0.0018216284948778,3.5847888190442023,-0.0065510194362407015,0.0,0.0
2016-06-23,0.0088215875848645,3.6164123475846437,0.0,0.0,0.0
2016-06-24,-0.0197214730506144,3.545091368931844,-0.019721473050614446,0.0,0.0
2016-06-27,-0.0069057034433443,3.520610019258441,-0.026490985849605297,0.0,0.0
2016-06-28,0.0120492947215728,3.5630308869802083,-0.014760888823999285,0.0,0.0
2016-06-29,0.0128542477343064,3.608830968686437,-0.00209638121141531,0.0,0.0
2016-06-30,0.0177229202958303,3.6727899923055904,0.0,0.0,0.0
2016-07-01,-0.0009573773314487321,3.6692737464237855,-0.0009573773314487388,0.36818571352453205,0.0003681857135245321
2016-07-05,0.0025139907636889,3.678498266731741,0.0,0.0,0.0
2016-07-06,0.0042750584344764,3.6942240617731392,0.0,0.0,0.0
2016-07-07,-0.0050091399674238,3.6757191763766928,-0.0050091399674238035,0.0,0.0
2016-07-08,0.0136323811391878,3.7258279811496817,0.0,0.0,0.0
2016-07-11,0.0012279266734319,3.7304030247083544,0.0,0.0,0.0
2016-07-12,-0.0013453211460501,3.725384434635925,-0.0013453211460501269,0.0,0.0
2016-07-13,0.0019327005652969,3.7325844872386944,0.0,0.0,0.0
2016-07-14,-0.0001161848357655,3.7321508175230638,-0.000116184835765476,0.0,0.0
2016-07-15,-0.0019964128598203,3.724699903636172,-0.0021123657426855846,0.0,0.0
2016-07-18,-5.477620224108571e-05,3.724495878720963,-0.002167026237553382,0.0,0.0
2016-07-19,0.0003976988491662,3.7259771064456553,-0.001770189212227935,0.0,0.0
2016-07-20,0.0023140191889935,3.7345990889677205,0.0,0.0,0.0
2016-07-21,-0.0057742413087513,3.7130346126365783,-0.00577424130875126,0.0,0.0
2016-07-22,0.0083190244374185,3.7439234383160827,0.0,0.0,0.0
2016-07-25,-0.0008106378806267,3.7408884721548175,-0.0008106378806267411,0.0,0.0
2016-07-26,0.0004757769610136,3.7426683007035897,-0.00033524660244055315,0.0,0.0
2016-07-27,-0.0056939988038158,3.721357551876304,-0.00602733651250309,0.0,0.0
2016-07-28,0.0052295215425697,3.740818471361446,-0.0008293350560697466,0.0,0.0
2016-07-29,0.0028136258120597,3.751343734770698,0.0,0.0,0.0
2016-08-01,0.000397279837469,3.7528340679999377,0.0,0.0,0.0
2016-08-02,-0.006225665706380848,3.7294701776410526,-0.006225665706380834,0.5549328872531476,0.0005549328872531475
2016-08-03,-0.0048194042720714,3.7114963531343665,-0.011015065978550398,0.0,0.0
2016-08-04,0.0014195718815818,3.716765088995869,-0.009611130774905718,0.0,0.0
2016-08-05,-0.0017217740721995,3.7103656592331795,-0.01131635665133246,0.0,0.0
2016-08-08,-0.0023524616775466,3.7016371662101486,-0.013642197033527315,0.0,0.0
2016-08-09,0.0022522411518648,3.7099741457651594,-0.011420681399223254,0.0,0.0
2016-08-10,0.0006676701835447,3.7124511848840083,-0.010760636464124618,0.0,0.0
2016-08-11,0.0001791318642129,3.713116203185556,-0.010583432172781682,0.0,0.0
2016-08-12,0.0017836024067061,3.7197389261819374,-0.008818706401170107,0.0,0.0
2016-08-15,-0.0045278031244013,3.7028966806500136,-0.013306580159174963,0.0,0.0
2016-08-16,-0.011716690633943,3.659510985793383,-0.02486736170999726,0.0,0.0
2016-08-17,0.0054946076420833,3.6796185628222107,-0.019509390463604226,0.0,0.0
2016-08-18,0.0050670109539304,3.698263230386316,-0.0145412338048575,0.0,0.0
2016-08-19,-0.0018415626285114,3.6914526470308386,-0.016356017840621462,0.0,0.0
2016-08-22,0.0026443841174073,3.7012142657808083,-0.013754885317015964,0.0,0.0
2016-08-23,-0.0025840568104487,3.6916501178503873,-0.016303398722384288,0.0,0.0
2016-08-24,-0.0055963716879873,3.6709902716488942,-0.021808530531343684,0.0,0.0
2016-08-25,0.0012456239490735,3.675562945048076,-0.02059007181019412,0.0,0.0
2016-08-26,-0.0081613306556729,3.6455654605078,-0.028583360081600007,0.0,0.0
2016-08-29,0.0076413540516372,3.6734225169099597,-0.021160421604331736,0.0,0.0
2016-08-30,-0.0077213130209204,3.645058871798801,-0.028718348386390424,0.0,0.0
2016-08-31,-5.7848636440764645e-05,3.644848010113321,-0.02877453570553612,0.0,0.0
2016-09-01,0.0002727688863005839,3.6458422112457747,-0.028509615617293704,0.46337582725711607,0.0004633758272571161
2016-09-02,0.0072504394723003,3.6722761695239696,-0.021465883387405182,0.0,0.0
2016-09-06,0.0056340017174294,3.692965779769943,-0.015952820493846498,0.0,0.0
2016-09-07,-0.0023310179298793,3.6843574103228685,-0.018246652113122486,0.0,0.0
2016-09-08,-0.0042423419329209,3.668727106385188,-0.022411585508648524,0.0,0.0
2016-09-09,-0.0341075267454365,3.5435958984824474,-0.055754708501941086,0.0,0.0
2016-09-12,0.0155810440918057,3.598808822420244,-0.041042380981630044,0.0,0.0
2016-09-13,-0.0157711402515808,3.542051503743228,-0.05616623608649074,0.0,0.0
2016-09-14,0.0006937368272085,3.5445087553152437,-0.05551146384570116,0.0,0.0
2016-09-15,0.0105197174428361,3.581795985894819,-0.045575711317359935,0.0,0.0
2016-09-16,-0.0016702640072456,3.5758134409782825,-0.04716985185438749,0.0,0.0
2016-09-19,0.00597242751582,3.59716972756462,-0.04147914285969978,0.0,0.0
2016-09-20,-0.0021060182043224,3.5895940226343317,-0.04349780523405988,0.0,0.0
2016-09-21,0.0172762080012178,3.6516085956092907,-0.02697307436366214,0.0,0.0
2016-09-22,0.0078701134452081,3.680347169514233,-0.019315242073661976,0.0,0.0
2016-09-23,-0.0040561090039563,3.6654192802222814,-0.023293006350329715,0.0,0.0
2016-09-26,-0.0032886830055815,3.6533648781270838,-0.026505086041777925,0.0,0.0
2016-09-27,0.0020527725310265,3.6608644051947197,-0.024506722423310645,0.0,0.0
2016-09-28,0.0029085086167251,3.6715120608618905,-0.021669491819921394,0.0,0.0
2016-09-29,-0.0105167277695342,3.632899768015245,-0.03195832744308125,0.0,0.0
2016-09-30,0.0018571712264554,3.6396466849329996,-0.030160508302798705,0.0,0.0
2016-10-03,-0.007507587388378034,3.6123217193830444,-0.03744166303941565,0.5879541651208344,0.0005879541651208343
2016-10-04,-0.0122950084321056,3.5679081933837518,-0.04927632590873954,0.0,0.0
2016-10-05,9.683012844097524e-05,3.5682536743923827,-0.04918426721326541,0.0,0.0
2016-10-06,0.0018830501934652,3.5749728751642804,-0.04739383346369164,0.0,0.0
2016-10-07,-0.0053214718425034,3.55594875767138,-0.05246310035590973,0.0,0.0
2016-10-10,0.005228636650563,3.5745415216732646,-0.04750877419466981,0.0,0.0
2016-10-11,-0.013909383214411,3.524821853832487,-0.06075733966276031,0.0,0.0
2016-10-12,0.0050291176067793,3.542548597478357,-0.05603377786261987,0.0,0.0
2016-10-13,0.0011402314739141,3.5465879228870723,-0.054957437865827075,0.0,0.0
2016-10-14,-0.0004465157007423,3.54500431569544,-0.05537941420768966,0.0,0.0
2016-10-17,-0.0016532584479058,3.5391435073626543,-0.056941116171216444,0.0,0.0
2016-10-18,0.0057850116528938,3.5596174937940104,-0.051485509538902074,0.0,0.0
2016-10-19,-0.0012462155056752,3.555181443278972,-0.05266756300427222,0.0,0.0
2016-10-20,-0.0015443691092165,3.549690930880312,-0.05413059395612718,0.0,0.0
2016-10-21,-0.0020186410778942,3.5425253789534086,-0.056039964793490715,0.0,0.0
2016-10-24,0.0068174315786721,3.566676303340133,-0.04960458184046934,0.0,0.0
2016-10-25,-0.0079417953183951,3.5383504901720357,-0.05715242772303286,0.0,0.0
2016-10-26,-0.0067391609414771,3.5145049767514123,-0.06350642925588823,0.0,0.0
2016-10-27,-0.0099817526732974,3.479424057304407,-0.07285427645918918,0.0,0.0
2016-10-28,0.0034700744508117,3.4914979178291983,-0.06963701177175086,0.0,0.0
2016-10-31,0.0070551446241605,3.5161309405944383,-0.06307316633683446,0.0,0.0
2016-11-01,-0.009750893189814619,3.4818455233512995,-0.07220903981855531,0.6580715450058188,0.0006580715450058188
2016-11-02,-0.008004532949285,3.4539749761353136,-0.07963557312937641,0.0,0.0
2016-11-03,-0.0007899086310982,3.451246651490067,-0.08036257693391724,0.0,0.0
2016-11-04,0.003260310659683,3.462498787737115,-0.07736427324045159,0.0,0.0
2016-11-07,0.021128010803669,3.535654499532116,-0.05787081563762475,0.0,0.0
2016-11-08,0.0053654751753663,3.554624965978028,-0.052815844886940355,0.0,0.0
2016-11-09,0.0012623157638425,3.55911202510713,-0.05162019939667928,0.0,0.0
2016-11-10,-0.0065806513624608,3.5356907497099583,-0.057861156223649735,0.0,0.0
2016-11-11,-0.0013854793453547,3.5307921232046735,-0.059166470132158255,0.0,0.0
2016-11-14,-0.0011301682564626,3.526801734026859,-0.060229770322230536,0.0,0.0
2016-11-15,0.0164710553743891,3.584891880682507,-0.044750762830005675,0.0,0.0
2016-11-16,0.0012225275036041,3.589274509604089,-0.043582944364768395,0.0,0.0
2016-11-17,0.0044165202955962,3.6051266133222213,-0.039358909027501054,0.0,0.0
2016-11-18,-0.0013853281399674,3.6001323299766406,-0.04068971216323425,0.0,0.0
2016-11-21,0.0076001445231349,3.6274938559868732,-0.033398815333144816,0.0,0.0
2016-11-22,0.0028256251575515,3.6377437938852135,-0.030667562708430962,0.0,0.0
2016-11-23,0.0014033495553878,3.642848820020977,-0.029307250463534884,0.0,0.0
2016-11-25,0.0050472030867845,3.6612350178300765,-0.02440796702175496,0.0,0.0
2016-11-28,-0.0058882356681678,3.6396768032085447,-0.030152482827917826,0.0,0.0
2016-11-29,0.0009111104460482,3.6429929507641874,-0.02926884462394841,0.0,0.0
2016-11-30,-0.0029666821760169,3.6321853485098,-0.03214869544030685,0.0,0.0
2016-12-01,-0.01587951612396095,3.5745080027029235,-0.04751770583665926,0.7827949934474483,0.0007827949934474483
2016-12-02,0.0057924679994364,3.595213225922309,-0.04200048262768841,0.0,0.0
2016-12-05,0.0058233519082143,3.616149417721921,-0.03642171431012997,0.0,0.0
2016-12-06,0.0027257817145652,3.626006251681883,-0.03379521023844445,0.0,0.0
2016-12-07,0.0137936614364846,3.67602215428416,-0.02046770849016366,0.0,0.0
2016-12-08,0.0024054509123207,3.684864645128894,-0.018111491645903754,0.0,0.0
2016-12-09,0.0014068918014605,3.6900488509876173,-0.01673008075355209,0.0,0.0
2016-12-12,7.50604696496779e-05,3.690325827787403,-0.0166562760516209,0.0,0.0
2016-12-13,0.0064860980045464,3.714261642775141,-0.010278212285936061,0.0,0.0
2016-12-14,-0.0110148386333573,3.6733496501379044,-0.021179838069524393,0.0,0.0
2016-12-15,0.0040698841406335,3.6882997576220022,-0.017196153415951265,0.0,0.0
2016-12-16,0.0007279551376744,3.6909846743798465,-0.016480716306504273,0.0,0.0
2016-12-19,0.0030726187115805,3.7023256629545034,-0.01345873655222718,0.0,0.0
2016-12-20,0.0010790847354496,3.7063207860630607,-0.012394174933949564,0.0,0.0
2016-12-21,-0.0014399891029849,3.7009837245189634,-0.013816316560089192,0.0,0.0
2016-12-22,-0.0009320904668239,3.697534072871469,-0.014735528969960776,0.0,0.0
2016-12-23,0.0029571016875511,3.708468057118135,-0.011822001739993593,0.0,0.0
2016-12-27,0.0025147734498404,3.7177940141277563,-0.00933695794625311,0.0,0.0
2016-12-28,-0.0107917591077562,3.6776724767150317,-0.020027954853054086,0.0,0.0
2016-12-29,0.0047290492632745,3.6950643710316062,-0.01539361877492218,0.0,0.0
2016-12-30,-0.0059880316853007,3.672938208498643,-0.021289472983247237,0.0,0.0
2017-01-03,0.0043777501524877,3.689017414300976,-0.017004922824358393,0.0,0.0
2017-01-04,0.008469828287739185,3.7202627583505845,-0.008679123312987813,0.8576141888346143,0.0008576141888346143
2017-01-05,-0.0033772769500643,3.7076984006886247,-0.012027088459940383,0.0,0.0
2017-01-06,0.0023103093540288,3.7162643309856533,-0.0097445654008822,0.0,0.0
2017-01-09,-0.006050832908579,3.693777836474747,-0.015736435572453744,0.0,0.0
2017-01-10,0.0055160233563897,3.714152801294057,-0.010307214762227956,0.0,0.0
2017-01-11,0.0053721169557749,3.7341056645342277,-0.0049904693696439795,0.0,0.0
2017-01-12,-0.0058019494305204,3.7124405723003804,-0.010763464349247132,0.0,0.0
2017-01-13,0.003892346326722,3.7268906767251475,-0.006913013153447722,0.0,0.0
2017-01-17,-0.0078448024334321,3.697653955675239,-0.014703584364471278,0.0,0.0
2017-01-18,0.0055432890277469,3.718151120276138,-0.009241801554600526,0.0,0.0
2017-01-19,-0.0006350069342583,3.7157900685321423,-0.009870939880786689,0.0,0.0
2017-01-20,0.0047127376375236,3.73330161224125,-0.005204721393156975,0.0,0.0
2017-01-23,-0.0036803910200157,3.719561602512547,-0.008865957003295621,0.0,0.0
2017-01-24,0.0147561968531255,3.7744481857265493,0.0,0.0,0.0
2017-01-25,0.0099262911526133,3.8119144573585237,0.0,0.0,0.0
2017-01-26,-0.0040352232179765,3.7965325316352505,-0.004035223217976447,0.0,0.0
2017-01-27,0.0002247505962278,3.7973858045853337,-0.003811379540572868,0.0,0.0
2017-01-30,-0.0093196302988478,3.761995572784506,-0.01309548919117387,0.0,0.0
2017-01-31,-0.0008926618805732,3.758637382741796,-0.013976461227738657,0.0,0.0
2017-02-01,0.0009054256629638481,3.762040549485906,-0.01308369021144773,0.549593282249252,0.000549593282249252
2017-02-02,-0.0008465740058874,3.7588557037476167,-0.013919187905301111,0.0,0.0
2017-02-03,0.0109936061912212,3.800179083084244,-0.0030786037844122704,0.0,0.0
2017-02-06,-0.0047400217858308,3.782166151440366,-0.0078040329212349935,0.0,0.0
2017-02-07,-0.0040854472041381,3.7667143113113783,-0.011857597160894073,0.0,0.0
2017-02-08,-0.0015629620090005,3.76082707994404,-0.01340202619601405,0.0,0.0
2017-02-09,0.0078519871543944,3.79035704586566,-0.005655271579153465,0.0,0.0
2017-02-10,0.004570942496314,3.8076825499628106,-0.0011101790040287662,0.0,0.0
2017-02-13,0.0053726863349081,3.828140033966664,0.0,0.0,0.0
2017-02-14,0.0031350489020053,3.8401414401768736,0.0,0.0,0.0
2017-02-15,0.0030161953765411,3.851724057033999,0.0,0.0,0.0
2017-02-16,-0.0030281557567484,3.840060436657285,-0.0030281557567484185,0.0,0.0
2017-02-17,-0.0008137728533372,3.8369354997187592,-0.0038394643791350713,0.0,0.0
2017-02-21,0.0060651413878476,3.8602070560206054,0.0,0.0,0.0
2017-02-22,-0.0043378977451484,3.843461872536488,-0.004337897745148367,0.0,0.0
2017-02-23,-0.0065326221548524,3.8183539883566255,-0.010842182053085292,0.0,0.0
2017-02-24,-5.438953816999042e-05,3.8181463098466293,-0.010895981889980644,0.0,0.0
2017-02-27,0.0049306861856632,3.836972391111431,-0.0060190203717016555,0.0,0.0
2017-02-28,-0.0018528228942318,3.8298631608206444,-0.007860691087187899,0.0,0.0
2017-03-01,0.0225336298676232,3.9161638797302225,0.0,0.5984493679163011,0.0005984493679163011
2017-03-02,-0.0135844844500974,3.862964812401994,-0.013584484450097412,0.0,0.0
2017-03-03,0.0046893995285695,3.8810797977721525,-0.00895878799650407,0.0,0.0
2017-03-06,-0.0041435752555684,3.864998251557217,-0.013065241839810393,0.0,0.0
2017-03-07,-0.0046129520417147,3.8471691999814723,-0.01761792454750466,0.0,0.0
2017-03-08,-0.0049028979064127,3.8283069221652677,-0.022434443568538076,0.0,0.0
2017-03-09,-0.0013778957576484,3.8230319142982405,-0.023781427001568045,0.0,0.0
2017-03-10,0.006044273232736,3.8461393637657286,-0.01788089521149394,0.0,0.0
2017-03-13,0.0033524251352092,3.8590332580423348,-0.014588414438831743,0.0,0.0
2017-03-14,-0.0079185800811509,3.828475194152702,-0.022391474991991678,0.0,0.0
2017-03-15,0.0121221943810733,3.874884714639338,-0.01054071442325033,0.0,0.0
2017-03-16,-0.0024006610556446,3.8655824298097907,-0.012916070796280432,0.0,0.0
2017-03-17,-0.0016202328437046,3.8593192861969654,-0.014515376597869278,0.0,0.0
2017-03-20,-0.0013300340410105,3.854186260171195,-0.015826104693886567,0.0,0.0
2017-03-21,-0.0257608095354571,3.754899302008749,-0.04117922096063631,0.0,0.0
2017-03-22,0.0056290538889331,3.776035832527274,-0.03578196712559478,0.0,0.0
2017-03-23,0.0003533496093673,3.7773700933136545,-0.03544126106033374,0.0,0.0
2017-03-24,-0.0003657334888344,3.7759885825708084,-0.03579403249311175,0.0,0.0
2017-03-27,-0.0023967421259929,3.7669385116676923,-0.03810498555356934,0.0,0.0
2017-03-28,0.0115732543339732,3.8105342491236613,-0.026972729908799842,0.0,0.0
2017-03-29,0.0042066158317247,3.826563702823354,-0.02287957798973439,0.0,0.0
2017-03-30,0.0073876980190317,3.854833199910401,-0.015660907383693745,0.0,0.0
2017-03-31,-0.0011482202486014,3.8504070023752828,-0.01679114546132565,0.0,0.0
2017-04-03,-0.0031938296787387935,3.838109458215873,-0.019931347081350026,0.48673668967589334,0.00048673668967589336
2017-04-04,0.0016870056672222,3.8445843706233025,-0.01827796570960938,0.0,0.0
2017-04-05,-0.0076885173492739,3.815025216989018,-0.02582595260241549,0.0,0.0
2017-04-06,0.0068941568707728,3.8413265993008943,-0.01910984390022097,0.0,0.0
2017-04-07,-0.0001659238690669,3.8406892315291885,-0.019272596990050683,0.0,0.0
2017-04-10,-0.0015900514317222,3.8345823381177957,-0.02083200400133578,0.0,0.0
2017-04-11,-0.000963443596178,3.830887934320119,-0.02177537713666311,0.0,0.0
2017-04-12,-0.0134529449610146,3.7793512097878956,-0.03493537914755285,0.0,0.0
2017-04-13,-0.0095529598473405,3.7432472194317943,-0.044154602720645086,0.0,0.0
2017-04-17,0.011972378433847,3.7880627917142773,-0.03271085990016587,0.0,0.0
2017-04-18,-0.004447860739157,3.77121401594555,-0.03701322728982881,0.0,0.0
2017-04-19,-4.963642454753253e-05,3.7710268263655946,-0.03706102651011278,0.0,0.0
2017-04-20,0.0131095383351549,3.820463247108732,-0.024437341122732437,0.0,0.0
2017-04-21,-0.0054468941386892,3.799653588240978,-0.029751127651295062,0.0,0.0
2017-04-24,0.0154158078923648,3.8582283180148353,-0.014793957427383875,0.0,0.0
2017-04-25,0.0103683760928104,3.8982318802679443,-0.004578970649081637,0.0,0.0
2017-04-26,-0.002298065714618,3.8892734872362698,-0.00686651358824264,0.0,0.0
2017-04-27,-0.0026747323200149,3.878870721738582,-0.009522879822437269,0.0,0.0
2017-04-28,-0.0063494560711948,3.8542420024850594,-0.015811870786528126,0.0,0.0
2017-05-01,0.004383292825307,3.871136273801549,-0.011497886020994441,0.0,0.0
2017-05-02,-0.0044453113330974545,3.853927867851654,-0.015892085671056155,0.3276793872363548,0.0003276793872363548
2017-05-03,0.0002557917846733,3.854913670938974,-0.015640358951338862,0.0,0.0
2017-05-04,-0.0033232884496741,3.8421026808618515,-0.018911669976761303,0.0,0.0
2017-05-05,0.006696694547143,3.867832068934342,-0.012341621106829126,0.0,0.0
2017-05-08,-0.0009070042067049,3.8643239289769906,-0.013237431411272538,0.0,0.0
2017-05-09,0.0005239985674408,3.8663488291799015,-0.012720369238927942,0.0,0.0
2017-05-10,0.0090944221942876,3.9015110377828535,-0.003741631452966243,0.0,0.0
2017-05-11,-0.002143437293007,3.893148393525391,-0.005877048793580419,0.0,0.0
2017-05-12,-0.0033626771407225,3.880056992417043,-0.009219963316669744,0.0,0.0
2017-05-15,0.0101241214169525,3.9193391605129686,0.0,0.0,0.0
2017-05-16,0.0047811543422477,3.938078125958997,0.0,0.0,0.0
2017-05-17,-0.0334524684297542,3.806339691776448,-0.033452468429754245,0.0,0.0
2017-05-18,0.0061796531586854,3.8298615508757634,-0.027479539923266683,0.0,0.0
2017-05-19,0.0115165393445737,3.8739683021106943,-0.016279469781390055,0.0,0.0
2017-05-22,0.0060716278842055,3.897489596076318,-0.010306684779849307,0.0,0.0
2017-05-23,0.0045899484365991,3.915378872354489,-0.005764043494942084,0.0,0.0
2017-05-24,0.0020080938912706,3.923241320750074,-0.0037675243442027995,0.0,0.0
2017-05-25,0.00588784245323,3.9463407475526524,0.0,0.0,0.0
2017-05-26,-9.237923534591218e-05,3.945976187611979,-9.237923534588521e-05,0.0,0.0
2017-05-30,-0.0031768256074851,3.933440509412647,-0.00326891137011065,0.0,0.0
2017-05-31,-0.0023226109955818,3.9243046572350178,-0.005583929956200717,0.0,0.0
2017-06-01,0.0067059837152952115,3.9506209803602927,0.0,0.40060949691688863,0.00040060949691688867
2017-06-02,0.0036183065920704,3.9649155382963017,0.0,0.0,0.0
2017-06-05,-0.0046174164026557,3.946607872254628,-0.004617416402655672,0.0,0.0
2017-06-06,-0.0034787291490969,3.9328786924093606,-0.008080082810719147,0.0,0.0
2017-06-07,0.004197281410318,3.949386091034046,-0.003916715781776436,0.0,0.0
2017-06-08,0.0081941842417723,3.981748088305872,0.0,0.0,0.0
2017-06-09,-0.0088167359209393,3.946642066907574,-0.008816735920939345,0.0,0.0
2017-06-12,-0.0036029061181366,3.9324226860586173,-0.012387876167284428,0.0,0.0
2017-06-13,0.0073222565510222,3.9612168938329986,-0.005156326823681279,0.0,0.0
2017-06-14,-0.0057595081799528,3.9384022327304,-0.010886137097114723,0.0,0.0
2017-06-15,-0.0037599650679068,3.9235939779119673,-0.014605170669811929,0.0,0.0
2017-06-16,0.0009663348066601,3.927385483340026,-0.013652949347927268,0.0,0.0
2017-06-19,0.0131869976514128,3.979175906485023,-0.0006459931075004643,0.0,0.0
2017-06-20,-0.0087808554433697,3.944235338066439,-0.009421176178775803,0.0,0.0
2017-06-21,0.0010270556727767,3.9482862873451663,-0.008403796578437706,0.0,0.0
2017-06-22,-0.001452887796777,3.9425498703801005,-0.009844474601719333,0.0,0.0
2017-06-23,0.0015269627261448,3.948569997078138,-0.008332544021349864,0.0,0.0
2017-06-26,-4.916315494999614e-05,3.9483758729195406,-0.008381297522147002,0.0,0.0
2017-06-27,-0.0109178402722672,3.9052681358041315,-0.019207632126792995,0.0,0.0
2017-06-28,0.0138444314136322,3.9593343526621148,-0.005629119458758547,0.0,0.0
2017-06-29,-0.0101377377696155,3.919195659252596,-0.015709790691427306,0.0,0.0
2017-06-30,-0.0004628926525503,3.917381492378021,-0.01616541139729344,0.0,0.0
2017-07-03,-0.002049073789316245,3.909354488639236,-0.01818136106582202,0.43837728068154524,0.0004383772806815452
2017-07-05,0.0109579666239441,3.952193064646911,-0.0074226251896152284,0.0,0.0
2017-07-06,-0.0072846860454173,3.9234025789800824,-0.014653239740893276,0.0,0.0
2017-07-07,0.011721349646856,3.9693901524136845,-0.0031036458404994915,0.0,0.0
2017-07-10,0.0048911606589301,3.988805077367115,0.0,0.0,0.0
2017-07-11,0.0013883277175024,3.9943428460157384,0.0,0.0,0.0
2017-07-12,0.0096233412446545,4.032781770271092,0.0,0.0,0.0
2017-07-13,0.0008726805011677,4.036301100287472,0.0,0.0,0.0
2017-07-14,0.0063251960435917,4.061831496037755,0.0,0.0,0.0
2017-07-17,0.0002944897368182,4.0630276637260225,0.0,0.0,0.0
2017-07-18,0.0012664468047403,4.06817327212832,0.0,0.0,0.0
2017-07-19,0.0046936470185725,4.087267841478082,0.0,0.0,0.0
2017-07-20,-0.0002634841075866,4.086190911358402,-0.0002634841075865868,0.0,0.0
2017-07-21,-0.0010949692813521,4.081716657832724,-0.0013581648819348535,0.0,0.0
2017-07-24,0.0020876572852305,4.090237883349695,0.0,0.0,0.0
2017-07-25,-0.0001894897757669,4.0894628250903455,-0.00018948977576693782,0.0,0.0
2017-07-26,-0.0002096307617896,4.088605547883011,-0.00039908081467054934,0.0,0.0
2017-07-27,-0.0072096842038123,4.059127993048819,-0.00760588777183735,0.0,0.0
2017-07-28,-0.0013880016579862,4.053493916664489,-0.008983332444985948,0.0,0.0
2017-07-31,-0.0034057937597668,4.03968855237786,-0.012358530827169867,0.0,0.0
2017-08-01,0.0016444985205366623,4.046331814225674,-0.010734355892294545,0.5547861916052376,0.0005547861916052376
2017-08-02,-0.0009458684297794,4.0425045167061855,-0.011670071033721419,0.0,0.0
2017-08-03,-0.0017311598557215,4.035506295170291,-0.013381028130955985,0.0,0.0
2017-08-04,0.0058275213388239,4.0590232942183535,-0.007631485019100714,0.0,0.0
2017-08-07,0.0044858635390408,4.077231518818005,-0.0031798552804558344,0.0,0.0
2017-08-08,-0.0023943145011349,4.067469344268014,-0.005566556207981299,0.0,0.0
2017-08-09,-0.004691364989266,4.048387360991402,-0.010231806450342495,0.0,0.0
2017-08-10,-0.0241588108032426,3.9505831366789725,-0.03414342897737577,0.0,0.0
2017-08-11,0.0025983595158274,3.9608481719652295,-0.03163378636513481,0.0,0.0
2017-08-14,0.0148614223971778,4.0197120096998935,-0.017242487029151543,0.0,0.0
2017-08-15,0.0015673477272819,4.026012296182625,-0.01570216427472737,0.0,0.0
2017-08-16,0.0001379563193779,4.026567710020776,-0.015566374168139108,0.0,0.0
2017-08-17,-0.02367632434503,3.9312333869211,-0.038874143989488075,0.0,0.0
2017-08-18,-0.0001569943446769,3.930616205511748,-0.03902503531340451,0.0,0.0
2017-08-21,-0.0028475893580701,3.9194234246342754,-0.041761497396217706,0.0,0.0
2017-08-22,0.0146184078100582,3.976719154635874,-0.027753576185856166,0.0,0.0
2017-08-23,-0.0049359940195252,3.95709009267126,-0.0325525787193075,0.0,0.0
2017-08-24,-0.0005894148543757,3.954757724990537,-0.03312280660023781,0.0,0.0
2017-08-25,0.0021987866943145,3.9634533936554837,-0.030996849892354184,0.0,0.0
2017-08-28,-0.0002434606496237,3.962488448717511,-0.031232764028766846,0.0,0.0
2017-08-29,-0.002604275999432,3.9521690351524894,-0.03375570129044281,0.0,0.0
2017-08-30,0.0095610993730777,3.989956116036783,-0.024517343531810898,0.0,0.0
2017-08-31,0.0054286104641385,4.011616033559754,-0.01922182817532203,0.0,0.0
2017-09-01,0.005179390092327761,4.0323937578981965,-0.014141995429401977,0.4283251512523394,0.00042832515125233945
2017-09-05,-0.0156574080487384,3.969256923417599,-0.029577976485078872,0.0,0.0
2017-09-06,0.0018140680658768,3.976457425647631,-0.027817564881796986,0.0,0.0
2017-09-07,-0.0049312991154294,3.956848324661992,-0.03261168726413144,0.0,0.0
2017-09-08,0.0014194268747707,3.9624647815134084,-0.031238550294695022,0.0,0.0
2017-09-11,0.0163886380506938,4.027404182606253,-0.015361869538009332,0.0,0.0
2017-09-12,0.0072987214931068,4.05679908407527,-0.008175270052273809,0.0,0.0
2017-09-13,0.0016143545307325,4.063348196056919,-0.0065741133057901635,0.0,0.0
2017-09-14,-0.0015420372133366,4.057082361927855,-0.0081060129917645,0.0,0.0
2017-09-15,0.0036600294352074,4.071931402793572,-0.004475651802709035,0.0,0.0
2017-09-18,0.0081558486819303,4.105141459157956,0.0,0.0,0.0
2017-09-19,0.0046159119059867,4.124090430495043,0.0,0.0,0.0
2017-09-20,0.0015033731362017,4.130290477259516,0.0,0.0,0.0
2017-09-21,-0.0009862100969528,4.126217143087494,-0.0009862100969528775,0.0,0.0
2017-09-22,0.0011597829646569,4.131002659438522,0.0,0.0,0.0
2017-09-25,-0.0079627923322684,4.098108343137365,-0.007962792332268376,0.0,0.0
2017-09-26,0.000960783028172,4.1020457360810605,-0.007009659819826264,0.0,0.0
2017-09-27,0.012859454281185,4.154795805683525,0.0,0.0,0.0
2017-09-28,0.0026908130291478,4.165975584370908,0.0,0.0,0.0
2017-09-29,0.0068606885255838,4.1945570452604635,0.0,0.0,0.0
2017-10-02,0.0028502379228155,4.2065125308202775,0.0,0.0,0.0
2017-10-03,0.0025527291303282544,4.217250617894793,0.0,0.5879373983165459,0.0005879373983165459
2017-10-04,0.0026377791930105,4.2283747938263865,0.0,0.0,0.0
2017-10-05,0.0053620258629815,4.251047448829262,0.0,0.0,0.0
2017-10-06,0.002042016510034,4.259728157904711,0.0,0.0,0.0
2017-10-09,-0.0007949382961837,4.25634193686066,-0.0007949382961837115,0.0,0.0
2017-10-10,0.0012163838031165,4.261519282253183,0.0,0.0,0.0
2017-10-11,0.0023368446724742,4.271477790884563,0.0,0.0,0.0
2017-10-12,-0.0002433936278307,4.270438140408841,-0.000243393627830768,0.0,0.0
2017-10-13,0.0027748797595688,4.282288092769153,0.0,0.0,0.0
2017-10-16,0.0040848415166092,4.299780560956577,0.0,0.0,0.0
2017-10-17,-0.0021212136818734,4.290659807601624,-0.0021212136818732352,0.0,0.0
2017-10-18,0.0022120804336111,4.300151092209301,0.0,0.0,0.0
2017-10-19,0.0004063325339489,4.301898383498962,0.0,0.0,0.0
2017-10-20,0.0083717694771747,4.337912885079846,0.0,0.0,0.0
2017-10-23,-0.0028904289957109,4.325374455895943,-0.002890428995710903,0.0,0.0
2017-10-24,0.0055770801331067,4.349497415842168,0.0,0.0,0.0
2017-10-25,-0.0092502826660731,4.309263335290273,-0.009250282666073195,0.0,0.0
2017-10-26,0.0057361256934317,4.333981811427595,-0.0035672177567138696,0.0,0.0
2017-10-27,0.0048697648499189,4.355087283713074,0.0,0.0,0.0
2017-10-30,-0.0053650333434676,4.331722095222241,-0.005365033343467718,0.0,0.0
2017-10-31,0.0053075577202288,4.354712960270623,-8.595084738038938e-05,0.0,0.0
2017-11-01,-0.0017481314521836636,4.347100349579542,-0.0018339320461843167,0.6060259407295635,0.0006060259407295635
2017-11-02,0.0064956177254775,4.375337451664701,0.0,0.0,0.0
2017-11-03,0.0024840975843969,4.386206216859303,0.0,0.0,0.0
2017-11-06,0.0029945897514583,4.399341105044092,0.0,0.0,0.0
2017-11-07,-0.0056948923185892,4.374287331178123,-0.0056948923185892175,0.0,0.0
2017-11-08,-0.001548657643506,4.367513057667803,-0.007234730523577038,0.0,0.0
2017-11-09,-0.0099466238897654,4.324071047949542,-0.01710939326988048,0.0,0.0
2017-11-10,0.0018260537681238,4.331967034180286,-0.015314582173807434,0.0,0.0
2017-11-13,0.003633694216883,4.347708077740115,-0.011736536465603353,0.0,0.0
2017-11-14,0.0009260532369095,4.351734286878644,-0.010821351886277752,0.0,0.0
2017-11-15,-0.0045098199680961,4.3321087486958305,-0.015282369505555282,0.0,0.0
2017-11-16,0.0098103642164433,4.374608313345777,-0.005621930900051697,0.0,0.0
2017-11-17,-0.0017939964776359,4.366760281440598,-0.0074058416534553695,0.0,0.0
2017-11-20,0.004737236307416,4.387446656791621,-0.0027036885680070677,0.0,0.0
2017-11-21,0.0067377322627716,4.417008097682275,0.0,0.0,0.0
2017-11-22,-0.0021706784058064,4.407420193586364,-0.0021706784058064255,0.0,0.0
2017-11-24,0.0019708695078184,4.416106643654047,-0.0002040870218692481,0.0,0.0
2017-11-27,-0.0017516506634064,4.4083711675220165,-0.001955380196108414,0.0,0.0
2017-11-28,0.0127372461036815,4.4645216759991175,0.0,0.0,0.0
2017-11-29,-0.0035704703420042,4.448581233763727,-0.003570470342004306,0.0,0.0
2017-11-30,0.0100625235394867,4.493345187145794,0.0,0.0,0.0
2017-12-01,-0.006073768866971326,4.466053647039552,-0.0060737688669713075,0.4712591829976256,0.00047125918299762565
2017-12-04,-0.0090406245495578,4.425677732798484,-0.015059482752601938,0.0,0.0
2017-12-05,-0.0030402381118504,4.412222618684463,-0.01805393645104325,0.0,0.0
2017-12-06,-0.0007365252404618,4.408972905359265,-0.018777164511619038,0.0,0.0
2017-12-07,0.0098975509946358,4.452610939524026,-0.009065461460271762,0.0,0.0
2017-12-08,0.0063941729549783,4.4810817039725706,-0.002729254633787259,0.0,0.0
2017-12-11,-0.0014630853141967,4.474525499139773,-0.004188346815610422,0.0,0.0
2017-12-12,-0.0015994919805645,4.467368531487067,-0.00578113956903159,0.0,0.0
2017-12-13,-0.0005214152804161,4.4650391772715,-0.006299540474938303,0.0,0.0
2017-12-14,-0.006995129527208,4.433805649882427,-0.013250603900562208,0.0,0.0
2017-12-15,0.0096498141260779,4.476591050274947,-0.0037286556391830095,0.0,0.0
2017-12-18,0.0103623086993712,4.522978868658738,0.0,0.0,0.0
2017-12-19,-0.0014283313725041,4.51651855604346,-0.001428331372504088,0.0,0.0
2017-12-20,0.0021134042995103,4.526063785778621,0.0,0.0,0.0
2017-12-21,-0.0026323708120393,4.514149507575509,-0.002632370812039153,0.0,0.0
2017-12-22,-0.0006679185765935,4.511134423261879,-0.003298531179266928,0.0,0.0
2017-12-26,-0.0021604946581595,4.5013881414381824,-0.005451899378433822,0.0,0.0
2017-12-27,0.002194617130882,4.511266964966132,-0.003269247079323523,0.0,0.0
2017-12-28,0.0031410994736491,4.525437303255278,-0.0001384166359543748,0.0,0.0
2017-12-29,-0.0073921643352831,4.491984527020595,-0.007529557772717799,0.0,0.0
2018-01-02,0.0116569762209915,4.544347483837136,0.0,0.0,0.0
2018-01-03,0.010997357750314407,4.594323298858634,0.0,0.7193687025500924,0.0007193687025500925
2018-01-04,0.0035107999566266,4.6104530488969955,0.0,0.0,0.0
2018-01-05,0.0098784140966122,4.655997013286988,0.0,0.0,0.0
2018-01-08,0.00637670223085,4.685686919828446,0.0,0.0,0.0
2018-01-09,0.0038258731473234,4.703613763591782,0.0,0.0,0.0
2018-01-10,-0.0052564890144975,4.678889269515023,-0.005256489014497379,0.0,0.0
2018-01-11,0.0076884684358037,4.714862761978309,0.0,0.0,0.0
2018-01-12,0.0080899361748368,4.753005700795828,0.0,0.0,0.0
2018-01-16,-0.0054934758994668,4.726895178528478,-0.005493475899466804,0.0,0.0
2018-01-17,0.013713453838856,4.791717237360339,0.0,0.0,0.0
2018-01-18,-0.0025937213974679,4.779288857831181,-0.0025937213974679407,0.0,0.0
2018-01-19,0.0063706553147727,4.809736059794157,0.0,0.0,0.0
2018-01-22,0.0056438720111201,4.836881594522905,0.0,0.0,0.0
2018-01-23,0.0024632367511747,4.8487959790276145,0.0,0.0,0.0
2018-01-24,-0.001125766972076,4.843337364660091,-0.0011257669720758923,0.0,0.0
2018-01-25,0.0009650464011088,4.8480114099532114,-0.0001618069883320139,0.0,0.0
2018-01-26,0.0115956491658268,4.904227249414955,0.0,0.0,0.0
2018-01-29,-0.0123759242791981,4.843532904328216,-0.012375924279198092,0.0,0.0
2018-01-30,-0.0102785591797357,4.793748364732081,-0.022527276788826156,0.0,0.0
2018-01-31,0.0021742432588306,4.80417113979863,-0.02040201330969349,0.0,0.0
2018-02-01,-0.005135202009327188,4.779500750508384,-0.02543244685927848,0.3864952200763876,0.0003864952200763876
2018-02-02,-0.0219918352419745,4.674390757464311,-0.046864975920123286,0.0,0.0
2018-02-05,-0.0376027766982469,4.498620685611031,-0.08270549939387706,0.0,0.0
2018-02-06,0.0205569671115414,4.5910986830924365,-0.06384870651331931,0.0,0.0
2018-02-07,-0.0041192615073597,4.572186747010684,-0.06770495850164404,0.0,0.0
2018-02-08,-0.0427570895552726,4.3766933488053175,-0.10756718108292584,0.0,0.0
2018-02-09,0.0153505544107297,4.443878018195233,-0.09386784253821834,0.0,0.0
2018-02-12,0.0174494280835156,4.521421148085646,-0.0780563546224281,0.0,0.0
2018-02-13,0.0035555347157711,4.5374972179422866,-0.07477835198530358,0.0,0.0
2018-02-14,0.0190201131125504,4.623800928275432,-0.057180531585883654,0.0,0.0
2018-02-15,0.0114944145834091,4.676948813096181,-0.04634337373862252,0.0,0.0
2018-02-16,-0.0013194289913517,4.670777911241114,-0.04760165593910648,0.0,0.0
2018-02-20,-0.0032577366348858,4.6555617469262485,-0.050704318915558155,0.0,0.0
2018-02-21,-0.0040580336252031,4.636669320813013,-0.05455659270965885,0.0,0.0
2018-02-22,0.001628956111192,4.644222251638728,-0.05301650689356707,0.0,0.0
2018-02-23,0.0163386115557428,4.720102394986791,-0.03754411145000047,0.0,0.0
2018-02-26,0.0081485261950312,4.75856427299557,-0.02970151443058877,0.0,0.0
2018-02-27,-0.0123353451316839,4.699865740356869,-0.04167048113083771,0.0,0.0
2018-02-28,-0.0104680850819074,4.650667145913271,-0.0517023560708636,0.0,0.0
2018-03-01,-0.0159498103044689,4.576489887146729,-0.06682752360370803,0.5896051390936998,0.0005896051390936999
2018-03-02,0.0060379409527425,4.604122462856144,-0.061193083292502726,0.0,0.0
2018-03-05,0.010447742638299,4.652225149423276,-0.051384670239687846,0.0,0.0
2018-03-06,0.0069276768018768,4.684454261668044,-0.04481296982580252,0.0,0.0
2018-03-07,0.0006966342150055,4.687717612785351,-0.044147553858853605,0.0,0.0
2018-03-08,0.0058513041435742,4.715146874276947,-0.03855457048010258,0.0,0.0
2018-03-09,0.0201372693539886,4.810097056927878,-0.01919368489669926,0.0,0.0
2018-03-12,-0.0029428407126536,4.795941707476936,-0.02208004165201294,0.0,0.0
2018-03-13,-0.003720072766918,4.778100455339224,-0.02571797505728901,0.0,0.0
2018-03-14,-0.0042631231297539,4.75773082477178,-0.02987145929272572,0.0,0.0
2018-03-15,-0.0006349349125694,4.754709975366525,-0.030487427772900588,0.0,0.0
2018-03-16,0.0036756867559023,4.772186799851136,-0.0269238032514848,0.0,0.0
2018-03-19,-0.0107758024879936,4.72076265746013,-0.03740948015341494,0.0,0.0
2018-03-20,0.0083174058997545,4.76002715663863,-0.02940322408459506,0.0,0.0
2018-03-21,-0.0021954887022534,4.749576570793811,-0.031534158340560836,0.0,0.0
2018-03-22,-0.027590109215002,4.6185352344805946,-0.058254236682943605,0.0,0.0
2018-03-23,-0.0199195795440515,4.526535954500353,-0.07701341632561132,0.0,0.0
2018-03-26,0.0304211565047116,4.664238413196413,-0.04893509701190357,0.0,0.0
2018-03-27,-0.0221905813660753,4.560736251177604,-0.07003978012607937,0.0,0.0
2018-03-28,-0.0065235439239058,4.530984087917698,-0.07610641646791194,0.0,0.0
2018-03-29,0.0177919741582453,4.61159923972135,-0.05966852570474046,0.0,0.0
2018-04-02,-0.0232064740007907,4.50458028186269,-0.08149030361509868,0.0,0.0
2018-04-03,0.010455204692938825,4.551676590765341,-0.07188709672694538,0.5339846365661746,0.0005339846365661746
2018-04-04,0.0107395095559013,4.600559365007237,-0.061919619333289155,0.0,0.0
2018-04-05,0.0079463939796792,4.637117222248487,-0.05446526304390409,0.0,0.0
2018-04-06,-0.0255918403147343,4.518444858775999,-0.07866323704411893,0.0,0.0
2018-04-09,0.0056270263864228,4.543870267221928,-0.07347885076818483,0.0,0.0
2018-04-10,0.020068719401593,4.6350599246120465,-0.054884757804609996,0.0,0.0
2018-04-11,-0.0051588912602836,4.611148154476075,-0.05976050456753268,0.0,0.0
2018-04-12,0.0127552034369198,4.669964287264194,-0.04776755852386472,0.0,0.0
2018-04-13,-0.006158298735011,4.641205252101389,-0.05363169036364357,0.0,0.0
2018-04-16,0.0081360551699877,4.678966354087722,-0.045931985585314306,0.0,0.0
2018-04-17,0.0160330680164809,4.753984539889636,-0.03063534821785474,0.0,0.0
2018-04-18,0.0033601642259525,4.769958708671304,-0.027378123793033615,0.0,0.0
2018-04-19,-0.0103215944394336,4.720725129387554,-0.03741713234216293,0.0,0.0
2018-04-20,-0.0086170725260367,4.680046298572138,-0.04571177872509091,0.0,0.0
2018-04-23,-0.0014561457911213,4.673231468852219,-0.04710136150201705,0.0,0.0
2018-04-24,-0.0196006706546159,4.58163299793846,-0.06577881388244777,0.0,0.0
2018-04-25,-0.001243216246372,4.575937037360508,-0.06694025283873417,0.0,0.0
2018-04-26,0.0145500498430755,4.642517149332879,-0.05336418701097023,0.0,0.0
2018-04-27,-0.0032974256919692,4.627208794009261,-0.05648564826165836,0.0,0.0
2018-04-30,-0.0073059711061968,4.59340254025789,-0.06337893685374074,0.0,0.0
2018-05-01,0.0023585806973449594,4.6042364508244775,-0.06116984049347729,0.3540991005348407,0.0003540991005348407
2018-05-02,-0.0073117081712422,4.570571617544653,-0.06803429264214977,0.0,0.0
2018-05-03,0.004212524601994,4.589825262928735,-0.06410836417169008,0.0,0.0
2018-05-04,0.0099637183946847,4.635556989329367,-0.05478340346435595,0.0,0.0
2018-05-07,0.0046183258198848,4.656965501862735,-0.050418085251191624,0.0,0.0
2018-05-08,0.0019938428235605,4.666250759108192,-0.048524768165086996,0.0,0.0
2018-05-09,0.0125460676146361,4.724793856638811,-0.03658749557283458,0.0,0.0
2018-05-10,0.0105186346340296,4.774492236937902,-0.026453711436909888,0.0,0.0
2018-05-11,0.0025086945533938,4.786469979607929,-0.02401138116531476,0.0,0.0
2018-05-14,0.0006907634802807,4.789776298269302,-0.023337203870254175,0.0,0.0
2018-05-15,-0.0055788007093881,4.763055090858708,-0.02878581097013566,0.0,0.0
2018-05-16,0.0068901733902645,4.795873366302106,-0.022093976808634785,0.0,0.0
2018-05-17,-0.0009918913686943,4.791116380904721,-0.023063953352432387,0.0,0.0
2018-05-18,0.0019344499326617,4.800384555665136,-0.02117411948278014,0.0,0.0
2018-05-21,0.0076826036975871,4.837264007802329,-0.013654188153824798,0.0,0.0
2018-05-22,-0.0067267197256645,4.8047250885827975,-0.020289059982697033,0.0,0.0
2018-05-23,0.0078875860796173,4.842622771307891,-0.012561505610167889,0.0,0.0
2018-05-24,0.001913824455836,4.851890701198009,-0.010671721670970524,0.0,0.0
2018-05-25,-0.0045269235031504,4.829926563148039,-0.01515033510646957,0.0,0.0
2018-05-29,-0.0086322719354404,4.788233323626738,-0.023651825229357937,0.0,0.0
2018-05-30,0.0110316030666587,4.841055213043536,-0.012881139710431588,0.0,0.0
2018-05-31,-0.0108501142812843,4.7885292107400055,-0.023591492153784643,0.0,0.0
2018-06-01,0.01440344565576146,4.857500530997925,-0.00952784527319861,0.4735222817831414,0.00047352228178314135
2018-06-04,0.0019548850735135,4.866996386280557,-0.007591586042192344,0.0,0.0
2018-06-05,0.0048700852311115,4.8906990735012545,-0.0027584724821457796,0.0,0.0
2018-06-06,0.0095447631148465,4.937379637623823,0.0,0.0,0.0
2018-06-07,-0.0063681248047918,4.905937787882797,-0.006368124804791764,0.0,0.0
2018-06-08,0.0064998608704648,4.937825700943191,0.0,0.0,0.0
2018-06-11,0.0002925587265054,4.939270304941965,0.0,0.0,0.0
2018-06-12,0.0032598480066013,4.955371575399594,0.0,0.0,0.0
2018-06-13,-0.0038556372290568,4.936265460269674,-0.0038556372290567964,0.0,0.0
2018-06-14,0.0017723898536261,4.945014447086261,-0.0020900810677346726,0.0,0.0
2018-06-15,-0.0014200164185463,4.93799244538145,-0.003507129536848619,0.0,0.0
2018-06-18,0.0020236217720041,4.947985074403915,-0.0014906048685326967,0.0,0.0
2018-06-19,-0.0085621131724794,4.90561986622113,-0.010039955313432158,0.0,0.0
2018-06-20,0.0011071356156826,4.911051052692024,-0.00894393528985693,0.0,0.0
2018-06-21,-0.0091076765390589,4.866322788237301,-0.017970153359309404,0.0,0.0
2018-06-22,-0.0052172264794545,4.840934080128936,-0.02309362547881788,0.0,0.0
2018-06-25,-0.0204913895076778,4.741736614312022,-0.0431117945116648,0.0,0.0
2018-06-26,0.0032421594015293,4.757110080255689,-0.04000941042002837,0.0,0.0
2018-06-27,-0.0135233562837987,4.692777985759141,-0.05299170519201224,0.0,0.0
2018-06-28,0.0065929176932906,4.7237170847721375,-0.04674815744947969,0.0,0.0
2018-06-29,0.0015415392825244,4.730998880217846,-0.04527868228804932,0.0,0.0
2018-07-02,0.0025858676327905,4.7432326170929695,-0.04280989933424273,0.0,0.0
2018-07-03,-0.0069889242801338914,4.710082523489046,-0.04949962846948941,0.48721026993069116,0.0004872102699306912
2018-07-05,0.0061697728939938,4.739142662970942,-0.043635257041489406,0.0,0.0
2018-07-06,0.0072802704806721,4.773644903403863,-0.03667266303457317,0.0,0.0
2018-07-09,0.0121171234710523,4.831487748105366,-0.024999906749523237,0.0,0.0
2018-07-10,0.0030408594401258,4.846179623234045,-0.022035068511838896,0.0,0.0
2018-07-11,-0.0092780139880344,4.801216700901152,-0.031108640825993183,0.0,0.0
2018-07-12,0.0111013567893963,4.854516720521064,-0.020352632157639383,0.0,0.0
2018-07-13,0.0015314431973093,4.861951137128931,-0.018852357860395186,0.0,0.0
2018-07-16,-0.0012322258462211,4.855960115274697,-0.02006135334399839,0.0,0.0
2018-07-17,0.0068860926576666,4.889398706570412,-0.013313405024296787,0.0,0.0
2018-07-18,0.0056098120933557,4.916827314563768,-0.007778278631450086,0.0,0.0
2018-07-19,-0.0039031237103387,4.897636329292653,-0.011651042758036856,0.0,0.0
2018-07-20,-0.000689292506689,4.894260425270383,-0.012332304288257712,0.0,0.0
2018-07-23,0.0016391801853777,4.902282999981565,-0.010713338971709452,0.0,0.0
2018-07-24,-0.0034188141810947,4.885523005341488,-0.014095526237600797,0.0,0.0
2018-07-25,0.0136530996402446,4.952225537728123,-0.0006348742215598335,0.0,0.0
2018-07-26,0.0016286079508235,4.9602907716131375,0.0,0.0,0.0
2018-07-27,-0.0130557037525809,4.895530684772296,-0.013055703752580805,0.0,0.0
2018-07-30,-0.0131024231613733,4.831387370140921,-0.025987065558718436,0.0,0.0
2018-07-31,0.006443493251175,4.862518382054236,-0.019711019789088846,0.0,0.0
2018-08-01,-0.007156740945158916,4.8277185976528,-0.026726694071852464,0.47158318317221615,0.0004715831831722161
2018-08-02,0.0109889805109578,4.880770303234795,-0.016031412681172696,0.0,0.0
2018-08-03,0.001479294535904,4.887990400075372,-0.014575833326450849,0.0,0.0
2018-08-06,0.0064742162934618,4.919636307165826,-0.008195984130601741,0.0,0.0
2018-08-07,0.0079374877509687,4.958685860093176,-0.0003235519032767087,0.0,0.0
2018-08-08,0.0025550820420344,4.9713557092863905,0.0,0.0,0.0
2018-08-09,-0.0003065030365705,4.969831973665622,-0.0003065030365705379,0.0,0.0
2018-08-10,-0.0026422230576469,4.956700569032171,-0.0029479162448270424,0.0,0.0
2018-08-13,-0.0059853324377507,4.9270330683321255,-0.008915604423853862,0.0,0.0
2018-08-14,0.0103445149111844,4.978000835375386,0.0,0.0,0.0
2018-08-15,-0.0185937563270404,4.885441100846613,-0.01859375632704041,0.0,0.0
2018-08-16,0.0050993520732129,4.910353685052775,-0.01358922036370247,0.0,0.0
2018-08-17,0.0033620025157989,4.926862306495385,-0.010272904840954,0.0,0.0
2018-08-20,0.0087341527787843,4.96989427460035,-0.0016284771825325617,0.0,0.0
2018-08-21,0.0049308938374563,4.994400295651786,0.0,0.0,0.0
2018-08-22,0.0036964874176984,5.0128620335036125,0.0,0.0,0.0
2018-08-23,0.0021603103724093,5.023691371350047,0.0,0.0,0.0
2018-08-24,0.0081341078099724,5.0645546185686365,0.0,0.0,0.0
2018-08-27,0.0053576688523074,5.091688825099351,0.0,0.0,0.0
2018-08-28,0.0006115199125198,5.094802494204254,0.0,0.0,0.0
2018-08-29,0.0062353673213513,5.126570459185355,0.0,0.0,0.0
2018-08-30,-0.0067389952158596,5.092022525387137,-0.006738995215859633,0.0,0.0
2018-08-31,0.0030916636671637,5.107765346421256,-0.0036681662553580408,0.0,0.0
2018-09-04,0.0028251936170278977,5.122195772475241,-0.0008533359182211209,0.4353453834125023,0.00043534538341250234
2018-09-05,-0.010921376035419,5.066254346317005,-0.011765392351192672,0.0,0.0
2018-09-06,-0.0023394949501582,5.054401869857579,-0.014077362225358603,0.0,0.0
2018-09-07,-0.0038620517792265,5.03488150812317,-0.017885046502755908,0.0,0.0
2018-09-10,0.0061467311002219,5.065829570875082,-0.011848249974101499,0.0,0.0
2018-09-11,0.002592486848393,5.078962667413776,-0.009286479557942817,0.0,0.0
2018-09-12,0.0004335930788131,5.081164870473917,-0.008856913032392555,0.0,0.0
2018-09-13,0.0026049958853141,5.094401284054104,-0.006274989369084438,0.0,0.0
2018-09-14,0.0017885867809238,5.103513062847484,-0.004497625951196738,0.0,0.0
2018-09-17,-0.0108609120689048,5.048084256229391,-0.015309689700126694,0.0,0.0
2018-09-18,0.0095093173415849,5.0960880913889355,-0.005945957056301299,0.0,0.0
2018-09-19,-0.0076956793770269,5.056870231360522,-0.013595878254233251,0.0,0.0
2018-09-20,0.0046224654972276,5.080245439528943,-0.009036259235140509,0.0,0.0
2018-09-21,0.0013789179365418,5.087250681087544,-0.007669801558537248,0.0,0.0
2018-09-24,0.0019994162124892,5.097422212576307,-0.005685720471630851,0.0,0.0
2018-09-25,0.0025646318007981,5.110495223684775,-0.0031356704503646693,0.0,0.0
2018-09-26,-0.0022257558295607,5.099120509148716,-0.00535444704314092,0.0,0.0
2018-09-27,0.0016420368801469,5.107493453081052,-0.003721202362511722,0.0,0.0
2018-09-28,0.0015588954032594,5.115455501147237,-0.0021681079245097212,0.0,0.0
2018-10-01,0.002991016290122,5.130755911882564,0.0,0.0,0.0
2018-10-02,-0.009310501847931585,5.082985999483696,-0.009310501847931474,0.48996078459518444,0.0004899607845951844
2018-10-03,0.0031477095952339,5.09898576328671,-0.006192099008700769,0.0,0.0
2018-10-04,-0.0134626977072887,5.030339659341813,-0.01957143435886166,0.0,0.0
2018-10-05,-0.0054643173229858,5.002852287200769,-0.024928807154044663,0.0,0.0
2018-10-08,-0.0054805555903392,4.975433877130509,-0.03027273903097527,0.0,0.0
2018-10-09,-0.0018448749170713,4.966254823969044,-0.03206176453113729,0.0,0.0
2018-10-10,-0.0411402152280155,4.7619420316337875,-0.07188295186575189,0.0,0.0
2018-10-11,-0.0171036626978254,4.680495381338126,-0.08775715280114138,0.0,0.0
2018-10-12,0.0206879007459458,4.777325005229106,-0.06888476332209259,0.0,0.0
2018-10-15,-0.0070199703868611,4.743788325163987,-0.07542116471032667,0.0,0.0
2018-10-16,0.0240082501221423,4.857678381801023,-0.053223644775053036,0.0,0.0
2018-10-17,-0.0060440721083322,4.828318223382331,-0.05894602933649662,0.0,0.0
2018-10-18,-0.0141187821458793,4.760148250255416,-0.07223256533580935,0.0,0.0
2018-10-19,-0.0127645129213061,4.699387276407698,-0.08407506474354753,0.0,0.0
2018-10-22,0.00327955900963,4.714799194289782,-0.08107123486998236,0.0,0.0
2018-10-23,-0.0120419682201642,4.658023732227688,-0.09213694585627286,0.0,0.0
2018-10-24,-0.0371123286484911,4.485153624624783,-0.12582985788947765,0.0,0.0
2018-10-25,0.0184901820782179,4.568084931792875,-0.10966629279451245,0.0,0.0
2018-10-26,-0.0149407371249049,4.499834375662719,-0.12296853466731161,0.0,0.0
2018-10-29,-0.0063698531469493,4.471171091504153,-0.12855509630673467,0.0,0.0
2018-10-30,0.0244630696638271,4.5805496613945085,-0.10723687891949918,0.0,0.0
2018-10-31,0.0113292820419747,4.6324440004157195,-0.09712251372410441,0.0,0.0
2018-11-01,0.014445953273098165,4.699364069985968,-0.08407958774603064,0.34226036249433606,0.0003422603624943361
2018-11-02,-0.0003488709728499,4.697724598271097,-0.0843991257913067,0.0,0.0
2018-11-05,0.0015272926619919,4.704899398578094,-0.08300073529481455,0.0,0.0
2018-11-06,0.0031784307624185,4.719853595560619,-0.08008611662276044,0.0,0.0
2018-11-07,0.0257646395280939,4.841458922075616,-0.056384867020656926,0.0,0.0
2018-11-08,-0.0037407242596104,4.823348359233901,-0.059914671040328216,0.0,0.0
2018-11-09,-0.0139117695103506,4.756247048592111,-0.0729929214568773,0.0,0.0
2018-11-12,-0.0219096818019427,4.652039189186028,-0.09330335157590575,0.0,0.0
2018-11-13,-0.0017199135821642,4.644038083799787,-0.09486279145643317,0.0,0.0
2018-11-14,-0.0099900856491612,4.59764374558466,-0.10390518969402607,0.0,0.0
2018-11-15,0.0104277735301208,4.645586933335793,-0.09456091595063887,0.0,0.0
2018-11-16,-0.0015897158100044,4.638201770341119,-0.09600030677754812,0.0,0.0
2018-11-19,-0.0319497647165134,4.490012315071004,-0.12488288427980576,0.0,0.0
2018-11-20,-0.021180176357087,4.394913062392308,-0.14341801912386476,0.0,0.0
2018-11-21,0.0095169041898151,4.436739028929662,-0.13526601048114462,0.0,0.0
2018-11-23,-0.0041779989654184,4.418202337856963,-0.1388788681947165,0.0,0.0
2018-11-26,0.0186155381663835,4.500449552104144,-0.12284863489971576,0.0,0.0
2018-11-27,0.0017929695056232,4.5085187209126625,-0.1212759292502753,0.0,0.0
2018-11-28,0.0310274130682257,4.648406393592248,-0.09401139453413077,0.0,0.0
2018-11-29,-0.0023553360920799,4.637457834242765,-0.0961453021955978,0.0,0.0
2018-11-30,0.0042929587810363,4.657366249573963,-0.0922650912338775,0.0,0.0
2018-12-03,0.014004215058832212,4.722589008140743,-0.07955297635510727,0.4959283924615875,0.0004959283924615875
2018-12-04,-0.0307143924812698,4.577537555816978,-0.1078239474975532,0.0,0.0
2018-12-06,0.0005357452651826,4.579989949888702,-0.10734596840171573,0.0,0.0
2018-12-07,-0.0297477880912042,4.4437453793995685,-0.13390045137246043,0.0,0.0
2018-12-10,0.0063606474292295,4.472010477023197,-0.12839149750502588,0.0,0.0
2018-12-11,0.0008509086040258,4.475815749215389,-0.12764983833091093,0.0,0.0
2018-12-12,0.0067614625612414,4.506078809834723,-0.12175147537249253,0.0,0.0
2018-12-13,-0.0051527574551113,4.482860078654028,-0.1262768770052075,0.0,0.0
2018-12-14,-0.0202470253821384,4.392095496856944,-0.14396717125344438,0.0,0.0
2018-12-17,-0.0267276388440337,4.274705154648445,-0.16684690753881892,0.0,0.0
2018-12-18,0.0050641080578945,4.296352723467224,-0.16262773024982646,0.0,0.0
2018-12-19,-0.0157659623411779,4.2286165882246225,-0.17582970992025437,0.0,0.0
2018-12-20,-0.0195036019399479,4.146143333531229,-0.19190399918870116,0.0,0.0
2018-12-21,-0.0193317368074186,4.06599118184157,-0.2075258983915127,0.0,0.0
2018-12-24,-0.0235770118611598,3.97012725951992,-0.22621006968479795,0.0,0.0
2018-12-26,0.0529485933526589,4.1803399133425465,-0.18523898132415606,0.0,0.0
2018-12-27,0.0087662680312479,4.216985893484631,-0.17809656785303085,0.0,0.0
2018-12-28,-0.0017493163042209,4.209609051306489,-0.17953433692738074,0.0,0.0
2018-12-31,0.0121567147899277,4.26078406792032,-0.16956016986647804,0.0,0.0
2019-01-02,-0.007678369811477895,4.228068192159975,-0.17593659398842398,0.4001709419777912,0.0002000854709888956
2019-01-03,-0.0245382822088569,4.124318661662462,-0.1961576944031278,0.0,0.0
2019-01-04,0.0334683369935255,4.262352748499668,-0.16925442922975908,0.0,0.0
2019-01-07,0.0122321551177863,4.314490508486038,-0.15909262054468376,0.0,0.0
2019-01-08,0.0132865390421512,4.371815155074029,-0.14791987181671762,0.0,0.0
2019-01-09,0.0081258450459899,4.407339847593871,-0.14099600072833296,0.0,0.0
2019-01-10,0.0029355575557738,4.420277847384338,-0.13847434504783118,0.0,0.0
2019-01-11,0.0002614628541453,4.42143358584643,-0.13824908809116798,0.0,0.0
2019-01-14,-0.0082062276141222,4.38515029546025,-0.14532081222096915,0.0,0.0
2019-01-15,0.0156716916800278,4.453873018861286,-0.13192654350475974,0.0,0.0
2019-01-16,-0.0004040778799756,4.452073307294143,-0.1322773127867235,0.0,0.0
2019-01-17,0.0083245501144195,4.4891348146537835,-0.12505391179159764,0.0,0.0
2019-01-18,0.0125889116324958,4.54564813614182,-0.1140392928039442,0.0,0.0
2019-01-22,-0.0115270618057722,4.493250169129221,-0.12425181663327878,0.0,0.0
2019-01-23,0.0009236385869537,4.497400308366265,-0.12344294181866655,0.0,0.0
2019-01-24,-0.0016583996761416,4.489941821151391,-0.12489662376007415,0.0,0.0
2019-01-25,0.0056173788066418,4.515163525180582,-0.1199808366007632,0.0,0.0
2019-01-28,-0.0081422917073723,4.478399746652074,-0.12714620933723764,0.0,0.0
2019-01-29,-0.0013923825870247,4.4721641008271,-0.12836155575637498,0.0,0.0
2019-01-30,0.0147020497329952,4.537914079851576,-0.11554668399991452,0.0,0.0
2019-01-31,0.0086696531076222,4.577256220756084,-0.10787878056030764,0.0,0.0
2019-02-01,0.00028902724167534144,4.57857917249601,-0.10762093322501298,0.411783247160917,0.00020589162358045852
2019-02-04,0.0055090151739329,4.603802634632344,-0.10270480340524946,0.0,0.0
2019-02-05,0.004639821753764,4.625163458246547,-0.09854151363254116,0.0,0.0
2019-02-06,-0.0004133918330056,4.623251453446592,-0.09891416920859908,0.0,0.0
2019-02-07,-0.0027959896564113,4.610324890203767,-0.10143359587103051,0.0,0.0
2019-02-08,0.0057223627699505,4.636706841712845,-0.09629167293371454,0.0,0.0
2019-02-11,0.0029835261473363,4.650540577812629,-0.09359543551034677,0.0,0.0
2019-02-12,0.0122351847833145,4.707440801124468,-0.08250540817537622,0.0,0.0
2019-02-13,0.0005956869865151,4.710244962349488,-0.08195886858682833,0.0,0.0
2019-02-14,0.0023657485292244,4.721388217441453,-0.07978701413042011,0.0,0.0
2019-02-15,0.0080418839737972,4.759357073681371,-0.07238676806687538,0.0,0.0
2019-02-19,0.0007621562276672,4.762984447314769,-0.07167978186529111,0.0,0.0
2019-02-20,-0.0010608503266756,4.7579316337078845,-0.07266459067195885,0.0,0.0
2019-02-21,-0.0011125650825986,4.75263812510683,-0.07369631166823443,0.0,0.0
2019-02-22,0.007493439137385,4.788251729639334,-0.06675511135698509,0.0,0.0
2019-02-25,-0.0017598927175463,4.779824920290563,-0.06839752224019513,0.0,0.0
2019-02-26,-0.0006666793908426,4.77663830952437,-0.06901860241257551,0.0,0.0
2019-02-27,0.0017030094468078,4.784772969689474,-0.06743313229768177,0.0,0.0
2019-02-28,0.001241162422898,4.790711650101551,-0.0662756653446499,0.0,0.0
2019-03-01,0.00437487151968653,4.811670398058611,-0.062190741345727885,0.647973660627742,0.000323986830313871
2019-03-04,-0.0062684118669981,4.781508866235337,-0.068069316031657,0.0,0.0
2019-03-05,-0.0005353234747213,4.778949212294654,-0.06856820040359823,0.0,0.0
2019-03-06,-0.0066334267253618,4.747248402870672,-0.07474678499589282,0.0,0.0
2019-03-07,-0.0045698918390577,4.7255539911364135,-0.078975092112202,0.0,0.0
2019-03-08,-0.0021023045796897,4.715619437339276,-0.08091136699406287,0.0,0.0
2019-03-11,0.0125476940616472,4.774789587350166,-0.06937892401156687,0.0,0.0
2019-03-12,0.0044786707067141,4.796174297605755,-0.06521097865948666,0.0,0.0
2019-03-13,0.0055875630526299,4.82297322390503,-0.05998778606184041,0.0,0.0
2019-03-14,-0.0002983568325497,4.821534256890473,-0.060268245128549114,0.0,0.0
2019-03-15,0.0032237401071998,4.837077630252648,-0.05723879418036082,0.0,0.0
2019-03-18,0.0003260263232377,4.838654644887654,-0.05693142921073635,0.0,0.0
2019-03-19,-0.0004668497291655,4.836395720277163,-0.05737170051759399,0.0,0.0
2019-03-20,-0.0009406915237265,4.831846163817711,-0.05825842296894179,0.0,0.0
2019-03-21,0.0149810045221116,4.9042320730480125,-0.04415018814477878,0.0,0.0
2019-03-22,-0.012096460379992,4.844908224082101,-0.05571258752310837,0.0,0.0
2019-03-25,0.0034752528511161,4.861745505201238,-0.05243095000062492,0.0,0.0
2019-03-26,0.0058035586414743,4.889960930340597,-0.04693167745210769,0.0,0.0
2019-03-27,-0.0061839546959744,4.859721633482286,-0.05282540878091213,0.0,0.0
2019-03-28,0.0041114755151096,4.879702259988597,-0.04893112364058083,0.0,0.0
2019-03-29,0.0054226672812142,4.9061632617759035,-0.04377379356256561,0.0,0.0
2019-04-01,0.0046487843092873,4.928970956566049,-0.039328504177949974,0.0,0.0
2019-04-02,0.000970816005542609,4.933756080461538,-0.03839586891373736,0.38195469858278197,0.00019097734929139097
2019-04-03,0.0013133445756617,4.940235802247449,-0.03713295134424144,0.0,0.0
2019-04-04,-0.0044772055001228,4.918117351341723,-0.041443904990370095,0.0,0.0
2019-04-05,0.0061029941917496,4.948132592971305,-0.03559384271006005,0.0,0.0
2019-04-08,-0.0013157911723484,4.9416218837858645,-0.036862799818380476,0.0,0.0
2019-04-09,-0.0033084033001761,4.925273005637325,-0.04004924610998373,0.0,0.0
2019-04-10,0.0059799014055671,4.954725652606537,-0.03430883524752182,0.0,0.0
2019-04-11,0.0012513026205618,4.9609255137998085,-0.03310046336241357,0.0,0.0
2019-04-12,0.0027892491559728,4.974762771102019,-0.03040353964593656,0.0,0.0
2019-04-15,-0.0013720529586553,4.96793713312332,-0.031733877338066985,0.0,0.0
2019-04-16,-0.0115685833239921,4.910465138450428,-0.0429353446578804,0.0,0.0
2019-04-17,-0.0112044109531519,4.8554462690681035,-0.053658690365070316,0.0,0.0
2019-04-18,0.0039482407457713,4.874616739866542,-0.04992230704696299,0.0,0.0
2019-04-22,-0.0024543526616602,4.8626527112964775,-0.05225413276144619,0.0,0.0
2019-04-23,0.010100089944413,4.9117659410490155,-0.04268181425789108,0.0,0.0
2019-04-24,0.0037604124647201,4.930236206917524,-0.0390819030195233,0.0,0.0
2019-04-25,0.0001017667057097,4.930737940814673,-0.0389841135503366,0.0,0.0
2019-04-26,0.0049975926051417,4.95537976028558,-0.03418134766279213,0.0,0.0
2019-04-29,-0.0055797206771559,4.927730125373954,-0.03957034596762099,0.0,0.0
2019-04-30,0.0089583310267502,4.971874363047544,-0.030966499198891717,0.0,0.0
2019-05-01,-0.01392697700828548,4.902631183105297,-0.04446220648480703,0.43490075304436293,0.00021745037652218143
2019-05-02,0.0053619712396773,4.928918950507852,-0.03933864031755396,0.0,0.0
2019-05-03,0.0057879417583073,4.957447246324809,-0.03377838831825564,0.0,0.0
2019-05-06,-0.003293128557438,4.941121735225944,-0.03696028030049858,0.0,0.0
2019-05-07,-0.0150074731671742,4.8669679833687995,-0.05141307305281184,0.0,0.0
2019-05-08,-0.0003580779134334,4.865225229628567,-0.05175274108032335,0.0,0.0
2019-05-09,0.0010207896109481,4.870191600997895,-0.05078478012980803,0.0,0.0
2019-05-10,0.0067695164101394,4.903160442961373,-0.04435905212214275,0.0,0.0
2019-05-13,-0.0165987425183546,4.821774145242476,-0.060221490155963564,0.0,0.0
2019-05-14,0.0077772353746689,4.859274217693519,-0.052912611484851046,0.0,0.0
2019-05-15,0.0031193837201624,4.874432158579998,-0.049958282503545615,0.0,0.0
2019-05-16,0.0107936989641753,4.927045311921005,-0.039703818201480945,0.0,0.0
2019-05-17,-0.0012794277300296,4.920741513521821,-0.04093244776551552,0.0,0.0
2019-05-20,-0.0061359643187302,4.890548019173157,-0.04681725204527809,0.0,0.0
2019-05-21,0.0072984045167271,4.926241216925561,-0.03986053877233908,0.0,0.0
2019-05-22,0.001198623784752,4.9321459268175945,-0.038709692777432414,0.0,0.0
2019-05-23,-0.0099601995912081,4.883020768973528,-0.048284336102462855,0.0,0.0
2019-05-24,0.0017631863221846,4.891630444404325,-0.04660628406126999,0.0,0.0
2019-05-28,-0.007478232680556,4.855049693753778,-0.05373598410523961,0.0,0.0
2019-05-29,-0.0103404098135692,4.8048464902551205,-0.0635207418214252,0.0,0.0
2019-05-30,0.00894829450708,4.847841671711233,-0.05514084961947152,0.0,0.0
2019-05-31,-0.0062578134942841,4.817504782679846,-0.06105360196092058,0.0,0.0
2019-06-03,-0.002059985548720581,4.807580792446633,-0.06298781797190423,0.6601034343725618,0.0003300517171862809
2019-06-04,0.0212745883054242,4.909860094551,-0.043053269562089436,0.0,0.0
2019-06-05,0.0157380913350704,4.9871319211614615,-0.027992754515660523,0.0,0.0
2019-06-06,0.0073971442509267,5.024022455380694,-0.02080267670786695,0.0,0.0
2019-06-07,0.0109313996777123,5.078942052830262,-0.010098679403614641,0.0,0.0
2019-06-10,0.0019466135686439,5.088828790344657,-0.008171724061323271,0.0,0.0
2019-06-11,-0.0030746477385202,5.073182434412707,-0.011221246626938464,0.0,0.0
2019-06-12,0.0021521568238098,5.084100718607361,-0.009093239685628474,0.0,0.0
2019-06-13,0.001711711960104,5.092803234613774,-0.007397092732650545,0.0,0.0
2019-06-14,-0.0014270768148663,5.085535413194981,-0.008813613327980585,0.0,0.0
2019-06-17,-0.0028857033857604,5.07086006643472,-0.01167388323991958,0.0,0.0
2019-06-18,0.0083209616718052,5.113054498690611,-0.003450059503114833,0.0,0.0
2019-06-19,0.0078436181071428,5.153159345539349,0.0,0.0,0.0
2019-06-20,0.0074587127968147,5.191595281093948,0.0,0.0,0.0
2019-06-21,-0.0051386969033996,5.164917246499286,-0.005138696903399631,0.0,0.0
2019-06-24,-0.0027710314707913,5.150605098265204,-0.007895488883352786,0.0,0.0
2019-06-25,-0.0095548109265742,5.10139204039383,-0.017374859906473694,0.0,0.0
2019-06-26,-0.0073907937886213,5.063688703788365,-0.02463723968842013,0.0,0.0
2019-06-27,0.0058130389221873,5.093124123313327,-0.018967417999476877,0.0,0.0
2019-06-28,0.0070984379258431,5.129277348751281,-0.012003619112916475,0.0,0.0
2019-07-01,0.008715299285547,5.173980535964226,-0.003392934960448235,0.0,0.0
2019-07-02,0.0081272014341949,5.216030517996611,0.0,0.6999025383252042,0.00034995126916260213
2019-07-03,0.0107273402138288,5.271984651928874,0.0,0.0,0.0
2019-07-05,-0.0028937305725674,5.256728948763482,-0.0028937305725673657,0.0,0.0
2019-07-08,-0.0011724828614416,5.250565524163813,-0.004062820584507021,0.0,0.0
2019-07-09,0.0023363334198086,5.262832595870811,-0.0017359792682087871,0.0,0.0
2019-07-10,0.0042216297153443,5.285050326344422,0.0,0.0,0.0
2019-07-11,-0.0005374693252391,5.282209773911666,-0.0005374693252392371,0.0,0.0
2019-07-12,0.0013772484041911,5.289484688893389,0.0,0.0,0.0
2019-07-15,0.0023495996593807,5.301912860316713,0.0,0.0,0.0
2019-07-16,-0.0024170779916428,5.2890977234284335,-0.002417077991642702,0.0,0.0
2019-07-17,-0.0030154953800746,5.273148473678672,-0.005425284684200227,0.0,0.0
2019-07-18,0.0054258042479659,5.301759545067313,-2.8916968920267294e-05,0.0,0.0
2019-07-19,-0.0114213427208384,5.2412063322796225,-0.011449929419146243,0.0,0.0
2019-07-22,0.0008340753580216,5.245577893327684,-0.010625404165104269,0.0,0.0
2019-07-23,0.0024453539426743,5.258405187910737,-0.008206033096397669,0.0,0.0
2019-07-24,0.0005240052531348,5.261160619852314,-0.007686327847712837,0.0,0.0
2019-07-25,-0.0026014882752015,5.247473772185816,-0.010267820231139146,0.0,0.0
2019-07-26,0.0064071701720659,5.281095229617662,-0.003926437730590426,0.0,0.0
2019-07-29,0.000637957470095,5.28446434376968,-0.0032909851607765273,0.0,0.0
2019-07-30,-0.0024393957967682,5.271573443661317,-0.005722352942176379,0.0,0.0
2019-07-31,-0.0097666058716051,5.220088063513857,-0.015433070847936992,0.0,0.0
2019-08-01,-0.004735800483815965,5.195366767937106,-0.020095783387364508,0.4528765905585296,0.00022643829527926477
2019-08-02,-0.005876230714064,5.164837594164527,-0.025853926641864478,0.0,0.0
2019-08-05,-0.0252221547165346,5.034569261278735,-0.05042398962060801,0.0,0.0
2019-08-06,0.017078378075491,5.120551538570099,-0.034206771503932365,0.0,0.0
2019-08-07,0.0036561090324335,5.139272833301305,-0.030675726157764927,0.0,0.0
2019-08-08,0.0198729968056043,5.241405585900631,-0.011412347960103375,0.0,0.0
2019-08-09,-0.0032441790382949,5.224401527767651,-0.014619503298368253,0.0,0.0
2019-08-12,-0.0120105514277066,5.161653584539409,-0.026454466429862267,0.0,0.0
2019-08-13,0.0125562760323065,5.22646473173003,-0.014230359980336504,0.0,0.0
2019-08-14,-0.0260254247529398,5.0904437671304965,-0.03988543357040086,0.0,0.0
2019-08-15,0.0086899639021502,5.134679539712787,-0.031542072646198904,0.0,0.0
2019-08-16,0.0114391299093841,5.193415806010618,-0.02046375660342581,0.0,0.0
2019-08-19,0.0104104118226255,5.247481403317321,-0.010266380914479956,0.0,0.0
2019-08-20,-0.0068553903453805,5.211507869967456,-0.017051391211257316,0.0,0.0
2019-08-21,0.0079658603448298,5.253022013845599,-0.009221359867501389,0.0,0.0
2019-08-22,0.0005116743728793,5.255709850590255,-0.008714403828149364,0.0,0.0
2019-08-23,-0.0239425704458457,5.129874647249572,-0.03244832904644601,0.0,0.0
2019-08-26,0.0123319889166865,5.193136204543444,-0.020516492563925404,0.0,0.0
2019-08-27,0.0005885889973005,5.196192827374921,-0.019939979348411296,0.0,0.0
2019-08-28,0.0053408043760872,5.223944676766358,-0.014705670501287238,0.0,0.0
2019-08-29,0.011012279850718,5.281472217471578,-0.0038553336095218382,0.0,0.0
2019-08-30,-0.0039870548468738,5.260414698068279,-0.007827017029841454,0.0,0.0
2019-09-03,-0.003451396849161,5.242258919354086,-0.01125139973708722,0.0,0.0
2019-09-04,0.005976010952018928,5.273586716069464,-0.005342627273122846,0.5281339054577449,0.00026406695272887244
2019-09-05,0.0069672780782604,5.31032926119014,0.0,0.0,0.0
2019-09-06,0.001299155700837,5.317228205723137,0.0,0.0,0.0
2019-09-09,-0.0160947119156338,5.231648949562341,-0.01609471191563383,0.0,0.0
2019-09-10,-0.0159867197152965,5.148012044156862,-0.03182412998263673,0.0,0.0
2019-09-11,0.0015676021158842,5.156082078729879,-0.03030641544024959,0.0,0.0
2019-09-12,0.0061220466674135,5.187647853836878,-0.02436990606248335,0.0,0.0
2019-09-13,-0.0049857221357031,5.16178368309977,-0.029234126618085665,0.0,0.0
2019-09-16,-0.0009447053283116,5.156907318550754,-0.030151214311212704,0.0,0.0
2019-09-17,0.0124026159332911,5.2208664594263166,-0.018122552308945994,0.0,0.0
2019-09-18,-0.0001957859042429,5.219844287365627,-0.018314790072897824,0.0,0.0
2019-09-19,0.0004323098848744,5.22210087764856,-0.017890397852811324,0.0,0.0
2019-09-20,-0.0033466085285832,5.2046245503143,-0.02117713422336054,0.0,0.0
2019-09-23,0.0018215808841907,5.214105194904541,-0.01939412920205319,0.0,0.0
2019-09-24,-0.0031226704650339,5.197823262610833,-0.02245623819263276,0.0,0.0
2019-09-25,0.0021119565563367,5.208800839528984,-0.020391708235777517,0.0,0.0
2019-09-26,0.002529806434392,5.22197809740829,-0.01791348887608879,0.0,0.0
2019-09-27,-0.0104563851488759,5.167375083182795,-0.028182563685916207,0.0,0.0
2019-09-30,0.0064133814434884,5.200515430652823,-0.021949927773401212,0.0,0.0
2019-10-01,-0.008923749918210157,5.154107331503884,-0.030677802025438794,0.6607791167963164,0.0003303895583981582
2019-10-02,-0.0137243952947961,5.083370325094518,-0.04398116303846222,0.0,0.0
2019-10-03,0.0104459763265279,5.13647109116943,-0.03399461289984729,0.0,0.0
2019-10-04,0.0149749582441017,5.213389531281727,-0.019528722564445156,0.0,0.0
2019-10-07,-0.0054006970049942,5.1852335940542655,-0.02482395085597433,0.0,0.0
2019-10-08,-0.0107855721693506,5.129307882910652,-0.03534178251183939,0.0,0.0
2019-10-09,0.0090501616539007,5.175728948423621,-0.02661146970280781,0.0,0.0
2019-10-10,0.0025855531947028,5.189111070941133,-0.024094721878610836,0.0,0.0
2019-10-11,-0.0005852415016359,5.18607418778582,-0.02466586214903299,0.0,0.0
2019-10-14,-0.0025532304158084,5.172832945430927,-0.02715611493537029,0.0,0.0
2019-10-15,0.002079084921215,5.183587704407736,-0.025133489883236382,0.0,0.0
2019-10-16,-0.0011351688576326,5.177703457074885,-0.026240127985869943,0.0,0.0
2019-10-17,0.0034596195645146,5.195616341254237,-0.0228712892815105,0.0,0.0
2019-10-18,0.0017862493729756,5.204897007686024,-0.021125893734672996,0.0,0.0
2019-10-21,0.0019994390708986,5.2153038821231945,-0.019168694601115255,0.0,0.0
2019-10-22,-0.0136192300497138,5.144275458773393,-0.03252686178930375,0.0,0.0
2019-10-23,0.0004273372710565,5.146473799409509,-0.032113424458600215,0.0,0.0
2019-10-24,0.00546149173252,5.174581223516614,-0.026827319928263926,0.0,0.0
2019-10-25,-0.0037584441412222,5.1551328490338095,-0.03048493508607708,0.0,0.0
2019-10-28,-0.0016937523707356,5.146401330549302,-0.03212705352573886,0.0,0.0
2019-10-29,0.0044593532958247,5.169350952284324,-0.027810966111939228,0.0,0.0
2019-10-30,0.0066606954445626,5.203782424623549,-0.021335511042667288,0.0,0.0
2019-10-31,-0.0008412307292156,5.199404842939804,-0.022158793684370348,0.0,0.0
2019-11-01,-0.0007401547149240248,5.195556478930503,-0.0228825474636718,0.4604580354068497,0.0002302290177034249
2019-11-04,-0.011963912500388,5.1333972958257545,-0.03457269516841843,0.0,0.0
2019-11-05,-0.0083974259672587,5.090289972073532,-0.04267979948751166,0.0,0.0
2019-11-06,0.0063939075334596,5.122836815473467,-0.036558782645521815,0.0,0.0
2019-11-07,-0.0068984473111977,5.0874971956180595,-0.043205031120877924,0.0,0.0
2019-11-08,-0.0015967034842412,5.0793739711197485,-0.04473274898139168,0.0,0.0
2019-11-11,0.0005754983960612,5.082297142693124,-0.04418299421062055,0.0,0.0
2019-11-12,0.0017510131276278,5.091196311708484,-0.042509346085873534,0.0,0.0
2019-11-13,0.0093620393903978,5.1388602921229465,-0.0335452808679918,0.0,0.0
2019-11-14,0.0048743861641326,5.163909081630281,-0.02883440735679421,0.0,0.0
2019-11-15,0.0036123822070048,5.182563094915353,-0.025326186049874466,0.0,0.0
2019-11-18,0.0032682151368548,5.19950082606986,-0.02214074233762675,0.0,0.0
2019-11-19,0.0026050300539349,5.213045681987231,-0.019593389582897802,0.0,0.0
2019-11-20,0.0011915109471954,5.219257082985549,-0.018425224373883053,0.0,0.0
2019-11-21,-0.0086871404978173,5.1739166634114255,-0.02695230235886059,0.0,0.0
2019-11-22,-0.0026417218006558,5.160248614966915,-0.029522823674797194,0.0,0.0
2019-11-25,0.0034919306456434,5.178267845244656,-0.026133984681889766,0.0,0.0
2019-11-26,0.007513149828128,5.217172947416157,-0.01881718339628291,0.0,0.0
2019-11-27,0.0031758892280652,5.233742110780809,-0.015701055458268498,0.0,0.0
2019-11-29,-0.0045159974123699,5.210106544951511,-0.020146146944817422,0.0,0.0
2019-12-02,-0.0095760892363059,5.160214099746394,-0.029529314880212043,0.0,0.0
2019-12-03,-0.0037460945103198976,5.1408834500352585,-0.03316478978616566,0.755487885311595,0.00037774394265579754
2019-12-04,0.0055283375084069,5.169303988838437,-0.02781979842909199,0.0,0.0
2019-12-05,0.0014595103868962,5.17684864170317,-0.02640089132696455,0.0,0.0
2019-12-06,0.0041550083162027,5.19835849086117,-0.022355578933780373,0.0,0.0
2019-12-09,-0.0036993740059722,5.179127818586354,-0.025972251292156523,0.0,0.0
2019-12-10,-0.0015320163343752,5.171193310170462,-0.02746447771331162,0.0,0.0
2019-12-11,0.0048785469896341,5.196421219726611,-0.022719917468747575,0.0,0.0
2019-12-12,0.0029582478679525,5.21179352172085,-0.0198288807482071,0.0,0.0
2019-12-13,0.0008055286207413,5.215991770567991,-0.019039324858425632,0.0,0.0
2019-12-16,0.0058688038304492,5.246603403050692,-0.01328225909063474,0.0,0.0
2019-12-17,-0.0013254539113931,5.23964927204859,-0.014590107979764011,0.0,0.0
2019-12-18,0.0001262269814217,5.240310657159909,-0.01446572266363122,0.0,0.0
2019-12-19,0.0033829330385988,5.258038277214537,-0.011131726196158431,0.0,0.0
2019-12-20,0.0080173438445034,5.300193778030526,-0.003203629228152427,0.0,0.0
2019-12-23,-0.0037617501477668,5.2802557733028275,-0.0069533281231968225,0.0,0.0
2019-12-24,0.0020010099891734,5.290821617850597,-0.004966231813055888,0.0,0.0
2019-12-26,0.0026723810914319,5.30496070950028,-0.002307122385616811,0.0,0.0
2019-12-27,0.0004505125794635,5.30735066103347,-0.0018576491938102624,0.0,0.0
2019-12-30,-0.0048468909102967,5.28162651135675,-0.006695536281114967,0.0,0.0
2019-12-31,0.0024789407365203,5.294719350470837,-0.004233193382234934,0.0,0.0
2020-01-02,0.006098017749424943,5.327006643048232,0.0,0.5629966842023137,0.00028149834210115684
2020-01-03,-0.0039782455679877,5.305814502479885,-0.003978245567987648,0.0,0.0
2020-01-06,-0.0006617661896398,5.302303293833644,-0.0046373790892163536,0.0,0.0
2020-01-07,-0.001414614102784,5.294802580816949,-0.006045433090140717,0.0,0.0
2020-01-08,0.0032154940974844,5.3118279872629115,-0.0028493780470743024,0.0,0.0
2020-01-09,0.0070724843258292,5.3493958074443295,0.0,0.0,0.0
2020-01-10,-0.0016717926052776,5.340452727090741,-0.0016717926052775,0.0,0.0
2020-01-13,0.010458526327181,5.396305992536085,0.0,0.0,0.0
2020-01-14,-0.0005235123555683,5.393480959674566,-0.0005235123555682453,0.0,0.0
2020-01-15,0.0031925989774893,5.4107001814715305,0.0,0.0,0.0
2020-01-16,0.0103608987385907,5.466759898156632,0.0,0.0,0.0
2020-01-17,0.0040955668902974,5.489149378992728,0.0,0.0,0.0
2020-01-21,-0.0013429973557946,5.481777465891179,-0.001342997355794684,0.0,0.0
2020-01-22,0.0011862685015364,5.488280325831398,-0.00015832200971910293,0.0,0.0
2020-01-23,0.0050331390542474,5.515903603879997,0.0,0.0,0.0
2020-01-24,-0.0095348569996629,5.463310251793076,-0.009534856999662944,0.0,0.0
2020-01-27,-0.0152183047996613,5.3801679311661745,-0.024608057439282183,0.0,0.0
2020-01-28,0.0144646899279115,5.457990392050586,-0.010499315431958145,0.0,0.0
2020-01-29,-0.0029678568270959,5.441791858003315,-0.013436011794069613,0.0,0.0
2020-01-30,0.0046155914233677,5.466908945830867,-0.008882435511502806,0.0,0.0
2020-01-31,-0.0220353668204079,5.346443601835714,-0.030722074607156147,0.0,0.0
2020-02-03,0.011058367511658753,5.40556654006517,-0.020003443087224015,0.4812250618076944,0.0002406125309038472
2020-02-04,0.0187191680907998,5.506754248754653,-0.0016587228099687046,0.0,0.0
2020-02-05,0.0066486026426337,5.5433664696052585,0.0,0.0,0.0
2020-02-06,0.0019883008620277,5.5543883499353095,0.0,0.0,0.0
2020-02-07,-0.0072735615335022,5.513988164491087,-0.007273561533502226,0.0,0.0
2020-02-10,0.0096295482213373,5.567085379412937,0.0,0.0,0.0
2020-02-11,0.005455072235076,5.59745423229647,0.0,0.0,0.0
2020-02-12,0.0064311406189452,5.633452247572479,0.0,0.0,0.0
2020-02-13,0.0015698383407509,5.642295856901508,0.0,0.0,0.0
2020-02-14,0.0023732961117171,5.65568669571985,0.0,0.0,0.0
2020-02-18,-0.0048484886825514,5.628265162783596,-0.004848488682551277,0.0,0.0
2020-02-19,0.006369922750884,5.664116777092019,0.0,0.0,0.0
2020-02-20,-0.0053461415616428,5.633835606980009,-0.005346141561642814,0.0,0.0
2020-02-21,-0.0163059368325196,5.5419706394477934,-0.02156490454756055,0.0,0.0
2020-02-24,-0.0314216983631256,5.367832509677767,-0.0523089969847631,0.0,0.0
2020-02-25,-0.0317091864043435,5.197622908041099,-0.08235950765309252,0.0,0.0
2020-02-26,-0.0052505967409905,5.170332286139241,-0.08717766783161007,0.0,0.0
2020-02-27,-0.0397915943661181,4.964596521071145,-0.12350032380158849,0.0,0.0
2020-02-28,-0.0069219103781056,4.9302320288888355,-0.12956737600667245,0.0,0.0
2020-03-02,0.0440517060309233,5.147417160889689,-0.0912233339347932,0.0,0.0
2020-03-03,-0.021117271405437284,5.038717755666176,-0.11041421743902069,0.6593551002663731,0.00032967755013318657
2020-03-04,0.047488854051314,5.2780006877707715,-0.06816880804485836,0.0,0.0
2020-03-05,-0.0338702338380589,5.09923357027854,-0.0997301484139761,0.0,0.0
2020-03-06,-0.0205060919164324,4.99466821798305,-0.11819116474019209,0.0,0.0
2020-03-09,-0.0783025712767602,4.603572853840664,-0.18723906391560008,0.0,0.0
2020-03-10,0.0481505746149534,4.825237532034892,-0.1481041578185489,0.0,0.0
2020-03-11,-0.0496379409685685,4.585722676260422,-0.19039051334412083,0.0,0.0
2020-03-12,-0.1001030881099196,4.126677675151069,-0.271434923121461,0.0,0.0
2020-03-13,0.0812337262092145,4.461903079567969,-0.2122508671407145,0.0,0.0
2020-03-16,-0.1252201202684319,3.903183039318381,-0.3108929082987072,0.0,0.0
2020-03-17,0.0608669382353171,4.14075784029371,-0.2689490695106057,0.0,0.0
2020-03-18,-0.0697664280964551,3.8518719561640262,-0.3199518816874406,0.0,0.0
2020-03-19,0.0076429832927346,3.8813117491707403,-0.3147542852809222,0.0,0.0
2020-03-20,-0.0440160422056271,3.710471767406045,-0.3449160895812221,0.0,0.0
2020-03-23,-0.0188522309996694,3.6405210965291546,-0.3572658827846037,0.0,0.0
2020-03-24,0.1097386262193928,4.040026880384982,-0.28673312373705184,0.0,0.0
2020-03-25,0.0288335389078861,4.156515152629469,-0.2661671155086176,0.0,0.0
2020-03-26,0.0662954293897098,4.432073109437875,-0.2175173493309721,0.0,0.0
2020-03-27,-0.0330925527703052,4.285404496181951,-0.2434116977400852,0.0,0.0
2020-03-30,0.0247361985102583,4.3914091124962615,-0.22469657930484455,0.0,0.0
2020-03-31,-0.0258772489287734,4.277771525744112,-0.2447592989175027,0.0,0.0
2020-04-01,-0.04559885548609924,4.082710040139156,-0.27919741050338376,0.511960566664083,0.0002559802833320415
2020-04-02,0.0168639203188181,4.151560536940901,-0.267041853068515,0.0,0.0
2020-04-03,-0.0188455368924073,4.073322149680919,-0.2808548428671028,0.0,0.0
2020-04-06,0.0823642400531606,4.408818233031095,-0.2216229985119409,0.0,0.0
2020-04-07,-0.0004522738558098,4.406824239809278,-0.22197503807967756,0.0,0.0
2020-04-08,0.0399810039860601,4.583013497306959,-0.1908688189758868,0.0,0.0
2020-04-09,0.0207181332264314,4.677964981522699,-0.17410513136976924,0.0,0.0
2020-04-13,-0.0209488838616064,4.579966836416118,-0.1914067070546006,0.0,0.0
2020-04-14,0.0367955234016112,4.748489113324071,-0.1616540936216423,0.0,0.0
2020-04-15,-0.0277292084566467,4.6168172688465905,-0.18490076201838412,0.0,0.0
2020-04-16,0.0078859293354157,4.653225163583241,-0.1784729470263101,0.0,0.0
2020-04-17,0.0307194370883562,4.796169621253892,-0.1532360984061022,0.0,0.0
2020-04-20,-0.024962424011592,4.676445601536636,-0.1743733779553991,0.0,0.0
2020-04-21,-0.0292782285517699,4.539527558404927,-0.19854626289404653,0.0,0.0
2020-04-22,0.0271419345873505,4.662739118452628,-0.1767932579867293,0.0,0.0
2020-04-23,-0.0051393421781844,4.638775706635295,-0.1810239991173237,0.0,0.0
2020-04-24,0.0156600440977685,4.711419138760861,-0.16819879882848698,0.0,0.0
2020-04-27,0.0202480863263219,4.806816360201976,-0.15135641630082786,0.0,0.0
2020-04-28,0.0040306381005432,4.826190897365721,-0.14793584113858838,0.0,0.0
2020-04-29,0.0236309886135323,4.940238559508103,-0.1278007227025355,0.0,0.0
2020-04-30,-0.0190492187059134,4.8461308747286465,-0.14441543749091457,0.0,0.0
2020-05-01,-0.020749444917989697,4.745576349078095,-0.16216834224337906,0.7823248204245956,0.00039116241021229785
2020-05-04,0.008161782494916,4.784308711052288,-0.15533014248541466,0.0,0.0
2020-05-05,0.0189886648775294,4.875156345837105,-0.13929098962891961,0.0,0.0
2020-05-06,-0.0087653142175109,4.83242406860635,-0.146835374554665,0.0,0.0
2020-05-07,0.0111528787417664,4.88631950827231,-0.13732013294030876,0.0,0.0
2020-05-08,0.0131098367751141,4.950378359456816,-0.126010540693979,0.0,0.0
2020-05-11,0.0091327710442147,4.99558903159597,-0.11802859506708019,0.0,0.0
2020-05-12,-0.0166624094888401,4.91235048151356,-0.13272436377352015,0.0,0.0
2020-05-13,-0.0110333442559615,4.858150827545082,-0.1422933144328149,0.0,0.0
2020-05-14,0.0076578225673057,4.895353684587632,-0.13572514881994957,0.0,0.0
2020-05-15,0.0051971780091041,4.920795709103957,-0.13123335856957496,0.0,0.0
2020-05-18,0.0206214846399427,5.02226982223554,-0.11331810061762293,0.0,0.0
2020-05-19,-0.0089519123912745,4.977310902781546,-0.12125559929982277,0.0,0.0
2020-05-20,0.0089068951877049,5.0216432893092415,-0.11342871502600382,0.0,0.0
2020-05-21,-0.0111996680841983,4.965402551231737,-0.12335801915069367,0.0,0.0
2020-05-22,0.0068572189369829,4.999451403635786,-0.11734669315865964,0.0,0.0
2020-05-26,-0.0025530040106963,4.986687784151022,-0.11960011059108,0.0,0.0
2020-05-27,0.0118114971802628,5.045588032852373,-0.10920126977982281,0.0,0.0
2020-05-28,0.010902873644093,5.10059944163471,-0.09948900378191372,0.0,0.0
2020-05-29,0.0149489023413041,5.176847804569817,-0.0860273528421791,0.0,0.0
2020-06-01,0.0020512944730893,5.187467043859356,-0.08415252580250954,0.0,0.0
2020-06-02,0.0028351809393558796,5.202174451545643,-0.08155593250030757,0.4200243482376405,0.00021001217411882025
2020-06-03,0.0002505136727207,5.203477667373633,-0.08132584970376966,0.0,0.0
2020-06-04,-0.0119935982968765,5.141069246484386,-0.09234405842814708,0.0,0.0
2020-06-05,0.0142362439724411,5.214258762556551,-0.0794224470008944,0.0,0.0
2020-06-08,0.0062858930648304,5.247035035550336,-0.07363579494485883,0.0,0.0
2020-06-09,-0.0023819113240768,5.234537063381331,-0.0758423123350992,0.0,0.0
2020-06-10,0.0043612315528198,5.2573660915865545,-0.07181184666787399,0.0,0.0
2020-06-11,-0.0469822114183591,5.010363406367922,-0.11542017872374033,0.0,0.0
2020-06-12,0.0064919973340154,5.0428906722445115,-0.10967748888229101,0.0,0.0
2020-06-15,0.0108180795128595,5.0974450645115095,-0.10004590916493095,0.0,0.0
2020-06-16,0.0147951221189056,5.172862386735369,-0.08673097848961753,0.0,0.0
2020-06-17,0.0034194771896589,5.190550871672055,-0.08360807590254071,0.0,0.0
2020-06-18,-0.0028092422170628,5.1759693570335426,-0.08618244278309062,0.0,0.0
2020-06-19,0.0039600874917206,5.196466648541859,-0.08256364530504146,0.0,0.0
2020-06-22,0.0056139339096593,5.2256392688705215,-0.07741321824346525,0.0,0.0
2020-06-23,-0.0021292344435421,5.214512657749716,-0.079377621796338,0.0,0.0
2020-06-24,-0.0194848651745131,5.112908581662671,-0.09731582471227596,0.0,0.0
2020-06-25,0.010087222821556,5.164483629792149,-0.08821024829865598,0.0,0.0
2020-06-26,-0.0146970612428046,5.088580897597632,-0.10161087811997227,0.0,0.0
2020-06-29,0.0087367014828491,5.133038309871271,-0.09376192054666754,0.0,0.0
2020-06-30,0.0171359373337901,5.220997732681169,-0.07823268160766095,0.0,0.0
2020-07-01,0.0017097055105914074,5.229924101275519,-0.07665673094392245,0.5751199270983847,0.0002875599635491923
2020-07-02,0.005807211277143,5.2602953754950486,-0.07129468149918583,0.0,0.0
2020-07-06,0.0128298521229438,5.327784187285655,-0.05937952959702908,0.0,0.0
2020-07-07,-0.0052214492300604,5.299965432643024,-0.06429093162799371,0.0,0.0
2020-07-08,0.0075182662118061,5.339811983679004,-0.05725602175517197,0.0,0.0
2020-07-09,0.0013794350659416,5.347177907574825,-0.05595556765337584,0.0,0.0
2020-07-10,0.001107904804399,5.353102071668603,-0.05490965629121303,0.0,0.0
2020-07-13,-0.0174853932950804,5.259500976596768,-0.07143493265034384,0.0,0.0
2020-07-14,0.0182845032290254,5.355668339186414,-0.054456581678028915,0.0,0.0
2020-07-15,0.0069999242845631,5.39315761205395,-0.04783784934200819,0.0,0.0
2020-07-16,-0.0023105148967136,5.380696641050975,-0.050037834175190254,0.0,0.0
2020-07-17,0.0110970949148757,5.44040674238487,-0.03949601385549162,0.0,0.0
2020-07-20,0.0126107830348675,5.509014531434516,-0.02738330648209797,0.0,0.0
2020-07-21,-0.0023046167309998,5.4963183643740505,-0.029624815186829023,0.0,0.0
2020-07-22,0.0069675044681873,5.5346139871364075,-0.02286372175082496,0.0,0.0
2020-07-23,-0.0104427312379108,5.47681750076316,-0.03306769328739356,0.0,0.0
2020-07-24,-0.0091535356071614,5.426685256756,-0.04191854258660199,0.0,0.0
2020-07-27,0.0141279900194201,5.5033534119019825,-0.028382777318474273,0.0,0.0
2020-07-28,-0.0106505493948705,5.444739674551091,-0.0387310345415508,0.0,0.0
2020-07-29,0.0122533272878847,5.5114558517806955,-0.026952291296102215,0.0,0.0
2020-07-30,-0.0001559383256308,5.510596404583381,-0.02710402672655643,0.0,0.0
2020-07-31,0.0020512757763164,5.521900157501159,-0.025108348783704715,0.0,0.0
2020-08-03,0.00944691693193983,5.574065089595538,-0.015898628337022713,0.4305301710397383,0.00021526508551986915
2020-08-04,0.0035736356891375,5.593984767533293,-0.01238180855351867,0.0,0.0
2020-08-05,0.0005171061486463,5.596877451452017,-0.011871105114206859,0.0,0.0
2020-08-06,-5.080792033646615e-05,5.596593085748331,-0.011921309888380471,0.0,0.0
2020-08-07,-0.0029441014482945,5.580116147939064,-0.014830313790966998,0.0,0.0
2020-08-10,-0.0067953749357088,5.542197166529015,-0.021524911184051865,0.0,0.0
2020-08-11,-0.014575629362488,5.461416154775857,-0.035786801419060765,0.0,0.0
2020-08-12,0.0199197905127845,5.57020642048213,-0.016579876493666323,0.0,0.0
2020-08-13,0.0039046066636298,5.591955885589338,-0.012740007726275815,0.0,0.0
2020-08-14,-0.0010553696067033,5.5860543053056615,-0.013781931916035717,0.0,0.0
2020-08-17,0.0131360421150254,5.659432949916976,-0.0008269298390856106,0.0,0.0
2020-08-18,0.0014862505841722,5.667844285444874,0.0,0.0,0.0
2020-08-19,-0.0044669164248426,5.642526498712769,-0.0044669164248427595,0.0,0.0
2020-08-20,0.0027080598354834,5.657806798094584,-0.0017709532663178207,0.0,0.0
2020-08-21,0.000996498885598,5.663444796263814,-0.0007762191336762037,0.0,0.0
2020-08-24,-6.874293855678447e-06,5.663405864080049,-0.0007830880915734584,0.0,0.0
2020-08-25,0.0047834204046256,5.690496315249966,0.0,0.0,0.0
2020-08-26,0.0114270386558408,5.755521836615247,0.0,0.0,0.0
2020-08-27,-0.0069969855094211,5.7152505337252935,-0.006996985509421072,0.0,0.0
2020-08-28,0.0024206704011886,5.72908527152766,-0.004593252503952594,0.0,0.0
2020-08-31,0.003677092586218,5.750151648505406,-0.0009330497324634424,0.0,0.0
2020-09-01,0.0068506859132923216,5.789544131403117,0.0,0.4104759742875579,0.00020523798714377898
2020-09-02,0.0196387989120488,5.903243824392175,0.0,0.0,0.0
2020-09-03,-0.0435391755112965,5.646221455435986,-0.0435391755112966,0.0,0.0
2020-09-04,-0.0163979179929114,5.55363517903993,-0.05922314167469467,0.0,0.0
2020-09-08,-0.0247973149833472,5.415919938202679,-0.08255188175963124,0.0,0.0
2020-09-09,0.0274283539581621,5.5644697072767695,-0.057387790034284625,0.0,0.0
2020-09-10,-0.0157764258328419,5.476682263640822,-0.07225884165393981,0.0,0.0
2020-09-11,0.0004846814416461,5.479336709895802,-0.07180918273183823,0.0,0.0
2020-09-14,0.0116041745617325,5.542919889559942,-0.06103829446166131,0.0,0.0
2020-09-15,0.0104761118421061,5.600988138254807,-0.05120162661898686,0.0,0.0
2020-09-16,-0.010182620269963,5.543955402906391,-0.060862880167884215,0.0,0.0
2020-09-17,-0.0081834418770239,5.498586766097894,-0.06854825420258603,0.0,0.0
2020-09-18,-0.0077718012368071,5.455852842668444,-0.07578731203260036,0.0,0.0
2020-09-21,-0.0026229424766477,5.441542454501069,-0.07821146874932694,0.0,0.0
2020-09-22,0.0139803818545199,5.517617295892575,-0.06532451309332554,0.0,0.0
2020-09-23,-0.0209058806089453,5.402266647458793,-0.08486472723070426,0.0,0.0
2020-09-24,0.00440098936052,5.426041965496951,-0.08083722663181003,0.0,0.0
2020-09-25,0.0161699022752416,5.5137805338203965,-0.06597445441140648,0.0,0.0
2020-09-28,0.0149093542252822,5.595987440919591,-0.052048736696763576,0.0,0.0
2020-09-29,-0.0001993579192763,5.594871836507073,-0.052237718288191015,0.0,0.0
2020-09-30,0.0053107587294493,5.624584850952952,-0.04720438147714734,0.0,0.0
2020-10-01,0.00792356293522952,5.669151603004016,-0.0396548454293707,0.5761892903453601,0.00028809464517268006
2020-10-02,-0.0090290870864004,5.6179643394744865,-0.04832588546299155,0.0,0.0
2020-10-05,0.0220144934897837,5.7416409788516845,-0.02737526186412087,0.0,0.0
2020-10-06,-0.0130358267623163,5.666793941719957,-0.04005422945520354,0.0,0.0
2020-10-07,0.0208057029214838,5.784695572988647,-0.020081882932513673,0.0,0.0
2020-10-08,0.006886263039029,5.824530508304953,-0.01333390902167697,0.0,0.0
2020-10-09,0.0124772536706238,5.897204652969361,-0.0010230259163377386,0.0,0.0
2020-10-12,0.0110038776088059,5.962096771204717,0.0,0.0,0.0
2020-10-13,0.0018198810820422,5.9729470783279375,0.0,0.0,0.0
2020-10-14,-0.0059110894089328,5.937640454113117,-0.0059110894089328125,0.0,0.0
2020-10-15,-0.0010472927593866,5.931422006257683,-0.006952191527181406,0.0,0.0
2020-10-16,0.001441285942735,5.939970881415731,-0.005520925680365774,0.0,0.0
2020-10-19,-0.0135568980419137,5.859443301804442,-0.019002977095733842,0.0,0.0
2020-10-20,0.0030827722988897,5.877506631302159,-0.01597878664823127,0.0,0.0
2020-10-21,-0.0069513313677295,5.836650135091951,-0.0228190441751146,0.0,0.0
2020-10-22,-3.645910004343271e-05,5.836437336080756,-0.022854671313343622,0.0,0.0
2020-10-23,0.0083501523469457,5.885172477000433,-0.014695358953703663,0.0,0.0
2020-10-26,-0.0163412006576209,5.789001692649061,-0.030796419801926378,0.0,0.0
2020-10-27,-0.0034047098324801,5.769291821665854,-0.03409627676110172,0.0,0.0
2020-10-28,-0.0299900144186223,5.596270676748856,-0.06306374334803722,0.0,0.0
2020-10-29,0.0077980048439978,5.6399104225944665,-0.05575750988014794,0.0,0.0
2020-10-30,-0.011360198504641,5.5758399206454,-0.06648429200442596,0.0,0.0
2020-11-02,0.0176611765066126,5.674315813656535,-0.04999730631382071,0.0,0.0
2020-11-03,0.018973164114517965,5.781975538826645,-0.03197274929727878,0.3927063608232667,0.00019635318041163335
2020-11-04,0.0296989989299493,5.953694424167249,-0.0032233090144970777,0.0,0.0
2020-11-05,0.0236970004729372,6.094779123752463,0.0,0.0,0.0
2020-11-06,0.0054172060281766,6.12779579796206,0.0,0.0,0.0
2020-11-09,-0.0306445551070114,5.9400122219468985,-0.030644555107011473,0.0,0.0
2020-11-10,-0.0096868845129887,5.882472009547158,-0.0400345893537265,0.0,0.0
2020-11-11,0.0184892038881712,5.991234233898135,-0.02228559315069567,0.0,0.0
2020-11-12,-0.0082642927524452,5.941720920240729,-0.03036571123718157,0.0,0.0
2020-11-13,0.0099838037835858,6.001041896045239,-0.02068507275633691,0.0,0.0
2020-11-16,0.0054946788318144,6.03401569392027,-0.015304051755931303,0.0,0.0
2020-11-17,-0.0036560861818402,6.011954812520721,-0.018904185005620522,0.0,0.0
2020-11-18,-0.0113300657996768,5.943838968910178,-0.030020065145294317,0.0,0.0
2020-11-19,0.0080688810883632,5.991799098758693,-0.02219341239285355,0.0,0.0
2020-11-20,-0.0009458416374272,5.986131805687989,-0.02311826257676286,0.0,0.0
2020-11-23,0.0039556909639025,6.009811093180478,-0.019254020315236486,0.0,0.0
2020-11-24,-0.0017040731007104,5.999569935756238,-0.02092528315784714,0.0,0.0
2020-11-25,0.002304560108762,6.013396305299909,-0.018668946621915317,0.0,0.0
2020-11-27,0.0110695708598556,6.079962021809821,-0.007806032989569833,0.0,0.0
2020-11-30,0.0045701374055526,6.107748283670033,-0.0032715702273717895,0.0,0.0
2020-12-01,0.006064834666041383,6.144790767192291,0.0,0.3373586085970338,0.0001686793042985169
2020-12-02,-0.0069484233932321,6.102094159279015,-0.006948423393232095,0.0,0.0
2020-12-03,-0.0020738224634548,6.089439499337386,-0.009007836060168417,0.0,0.0
2020-12-04,0.0075940033309029,6.135682723178687,-0.0014822382663104428,0.0,0.0
2020-12-07,0.0040964397883555,6.160817178014642,0.0,0.0,0.0
2020-12-08,0.004491139781515,6.188486269129465,0.0,0.0,0.0
2020-12-09,-0.0130234011161634,6.107891130144722,-0.013023401116163402,0.0,0.0
2020-12-10,0.0002397088745683,6.109355245853514,-0.012786814066419794,0.0,0.0
2020-12-11,-0.0015612969364583,6.099816728224427,-0.014328146989249224,0.0,0.0
2020-12-14,0.0026541648420655,6.116006647327524,-0.011712011411174506,0.0,0.0
2020-12-15,0.0123797156357992,6.191721070448096,0.0,0.0,0.0
2020-12-16,0.0024793560143344,6.207072551323192,0.0,0.0,0.0
2020-12-17,0.01007715737129,6.269622198237889,0.0,0.0,0.0
2020-12-18,0.0041201448520447,6.295453949862225,0.0,0.0,0.0
2020-12-21,-0.0038105903060634,6.2714645540686105,-0.003810590306063455,0.0,0.0
2020-12-22,0.0041919954525344,6.297754504959997,0.0,0.0,0.0
2020-12-23,-0.0040357705847141,6.272338212579129,-0.004035770584714049,0.0,0.0
2020-12-24,0.0039786882935346,6.297293891198607,-7.313936436026403e-05,0.0,0.0
2020-12-28,-0.0018593297951701,6.285585145037759,-0.0019323331693309465,0.0,0.0
2020-12-29,-0.0039971804525325,6.260460526963286,-0.005921789737491245,0.0,0.0
2020-12-30,0.0037953458562095,6.284221139882258,-0.0021489191214233427,0.0,0.0
2020-12-31,0.0059094126257284,6.321357195629148,0.0,0.0,0.0
2021-01-04,-0.011443269535142823,6.249020201411649,-0.011443269535142853,0.3709152873944477,0.00018545764369722384
2021-01-05,0.0107405477706236,6.316138101404502,-0.0008256287476137159,0.0,0.0
2021-01-06,0.0081411260424119,6.367558577789316,0.0,0.0,0.0
2021-01-07,0.0225742157467375,6.511301218904321,0.0,0.0,0.0
2021-01-08,0.0077247946160059,6.561599683503306,0.0,0.0,0.0
2021-01-11,-0.0037166270982323,6.537212664311845,-0.0037166270982322835,0.0,0.0
2021-01-12,0.0024409830031557,6.553169889313445,-0.0012847163186523458,0.0,0.0
2021-01-13,-0.0043310330444789,6.524787893976744,-0.005610185214302454,0.0,0.0
2021-01-14,-0.0007462373036644,6.5199188538517605,-0.006352235988479449,0.0,0.0
2021-01-15,-0.0067053679368413,6.476200399018336,-0.013015009845796288,0.0,0.0
2021-01-19,0.0133841020831848,6.56287852626996,0.0,0.0,0.0
2021-01-20,0.0110540370459912,6.635424828627689,0.0,0.0,0.0
2021-01-21,-0.0017266959481541,6.623967467461816,-0.001726695948154111,0.0,0.0
2021-01-22,-0.0037748203196881,6.598963180468688,-0.005494998300891174,0.0,0.0
2021-01-25,-0.0003598620125813,6.596588464297615,-0.005852882872324772,0.0,0.0
2021-01-26,-0.0096728117772859,6.532780905710249,-0.015469080815232128,0.0,0.0
2021-01-27,-0.0326944056713391,6.31919551661698,-0.04765773408303531,0.0,0.0
2021-01-28,0.0159254823730189,6.419831753428523,-0.032491224114093886,0.0,0.0
2021-01-29,-0.0143532517605228,6.327686292011365,-0.04637812115489959,0.0,0.0
2021-02-01,0.0217406373365076,6.465254224865175,-0.02564577373076915,0.0,0.0
2021-02-02,0.016948817543737917,6.574832639096297,-0.009131621726761963,0.37931850333036604,0.00018965925166518303
2021-02-03,-0.0093872476241519,6.513113057025744,-0.018433148556554535,0.0,0.0
2021-02-04,0.0117440584455295,6.589603437429796,-0.006905570085008361,0.0,0.0
2021-02-05,0.0073603547929122,6.638105256673873,0.0,0.0,0.0
2021-02-08,0.0116669773468506,6.715551880329496,0.0,0.0,0.0
2021-02-09,-0.0007932693160516,6.710224639082478,-0.0007932693160516147,0.0,0.0
2021-02-10,-0.001859957779538,6.697743904562569,-0.0026517516481540104,0.0,0.0
2021-02-11,0.0079142677872093,6.750751643393426,0.0,0.0,0.0
2021-02-12,0.0103599590339457,6.820689153867322,0.0,0.0,0.0
2021-02-16,-0.0040265917511192,6.793225023183412,-0.004026591751119191,0.0,0.0
2021-02-17,-0.0060745217165013,6.751959430255005,-0.010076653848584693,0.0,0.0
2021-02-18,-0.0066947055394319,6.706757050055258,-0.01670389915767745,0.0,0.0
2021-02-19,0.0070755166394995,6.754210821160005,-0.009746571234612533,0.0,0.0
2021-02-22,-0.0222721899840153,6.603779754559038,-0.03180168373239778,0.0,0.0
2021-02-23,-0.0031044943651151,6.583278357522548,-0.03480744994956442,0.0,0.0
2021-02-24,0.0121541331280414,6.6632923990988315,-0.023076371202057633,0.0,0.0
2021-02-25,-0.0309903754061641,6.456794466209719,-0.05335160120165794,0.0,0.0
2021-02-26,0.0065048842282016,6.498795166697707,-0.0471937629626622,0.0,0.0
2021-03-01,0.0260558103298619,6.668126540933804,-0.02236762436930806,0.0,0.0
2021-03-02,-0.015697936344741842,6.563450714955542,-0.03771443517051731,0.5255604776102836,0.0002627802388051418
2021-03-03,-0.0267243301352069,6.388046891222911,-0.0634308722893645,0.0,0.0
2021-03-04,-0.0285481354210078,6.205680063496532,-0.09016817457838278,0.0,0.0
2021-03-05,0.0180742503792254,6.317843078737536,-0.07372364636272466,0.0,0.0
2021-03-08,-0.0220771159654821,6.178363324436529,-0.09417315683805871,0.0,0.0
2021-03-09,0.0310760322386708,6.3703623422889395,-0.06602365265730492,0.0,0.0
2021-03-10,0.0017010320186913,6.381198532603838,-0.06443492898577463,0.0,0.0
2021-03-11,0.0233171544468125,6.529989924344335,-0.042620213729892886,0.0,0.0
2021-03-12,-0.0026295871534251,6.512818746727284,-0.04513772731681753,0.0,0.0
2021-03-15,0.0116085787752643,6.588423316197685,-0.03405313340484706,0.0,0.0
2021-03-16,-0.0036547795492753,6.5643440813996765,-0.03758345625856563,0.0,0.0
2021-03-17,0.0045001329173635,6.593884502281283,-0.033252453889859646,0.0,0.0
2021-03-18,-0.0202502653396575,6.460356591491032,-0.052829348215052696,0.0,0.0
2021-03-19,0.0060034416265496,6.499140965174743,-0.04714306449668082,0.0,0.0
2021-03-22,0.0111461988539145,6.571581682752203,-0.03652233161422924,0.0,0.0
2021-03-23,-0.0155735443031625,6.46923886427401,-0.05152709376794273,0.0,0.0
2021-03-24,-0.0107166003671523,6.399910616685935,-0.06169149886310332,0.0,0.0
2021-03-25,0.0047122329378322,6.430068486293065,-0.05726997063819805,0.0,0.0
2021-03-26,0.0281232544607062,6.610902938532853,-0.03075733413470705,0.0,0.0
2021-03-29,-0.0087183062104097,6.553267062387426,-0.039207488487914555,0.0,0.0
2021-03-30,-1.332162641122701e-05,6.5531797622118475,-0.03922028780681164,0.0,0.0
2021-03-31,0.0127625874096099,6.636815291737964,-0.026958252748566003,0.0,0.0
2021-04-01,0.016315897726890717,6.745100891270225,-0.011082203116416611,0.6048991426559621,0.00030244957132798106
2021-04-05,0.0120751356847641,6.826548899739736,0.0,0.0,0.0
2021-04-06,0.0016702269365207,6.837950785595558,0.0,0.0,0.0
2021-04-07,-0.0076488939068156,6.785648025496511,-0.007648893906815557,0.0,0.0
2021-04-08,0.0097253161731801,6.851640597984379,0.0,0.0,0.0
2021-04-09,0.0060844780037128,6.893329254492161,0.0,0.0,0.0
2021-04-12,-0.0011838684204326,6.885168459676124,-0.00118386842043261,0.0,0.0
2021-04-13,0.0011228406079838,6.892899406415457,-6.235710798585536e-05,0.0,0.0
2021-04-14,-0.0023305984409204,6.876834825805443,-0.0023928102195276413,0.0,0.0
2021-04-15,0.0108015251245858,6.951115129954008,0.0,0.0,0.0
2021-04-16,0.0020519327624302,6.965378350824585,0.0,0.0,0.0
2021-04-19,-0.0113702942132517,6.886179949669095,-0.011370294213251753,0.0,0.0
2021-04-20,-0.015105416552085,6.782161333076727,-0.026303957734925887,0.0,0.0
2021-04-21,0.0179482384217509,6.9038891816975685,-0.008827829018037026,0.0,0.0
2021-04-22,-0.0082474137827547,6.846949950905825,-0.01700243604207663,0.0,0.0
2021-04-23,0.0174205130840353,6.966227332111314,0.0,0.0,0.0
2021-04-26,0.0082760837252993,7.023880412761336,0.0,0.0,0.0
2021-04-27,0.0008548301325075,7.029884637385294,0.0,0.0,0.0
2021-04-28,-0.0052364726443558,6.993072838788649,-0.005236472644355783,0.0,0.0
2021-04-29,0.0011021386613063,7.00078017472561,-0.004140105301999597,0.0,0.0
2021-04-30,-0.014546933993549,6.89894028762053,-0.018626813456994018,0.0,0.0
2021-05-03,0.008145082097208043,6.955132722646934,-0.010633448284602776,0.9381944532491102,0.00046909722662455514
2021-05-04,-0.0050909512004837,6.919724481363051,-0.01567026511877667,0.0,0.0
2021-05-05,0.0141412813786151,7.017578252316497,-0.0017505813684838278,0.0,0.0
2021-05-06,-0.0014200953823142,7.007612621845353,-0.0031681907582803426,0.0,0.0
2021-05-07,0.0192060249133345,7.142201004443512,0.0,0.0,0.0
2021-05-10,-0.0149305280174665,7.03556417224029,-0.014930528017466638,0.0,0.0
2021-05-11,-0.0114278954289457,6.955162480596291,-0.026187798933529738,0.0,0.0
2021-05-12,-0.0346676814532776,6.714043123263191,-0.05994761011541727,0.0,0.0
2021-05-13,0.0141324289126551,6.8089288604192095,-0.046662386541201806,0.0,0.0
2021-05-14,0.02726955694334,6.994605333701563,-0.0206652922047591,0.0,0.0
2021-05-17,0.0025659056080306,7.012552830753268,-0.018152411785888334,0.0,0.0
2021-05-18,-0.0125330140872762,6.924664407337668,-0.030457921440534053,0.0,0.0
2021-05-19,-0.0080889983939548,6.868650808068038,-0.03830054575687314,0.0,0.0
2021-05-20,0.0091882950890376,6.931761998556124,-0.029464167384320894,0.0,0.0
2021-05-21,0.000788407173898,6.937227049443539,-0.028698989971361555,0.0,0.0
2021-05-24,0.0100230145294316,7.006758976954077,-0.018963625835393016,0.0,0.0
2021-05-25,-0.0042625835283059,6.976892081552103,-0.023145375324576056,0.0,0.0
2021-05-26,0.0122051790240678,7.062046298439047,-0.01122268974992402,0.0,0.0
2021-05-27,0.0143866366939945,7.163645392850858,0.0,0.0,0.0
2021-05-28,-0.0019608251943478,7.149598736481183,-0.001960825194347815,0.0,0.0
2021-06-01,0.0125998754570268,7.239682790128563,0.0,0.0,0.0
2021-06-02,-0.005149624942050291,7.202401139059984,-0.0051496249420504014,0.5379810164913825,0.0002689905082456913
2021-06-03,-0.0048397213898852,7.1675435242087415,-0.009964423581953707,0.0,0.0
2021-06-04,0.0052177943278526,7.204942292153995,-0.004798621566947214,0.0,0.0
2021-06-07,-0.001261610253268,7.19585246308401,-0.006054177830044805,0.0,0.0
2021-06-08,0.0063109239485662,7.241264940723635,0.0,0.0,0.0
2021-06-09,-0.0130445750267573,7.146805716915739,-0.013044575026757266,0.0,0.0
2021-06-10,-0.0066486776214197,7.0992889096810465,-0.019606523474115622,0.0,0.0
2021-06-11,0.0068645744453043,7.148022506910275,-0.012876539468813064,0.0,0.0
2021-06-14,-0.0110107978136822,7.069317076319036,-0.02374555630986419,0.0,0.0
2021-06-15,0.0008514767843688,7.075336435690864,-0.02291429831542524,0.0,0.0
2021-06-16,-0.004847550042643,7.041038388250317,-0.02765077015029216,0.0,0.0
2021-06-17,-0.0171949144202654,6.9199683357345485,-0.044370231944169,0.0,0.0
2021-06-18,-0.016447067255668,6.806155151109629,-0.06008753901090169,0.0,0.0
2021-06-21,0.0232579659893335,6.964452476132264,-0.03822708696026644,0.0,0.0
2021-06-22,0.0027177630850864,6.983380207979734,-0.03561321604097112,0.0,0.0
2021-06-23,0.0049100442239761,7.017668913633753,-0.030878034282714406,0.0,0.0
2021-06-24,0.0102326004397617,7.089477915645504,-0.02096139643013295,0.0,0.0
2021-06-25,0.003834941571029,7.116665649221106,-0.0172068405896606,0.0,0.0
2021-06-28,-0.0029736258551347,7.0955033482442325,-0.020129299738732676,0.0,0.0
2021-06-29,0.0021969313005171,7.111091681642914,-0.017976591126869224,0.0,0.0
2021-06-30,0.0051843676303229,7.147958195173482,-0.012885420753687926,0.0,0.0
2021-07-01,0.0074786138328046745,7.201415014208216,-0.005503172006773305,0.45246594963665165,0.00022623297481832582
2021-07-02,-0.0027187594348212,7.181836099194274,-0.008206969640779715,0.0,0.0
2021-07-06,-0.0188305562234198,7.04659813074101,-0.026882984060954906,0.0,0.0
2021-07-07,-0.0038350121937785,7.0195743409849625,-0.03061489968305431,0.0,0.0
2021-07-08,-0.012516374446644,6.9317147200771405,-0.04274808658161877,0.0,0.0
2021-07-09,0.0272851683198148,7.1208477229593825,-0.016629306999533577,0.0,0.0
2021-07-12,0.0075300559643989,7.17446810482723,-0.009224470647490213,0.0,0.0
2021-07-13,-0.0165302651435587,7.0558722447904305,-0.025602252845436935,0.0,0.0
2021-07-14,-0.0095606740966267,6.988413349790555,-0.034918152146468984,0.0,0.0
2021-07-15,-0.0069102825935775,6.940121438662773,-0.041587140441068815,0.0,0.0
2021-07-16,-0.0221160550656054,6.786633330763318,-0.06278345201865854,0.0,0.0
2021-07-19,-0.0252136824734017,6.615517312898048,-0.08641413246827778,0.0,0.0
2021-07-20,0.0342758967961061,6.842270101567794,-0.05510015755837938,0.0,0.0
2021-07-21,0.0236850718640313,7.004329760636541,-0.032720136885837636,0.0,0.0
2021-07-22,-0.0095916896455536,6.9371464033974,-0.04199798513322228,0.0,0.0
2021-07-23,0.0040426946119721,6.965191167784876,-0.038125075549462095,0.0,0.0
2021-07-26,0.0107835926074776,7.040300951771468,-0.02775260822483927,0.0,0.0
2021-07-27,-0.0089976067479259,6.97695509242038,-0.03650050791772885,0.0,0.0
2021-07-28,0.0040860785854288,7.005463479215018,-0.032563573276059854,0.0,0.0
2021-07-29,0.0109827341092322,7.082402621919172,-0.021938476233765214,0.0,0.0
2021-07-30,-0.0075087013904852,7.029222975503992,-0.029282448157248786,0.0,0.0
2021-08-02,-0.0031775424001035,7.006887321459547,-0.03236694433675369,0.0,0.0
2021-08-03,0.016371941660924566,7.121603671911154,-0.016524912400253,0.49021165636366587,0.0002451058281818329
2021-08-04,-0.0088803187845921,7.058361561047061,-0.025258484694843375,0.0,0.0
2021-08-05,0.012650422485547,7.1476528168500515,-0.012927592712030922,0.0,0.0
2021-08-06,0.0086769028694286,7.209672306086258,-0.004362861308899957,0.0,0.0
2021-08-09,-0.0004473177646226,7.206447291586638,-0.0048082274881544596,0.0,0.0
2021-08-10,0.0094827636305427,7.274784327868719,0.0,0.0,0.0
2021-08-11,0.0082178122786328,7.334567139842684,0.0,0.0,0.0
2021-08-12,0.001528183060383,7.345775701101034,0.0,0.0,0.0
2021-08-13,-0.0076370956428988,7.289675309500443,-0.007637095642898828,0.0,0.0
2021-08-16,-0.0083283850863202,7.228964086368683,-0.015901876055763875,0.0,0.0
2021-08-17,-0.0193477386864125,7.089099978252161,-0.034941949399625805,0.0,0.0
2021-08-18,-0.0088574822794045,7.026308400817865,-0.04348993398141532,0.0,0.0
2021-08-19,-0.0121667492721378,6.940821068196399,-0.05512755213093934,0.0,0.0
2021-08-20,0.0109063634251865,7.01652018523534,-0.04482242982403384,0.0,0.0
2021-08-23,0.0173629962233598,7.138347998712709,-0.02823768528043047,0.0,0.0
2021-08-24,0.0128832063075736,7.2303128086753805,-0.015718270897972952,0.0,0.0
2021-08-25,0.0123059230331132,7.319288481604273,-0.003605775696743696,0.0,0.0
2021-08-26,-0.0088922709540178,7.254203385235226,-0.012465983116266677,0.0,0.0
2021-08-27,0.0176581100100027,7.382298906646644,0.0,0.0,0.0
2021-08-30,-0.0076092721304731,7.326124985317475,-0.0076092721304731326,0.0,0.0
2021-08-31,-0.0031645249860423,7.302941279750569,-0.01074971738473296,0.0,0.0
2021-09-01,-0.002770740684202292,7.282706723232424,-0.013490673389633612,0.47112295583278396,0.00023556147791639197
2021-09-02,0.0070379801166227,7.333962268345728,-0.0065476403640870595,0.0,0.0
2021-09-03,-0.0037889805317405,7.306174028090447,-0.010311812013959254,0.0,0.0
2021-09-07,-0.0047363943448321,7.27156910674144,-0.014999365550683375,0.0,0.0
2021-09-08,-0.0085810708040145,7.209171257380207,-0.023451725736892248,0.0,0.0
2021-09-09,0.0069536393392264,7.259301234238747,-0.016661161240322464,0.0,0.0
2021-09-10,-0.0065403641478314,7.211822760708023,-0.02309255532651655,0.0,0.0
2021-09-13,0.0039241435051436,7.2401229881547025,-0.019259030322374637,0.0,0.0
2021-09-14,-0.0087209579250191,7.176982180203042,-0.027812031054275654,0.0,0.0
2021-09-15,0.0154824637288658,7.288099546490751,-0.0127601660874338,0.0,0.0
2021-09-16,-0.0007852235453177,7.282376759126227,-0.013535370049897577,0.0,0.0
2021-09-17,-0.0084974839779375,7.220494879294248,-0.021917837437700594,0.0,0.0
2021-09-20,-0.0226051688039678,7.057274373699616,-0.04402754982657131,0.0,0.0
2021-09-21,-0.0036583341362127,7.031456505949691,-0.04752481647431961,0.0,0.0
2021-09-22,0.0221117684079677,7.186934443779949,-0.026463905801863197,0.0,0.0
2021-09-23,0.0255473840500382,7.370541818157643,-0.0015926053168092702,0.0,0.0
2021-09-24,0.0005528780362634,7.374616828844263,-0.001040607797045956,0.0,0.0
2021-09-27,0.0068425739822602,7.425078190086451,0.0,0.0,0.0
2021-09-28,-0.0180552705122043,7.291016394790171,-0.018055270512204347,0.0,0.0
2021-09-29,-0.0055709666461794,7.250398385638048,-0.02352565184857247,0.0,0.0
2021-09-30,-0.019221773758827,7.11103286820795,-0.04229522085003723,0.0,0.0
2021-10-01,0.01594784732659771,7.224438534724548,-0.027021891248200647,0.49755239551718666,0.00024877619775859333
2021-10-04,-0.0096589233558525,7.154658236628577,-0.036419812227556525,0.0,0.0
2021-10-05,0.0112584474476508,7.235208580391561,-0.025571395321923096,0.0,0.0
2021-10-06,-0.0059114787875552,7.192437798345039,-0.03133170934846452,0.0,0.0
2021-10-07,0.0128901450921708,7.28514936513212,-0.018845434535781247,0.0,0.0
2021-10-08,-0.0059632146170683,7.241706455950438,-0.024696269782160662,0.0,0.0
2021-10-11,-0.0058998157464516,7.1989817221704415,-0.03045038208727291,0.0,0.0
2021-10-12,0.0036046310967245,7.224931395550929,-0.026955513384727237,0.0,0.0
2021-10-13,0.0006519304502543,7.229641548328687,-0.026321156054450623,0.0,0.0
2021-10-14,0.0185453389851277,7.363717701583407,-0.00826395183083306,0.0,0.0
2021-10-15,0.0036189136255498,7.390366359908369,-0.004674944733164765,0.0,0.0
2021-10-18,0.0081968652023431,7.45094419675647,0.0,0.0,0.0
2021-10-19,0.0038836500560357,7.479881056603722,0.0,0.0,0.0
2021-10-20,0.0082863933831127,7.541862293497634,0.0,0.0,0.0
2021-10-21,0.0017992904783836,7.555432294511605,0.0,0.0,0.0
2021-10-22,0.0037939348288282,7.584097112240607,0.0,0.0,0.0
2021-10-25,0.0065363896562056,7.6336697261567155,0.0,0.0,0.0
2021-10-26,-0.004568127442147,7.598798149996372,-0.004568127442146963,0.0,0.0
2021-10-27,-0.0135226011654436,7.496042633277261,-0.018028955642117483,0.0,0.0
2021-10-28,0.0182000074295192,7.6324706648949,-0.0001570753392312607,0.0,0.0
2021-10-29,-0.0016629886097761,7.619777953114729,-0.0018198027345073253,0.0,0.0
2021-11-01,0.0098059554955192,7.694497156608711,0.0,0.0,0.0
2021-11-02,0.001534783608661054,7.706306544721563,0.0,0.48514518165609216,0.0002425725908280461
2021-11-03,0.0064629693918818,7.756112168044557,0.0,0.0,0.0
2021-11-04,-0.0026175073290178,7.735810487600016,-0.0026175073290177764,0.0,0.0
2021-11-05,0.0077122688023496,7.795471137484423,0.0,0.0,0.0
2021-11-08,0.0050197939460443,7.834602796306931,0.0,0.0,0.0
2021-11-09,-0.002987011796218,7.81120074533568,-0.0029870117962179643,0.0,0.0
2021-11-10,-0.0139375975445119,7.7023313730078,-0.016882977572453495,0.0,0.0
2021-11-11,0.0107319428310623,7.784992352968818,-0.0063322218915167205,0.0,0.0
2021-11-12,0.0036828343257405,7.813663190031958,-0.002672708089916598,0.0,0.0
2021-11-15,0.0007236275122704,7.819317371687879,-0.0019510146227523784,0.0,0.0
2021-11-16,0.0015673511228247,7.831572987550117,-0.0003867214248873818,0.0,0.0
2021-11-17,-0.0099470305771905,7.7536720915754564,-0.010329905272239648,0.0,0.0
2021-11-18,-3.971099083404124e-05,7.753364185574098,-0.010369206052300073,0.0,0.0
2021-11-19,-0.0120095142879253,7.660250047607957,-0.022254191211985908,0.0,0.0
2021-11-22,0.0050278156424236,7.698764372622196,-0.01733826554024742,0.0,0.0
2021-11-23,0.0087491797619708,7.766122246063324,-0.00874078138024914,0.0,0.0
2021-11-24,0.0025939144801988,7.786266903012381,-0.006169539739440899,0.0,0.0
2021-11-26,-0.0352867891528576,7.511514544517909,-0.041238625644342664,0.0,0.0
2021-11-29,0.0116679407132638,7.599158450890163,-0.030051854770193565,0.0,0.0
2021-11-30,-0.0287781955816944,7.3804683827341595,-0.05796521219771866,0.0,0.0
2021-12-01,-0.01950131419476675,7.236539549897919,-0.07633612857705141,0.44443240929250005,0.00022221620464625005
2021-12-02,0.0269242654350273,7.431378061570443,-0.05146715733011509,0.0,0.0
2021-12-03,-0.0179810015293674,7.297754441280037,-0.0685227278248175,0.0,0.0
2021-12-06,0.010447021787539,7.373994240928199,-0.05879156446780598,0.0,0.0
2021-12-07,0.0280316394627025,7.5806993888899425,-0.03240794894371324,0.0,0.0
2021-12-08,0.0016413059249726,7.593141635712365,-0.030819834377358135,0.0,0.0
2021-12-09,-0.013242070681037,7.492592717481137,-0.04365378663319219,0.0,0.0
2021-12-10,0.0045756970010212,7.526876551508388,-0.03927783613275182,0.0,0.0
2021-12-13,-0.0188088205761581,7.385304880952176,-0.057347886936469195,0.0,0.0
2021-12-14,-0.0046496853230025,7.350965537241314,-0.061730922631277885,0.0,0.0
2021-12-15,0.0117579268733131,7.437397652476442,-0.05069882343208565,0.0,0.0
2021-12-16,-0.0049612892876227,7.40049857117542,-0.05540858119011971,0.0,0.0
2021-12-17,-0.009348692599953,7.331313584947109,-0.06423927599712675,0.0,0.0
2021-12-20,-0.0222414431584622,7.168254590570646,-0.08505194494995816,0.0,0.0
2021-12-21,0.031975712221818,7.397464636491459,-0.055795829243765804,0.0,0.0
2021-12-22,0.0090285224107204,7.464252811744535,-0.04727106072779741,0.0,0.0
2021-12-23,0.0077843733285725,7.522357342250001,-0.03985466298356766,0.0,0.0
2021-12-27,0.0182558545495843,7.659684403760115,-0.022326389364534127,0.0,0.0
2021-12-28,-0.0035979687192219,7.632125098876274,-0.02584402843320932,0.0,0.0
2021-12-29,0.0011074248509908,7.64057710387664,-0.02476522390155511,0.0,0.0
2021-12-30,-0.0037265564766975,7.612104061784482,-0.02839949137272535,0.0,0.0
2021-12-31,0.0003808588016019,7.615003198615122,-0.028029448767373788,0.0,0.0
2022-01-03,-0.0008848795629690801,7.608264837912723,-0.028889525643967406,0.5900039288695602,0.0002950019644347801
2022-01-04,0.008906154639918,7.676025221100625,-0.020240665586908402,0.0,0.0
2022-01-05,-0.0279738022719444,7.4612976093310985,-0.04764825948187201,0.0,0.0
2022-01-06,0.0065562395999444,7.510215664184365,-0.04140441328761113,0.0,0.0
2022-01-07,-0.0100456270353024,7.434770838667283,-0.05103410702941069,0.0,0.0
2022-01-10,-0.0017067405518409,7.422081613783285,-0.05265374560125746,0.0,0.0
2022-01-11,0.0129039598213197,7.5178558567181,-0.04042922759761847,0.0,0.0
2022-01-12,0.0047537600183892,7.553593939313779,-0.035867658424957205,0.0,0.0
2022-01-13,-0.0156680145082053,7.435244119883519,-0.05097369794058493,0.0,0.0
2022-01-14,0.0001350700324416,7.4362483985480035,-0.05084551292717776,0.0,0.0
2022-01-18,-0.0221207735332796,7.27175283178651,-0.07184154438381185,0.0,0.0
2022-01-19,-0.0169537599091459,7.14846928015775,-0.08757731999797236,0.0,0.0
2022-01-20,-0.0163056884562295,7.03190856713657,-0.1024549999584834,0.0,0.0
2022-01-21,-0.0208708341688397,6.88514676954142,-0.1211875128134211,0.0,0.0
2022-01-24,0.012022995713624,6.967926859639288,-0.11062155404689766,0.0,0.0
2022-01-25,-0.0117796817422334,6.885846898829577,-0.12109814908862737,0.0,0.0
2022-01-26,-0.003670609486031,6.860571643883375,-0.12432425455987295,0.0,0.0
2022-01-27,-0.0097694244597975,6.793547807457428,-0.13287910260622715,0.0,0.0
2022-01-28,0.0226033660751798,6.947104855498624,-0.11327925153099716,0.0,0.0
2022-01-31,0.0233310284759431,7.1091879567076255,-0.09259114449825723,0.0,0.0
2022-02-01,0.012575262399754658,7.198587860712399,-0.08118024003646185,0.48171590755688587,0.00024085795377844294
2022-02-02,0.0167485998509485,7.319154128283366,-0.06579129554168806,0.0,0.0
2022-02-03,-0.0202420727004402,7.1709992783129275,-0.08470161605471715,0.0,0.0
2022-02-04,-0.0010775121475342,7.163272439480586,-0.08568786118203664,0.0,0.0
2022-02-07,-0.0015503119136743,7.152167132876765,-0.08710533018366318,0.0,0.0
2022-02-08,0.006883788376338,7.201401137851689,-0.08082115646676058,0.0,0.0
2022-02-09,0.021438265435684,7.35578668695379,-0.0611155564362299,0.0,0.0
2022-02-10,-0.0182981996286734,7.221189033729972,-0.07829545141281569,0.0,0.0
2022-02-11,-0.0171006772604115,7.097701810627732,-0.09405722342765854,0.0,0.0
2022-02-14,-0.0133456286131602,7.002978518256139,-0.1061475992685682,0.0,0.0
2022-02-15,0.0167576781360982,7.120332178259086,-0.09116870843593206,0.0,0.0
2022-02-16,0.0054751261261249,7.159316894994961,-0.08619274248724973,0.0,0.0
2022-02-17,-0.0239211569462202,6.988057751922061,-0.1080520693128072,0.0,0.0
2022-02-18,-0.0053635175089024,6.9505771818164055,-0.11283604765607735,0.0,0.0
2022-02-22,-0.0152581836777453,6.844523998509906,-0.12637255819321536,0.0,0.0
2022-02-23,-0.0186475361634704,6.716890489725952,-0.14266355750770743,0.0,0.0
2022-02-24,0.0223839783163523,6.867241220801289,-0.12347295716914153,0.0,0.0
2022-02-25,0.0274118590486746,7.0554850691991415,-0.09944572141871055,0.0,0.0
2022-02-28,-0.0055099016270889,7.01661004053646,-0.10440768690354729,0.0,0.0
2022-03-01,-0.021589646534649024,6.865123909889809,-0.12374320838244846,0.6750526268010459,0.000337526313400523
2022-03-02,0.0286519330186988,7.06182298032104,-0.09863675748184242,0.0,0.0
2022-03-03,1.937736550525668e-06,7.061836664273542,-0.09863501087734206,0.0,0.0
2022-03-04,-0.0046977821178305,7.028661694273079,-0.1028694272048809,0.0,0.0
2022-03-07,-0.0280036626210583,6.831833423509099,-0.12799236909247225,0.0,0.0
2022-03-08,-0.0014251204619738,6.82209723790446,-0.1292350850102758,0.0,0.0
2022-03-09,0.0212809727715378,6.967278103469088,-0.11070436056396915,0.0,0.0
2022-03-10,0.0058348045022573,7.007930809115688,-0.10551549436314989,0.0,0.0
2022-03-11,-0.0087962013875888,6.9462876384084185,-0.11338356021280949,0.0,0.0
2022-03-14,-0.0070554169317675,6.897278682991464,-0.11963900885406742,0.0,0.0
2022-03-15,0.009900909461552,6.965568014762856,-0.11092263438724936,0.0,0.0
2022-03-16,0.0178146264109725,7.089657006686076,-0.09508405326840652,0.0,0.0
2022-03-17,0.0149323273812108,7.195522086130406,-0.0815715520993322,0.0,0.0
2022-03-18,0.0062592552802663,7.240560695742291,-0.07582287398726317,0.0,0.0
2022-03-21,0.0064247456709728,7.287079456727676,-0.06988527099770081,0.0,0.0
2022-03-22,0.0070747526630184,7.338633741519787,-0.06330493934177928,0.0,0.0
2022-03-23,-0.0078109858039797,7.281311777544169,-0.07062145116323848,0.0,0.0
2022-03-24,0.0119287328547682,7.368168600570771,-0.0595351427332127,0.0,0.0
2022-03-25,0.0101570081416348,7.443007149035707,-0.04998283352103239,0.0,0.0
2022-03-28,-0.0047390482857735,7.40773437876507,-0.054485010745289886,0.0,0.0
2022-03-29,0.0122765835994401,7.4986760491484254,-0.04287731693518071,0.0,0.0
2022-03-30,-0.0079410350970973,7.4391287994603745,-0.05047786175362645,0.0,0.0
2022-03-31,-0.0154685323484925,7.324056394981319,-0.06516557566470027,0.0,0.0
2022-04-01,0.001741629724056213,7.336812189299483,-0.06353744024420693,0.7388340683005739,0.0003694170341502869
2022-04-04,-0.0022926308039412,7.319991587671564,-0.06568440315544066,0.0,0.0
2022-04-05,-0.0069997742164416,7.268753299291611,-0.07222440138025243,0.0,0.0
2022-04-06,0.0027888263314825,7.289024589889727,-0.06963699636111464,0.0,0.0
2022-04-07,0.0081619316626935,7.348517110480099,-0.0620434371039158,0.0,0.0
2022-04-08,0.0076136920136115,7.404466456516048,-0.054902124711879496,0.0,0.0
2022-04-11,-0.0142306921621502,7.299095773748401,-0.06835152163820701,0.0,0.0
2022-04-12,0.0007689256735404,7.304708235882466,-0.06763515320447977,0.0,0.0
2022-04-13,0.0093167224383617,7.372764175009398,-0.05894856871560017,0.0,0.0
2022-04-14,-0.0044498205860336,7.33995669720747,-0.06313607874704597,0.0,0.0
2022-04-18,0.0006350454990645,7.34461790367136,-0.06254112753061836,0.0,0.0
2022-04-19,0.0088947971448391,7.4099467900308715,-0.05420262102837348,0.0,0.0
2022-04-20,0.0086814337135335,7.474275751909334,-0.04599174377639759,0.0,0.0
2022-04-21,-0.0216802519318887,7.312231570599533,-0.06667488311642722,0.0,0.0
2022-04-22,-0.0298398050790568,7.094036005839917,-0.09452512267962099,0.0,0.0
2022-04-25,-0.0020602364585345,7.0794206142225296,-0.09639061503416335,0.0,0.0
2022-04-26,-0.0177991428724094,6.953412995256103,-0.11247408757802024,0.0,0.0
2022-04-27,0.0004697858836481,6.95667961052445,-0.11205714043299242,0.0,0.0
2022-04-28,0.0146836151636444,7.058828816742163,-0.09901892919580446,0.0,0.0
2022-04-29,-0.0338607031723784,6.819811909433826,-0.12952678179823696,0.0,0.0
2022-05-02,-0.0020312391371761,6.805959240575204,-0.1312949210669121,0.0,0.0
2022-05-03,0.011692409086422906,6.88553730024153,-0.12113766590857311,0.5166165798905891,0.0002583082899452945
2022-05-04,0.0288584857686055,7.084243480429752,-0.09577502974763219,0.0,0.0
2022-05-05,-0.0282316358606676,6.884243698141951,-0.12130277984392002,0.0,0.0
2022-05-06,-0.0012199738731513,6.8758451006938115,-0.12237476749492116,0.0,0.0
2022-05-09,-0.0467283897835064,6.554547930737579,-0.16338478144325874,0.0,0.0
2022-05-10,0.0048673002836156,6.586450883739831,-0.15931272395270035,0.0,0.0
2022-05-11,-0.0085697522116216,6.5300066317121646,-0.16651720559588878,0.0,0.0
2022-05-12,0.0002599442904185,6.5317040696524735,-0.1663005465023213,0.0,0.0
2022-05-13,0.0293489667059754,6.723402834925988,-0.14183232899882803,0.0,0.0
2022-05-16,0.0007269148390194,6.728290176215401,-0.1412085141844106,0.0,0.0
2022-05-17,0.0162393047765777,6.837552931012216,-0.12726233750672122,0.0,0.0
2022-05-18,-0.0406254431928813,6.55977431283506,-0.16271769183662999,0.0,0.0
2022-05-19,0.0002297070164922,6.561281139021324,-0.16252536221565994,0.0,0.0
2022-05-20,-0.0017769668542655,6.549621959915766,-0.16401352688829085,0.0,0.0
2022-05-23,0.0191346091983577,6.674946416515736,-0.14801725243018482,0.0,0.0
2022-05-24,-0.0039456232081668,6.648609593021462,-0.15137885533195405,0.0,0.0
2022-05-25,0.0099196229901609,6.714561293593001,-0.14296085351536825,0.0,0.0
2022-05-26,0.0186252096394899,6.839621405323375,-0.1269983197428426,0.0,0.0
2022-05-27,0.0253824027875646,7.013227430747742,-0.10483943946033458,0.0,0.0
2022-05-31,-0.0116054926361137,6.931835471444809,-0.11522821875381706,0.0,0.0
2022-06-01,-0.005429648523976131,6.894198041208833,-0.12003221854991619,0.5702181334548623,0.00028510906672743117
2022-06-02,0.010238837010534,6.964786611271113,-0.11102237186112751,0.0,0.0
2022-06-03,-0.0063641783387666,6.92046146718553,-0.11667998402577706,0.0,0.0
2022-06-06,-0.0001285140174077,6.919572090880067,-0.11679350302968661,0.0,0.0
2022-06-07,0.0148006610757063,7.021986332186099,-0.10372146300816709,0.0,0.0
2022-06-08,-0.01383993298654,6.924802511916244,-0.11612589789740813,0.0,0.0
2022-06-09,-0.0220945578041698,6.771802062534251,-0.13565470533792245,0.0,0.0
2022-06-10,-0.0169068310794581,6.657312348959458,-0.15026804522909865,0.0,0.0
2022-06-13,-0.0395999556053148,6.39368307548995,-0.18391739291444376,0.0,0.0
2022-06-14,-0.0020335450665003,6.380681232815021,-0.18557693367393924,0.0,0.0
2022-06-15,0.0029549446408665,6.399535792629005,-0.1831703585987009,0.0,0.0
2022-06-16,-0.0309982765015099,6.201161212647782,-0.20849066967748764,0.0,0.0
2022-06-17,-0.0088909907651332,6.146026745573028,-0.21552797182390182,0.0,0.0
2022-06-21,0.0278550545385479,6.3172246557663385,-0.19367646069509137,0.0,0.0
2022-06-22,-0.0072961553398574,6.2711332033610905,-0.19955952249204356,0.0,0.0
2022-06-23,0.0007998295745587,6.276149041163135,-0.19891930652545886,0.0,0.0
2022-06-24,0.0233770969694229,6.422867185892956,-0.18019236547377204,0.0,0.0
2022-06-27,0.0086868445769835,6.478661634875415,-0.17307082396961826,0.0,0.0
2022-06-28,-0.0067097480254675,6.435191447763137,-0.17861931037568968,0.0,0.0
2022-06-29,-0.0061029717518827,6.395917656139482,-0.18363217352200867,0.0,0.0
2022-06-30,-0.003621034898206,6.37275781510055,-0.18658826991145805,0.0,0.0
2022-07-01,0.008380041193649218,6.426161788108242,-0.17977184610591856,0.652624941306565,0.0003263124706532825
2022-07-05,-0.0210938329858692,6.290609404609713,-0.1970736017944681,0.0,0.0
2022-07-06,0.0030410199514466,6.309739273315889,-0.19463188659798192,0.0,0.0
2022-07-07,0.0161304759928825,6.4115183711854575,-0.18164091557931772,0.0,0.0
2022-07-08,0.0020275991390905,6.424518360315137,-0.17998161140427926,0.0,0.0
2022-07-11,-0.0053321139020077,6.390262096652396,-0.18435404285401258,0.0,0.0
2022-07-12,-0.012032914882348,6.313368616767483,-0.1941686412304815,0.0,0.0
2022-07-13,-0.0029026520270725,6.295043104554367,-0.1965076892574925,0.0,0.0
2022-07-14,-0.0058207557297437,6.258401196334548,-0.20118462172905205,0.0,0.0
2022-07-15,0.015833192088095,6.357491664640476,-0.18853682440196384,0.0,0.0
2022-07-18,-0.0037004028701573,6.33396638423764,-0.1915395650659737,0.0,0.0
2022-07-19,0.0224889802927498,6.476410829427699,-0.17335811427727454,0.0,0.0
2022-07-20,-0.0003199720251063,6.474338559139188,-0.17362261655548683,0.0,0.0
2022-07-21,0.0031536478653508,6.4947563431157755,-0.17101651328421286,0.0,0.0
2022-07-22,-0.003705936136843,6.470687190883832,-0.17408867314447907,0.0,0.0
2022-07-25,0.014211119311729,6.562642898582358,-0.16235154873762692,0.0,0.0
2022-07-26,-0.003215321656022,6.541541890749807,-0.1650448579431042,0.0,0.0
2022-07-27,0.0182606371289659,6.660994613480719,-0.1497980450750389,0.0,0.0
2022-07-28,0.0149395777483829,6.760507060390374,-0.1370963868676104,0.0,0.0
2022-07-29,0.0140694258337916,6.855623513075361,-0.12495582848093334,0.0,0.0
2022-08-01,-0.0059539285069661,6.814805620807835,-0.13016577891859515,0.0,0.0
2022-08-02,-0.0021519982124271475,6.800140171293818,-0.13203766060747035,0.6070814956460954,0.00030354074782304767
2022-08-03,-0.0017292923226511,6.788380741102649,-0.13353862121733207,0.0,0.0
2022-08-04,-0.0111490868538753,6.712696494622921,-0.14319887438490864,0.0,0.0
2022-08-05,0.0068238562104657,6.758502970286725,-0.13735218670274607,0.0,0.0
2022-08-08,0.0035551117490988,6.78253020360271,-0.1342853773263586,0.0,0.0
2022-08-09,0.00700469326484,6.83003974723846,-0.12822131193964315,0.0,0.0
2022-08-10,0.0080987565949041,6.885354576684864,-0.12116098854041757,0.0,0.0
2022-08-11,0.0057562189021706,6.924988184847325,-0.11610219881068884,0.0,0.0
2022-08-12,0.0154367363110664,7.031887401414063,-0.1024577015277981,0.0,0.0
2022-08-15,0.0009062872274059,7.0382603111505215,-0.10164427040663615,0.0,0.0
2022-08-16,0.0025460249507957,7.056179897512907,-0.09935703430440102,0.0,0.0
2022-08-17,-0.0009384100498107,7.049558307383808,-0.10020220671470115,0.0,0.0
2022-08-18,0.008030725186595,7.106171372837285,-0.09297617791332236,0.0,0.0
2022-08-19,-0.0010634401511703,7.098614384878313,-0.09394074346379733,0.0,0.0
2022-08-22,-0.01027303000327,7.025690106320814,-0.10324871739093411,0.0,0.0
2022-08-23,0.0025334049758031,7.043489024594617,-0.10097688322951459,0.0,0.0
2022-08-24,0.0061233104522841,7.086618494559467,-0.0954718855817488,0.0,0.0
2022-08-25,0.0084960314794197,7.146826628371882,-0.08778698624763104,0.0,0.0
2022-08-26,-0.0196654525495679,7.006281048431647,-0.10572606798467665,0.0,0.0
2022-08-29,0.0007402199212071,7.011467237237272,-0.10506410860518256,0.0,0.0
2022-08-30,-0.0164223646856212,6.896322365286077,-0.11976107218391985,0.0,0.0
2022-08-31,-0.0082705436915145,6.839286029853209,-0.12704112669539458,0.0,0.0
2022-09-01,-0.0019298452998589813,6.826087265854106,-0.12872580227401165,0.41906480206896246,0.00020953240103448124
2022-09-02,-0.0022119660128731,6.810988192821131,-0.1306530311872749,0.0,0.0
2022-09-06,-0.0026738986853565,6.792776300446367,-0.1329775769043019,0.0,0.0
2022-09-07,0.0167109177323328,6.906289826377266,-0.11848883651986186,0.0,0.0
2022-09-08,0.0047967198925727,6.939417364171322,-0.1142604743864718,0.0,0.0
2022-09-09,0.0121593546578501,7.023796201021124,-0.10349045336006113,0.0,0.0
2022-09-12,0.0055240580943715,7.06259605927859,-0.09853808254226348,0.0,0.0
2022-09-13,-0.0294498502457056,6.854603662986926,-0.12508600101360035,0.0,0.0
2022-09-14,0.0064731225929488,6.898974352823516,-0.11942257543987433,0.0,0.0
2022-09-15,-0.011965851848178,6.81642224781325,-0.12995943444301095,0.0,0.0
2022-09-16,-0.0066034136952998,6.771410591789094,-0.13570467222907634,0.0,0.0
2022-09-19,0.0083234705362171,6.827772228338479,-0.1285107355337849,0.0,0.0
2022-09-20,-0.0114996442656179,6.749255276585921,-0.13853255205645143,0.0,0.0
2022-09-21,-0.0134311893011021,6.658604751324633,-0.15010308442651854,0.0,0.0
2022-09-22,-0.0076553130137145,6.607631047718637,-0.15660931134462408,0.0,0.0
2022-09-23,-0.0273620892971211,6.426832456948529,-0.17968624267997302,0.0,0.0
2022-09-26,-0.0165019757076083,6.320777023867096,-0.1932230403758849,0.0,0.0
2022-09-27,0.0012202668737937,6.328490058685958,-0.1922385571775156,0.0,0.0
2022-09-28,0.023942717664752,6.480011309405265,-0.1728985530115441,0.0,0.0
2022-09-29,-0.0179009474499925,6.364012967480244,-0.18770445254989732,0.0,0.0
2022-09-30,-0.0087725137079546,6.308184576485423,-0.1948303263748138,0.0,0.0
2022-10-03,0.031135728987386833,6.504594501861287,-0.16976078162795727,0.359602167204334,0.00017980108360216701
2022-10-04,0.0285411631001446,6.690243194439214,-0.1460647886842642,0.0,0.0
2022-10-05,-0.0024054626714254,6.674150064172233,-0.14811889795889988,0.0,0.0
2022-10-06,-0.0088906365380405,6.614812621751338,-0.15569266321077269,0.0,0.0
2022-10-07,-0.0158183783599284,6.510177012920446,-0.16904823611616815,0.0,0.0
2022-10-10,-0.001862324428289,6.498052951236798,-0.1705957378847789,0.0,0.0
2022-10-11,-0.0007929870724022,6.492900079250683,-0.17125344474243143,0.0,0.0
2022-10-12,-0.0080936020721742,6.440349129714839,-0.17796098957937134,0.0,0.0
2022-10-13,0.0260268956660267,6.607971424566713,-0.15656586602174982,0.0,0.0
2022-10-14,-0.0278025094168592,6.424253236808861,-0.18001545147418063,0.0,0.0
2022-10-17,0.01782326432436,6.538754400335131,-0.1654006501239138,0.0,0.0
2022-10-18,0.0161321354755852,6.644238472162916,-0.15193678034387748,0.0,0.0
2022-10-19,-0.0001327479749396,6.643356462960721,-0.1520493590189076,0.0,0.0
2022-10-20,-0.0078274819885033,6.59135570990369,-0.15868667738832687,0.0,0.0
2022-10-21,0.024266449249752,6.751304508725131,-0.1382709903420304,0.0,0.0
2022-10-24,0.0102374556290957,6.820420689071717,-0.1294490778413524,0.0,0.0
2022-10-25,0.01188984107742,6.901514407145927,-0.11909836572708477,0.0,0.0
2022-10-26,0.0061442072039822,6.9439187416846995,-0.11368592355978546,0.0,0.0
2022-10-27,0.0069534872467068,6.992203192097172,-0.10752294993268185,0.0,0.0
2022-10-28,0.0173822522982234,7.113743432102648,-0.0920096886780375,0.0,0.0
2022-10-31,-0.0013482877662822,7.104152058860675,-0.09323392090669558,0.0,0.0
2022-11-01,0.002218615040690787,7.119913437469818,-0.09122215604523087,0.38391618782742565,0.00019195809391371285
2022-11-02,-0.0176986288844726,6.99390073185047,-0.10730627784381752,0.0,0.0
2022-11-03,0.0048539324815995,7.027848653785881,-0.10297320278972366,0.0,0.0
2022-11-04,0.006365179167952,7.072582169632478,-0.09726346650702611,0.0,0.0
2022-11-07,0.0068869733046346,7.121290854229572,-0.09104634409974166,0.0,0.0
2022-11-08,0.0079643503813268,7.178007309759994,-0.08380711870376412,0.0,0.0
2022-11-09,-0.0203398674957235,7.032007592196141,-0.10244236050985467,0.0,0.0
2022-11-10,0.0246131259787412,7.205087280946329,-0.08035066125590218,0.0,0.0
2022-11-11,-0.0117398880640421,7.120500362776365,-0.09114724155092824,0.0,0.0
2022-11-14,-0.0029887799986206,7.099218753711929,-0.09386360249707193,0.0,0.0
2022-11-15,0.0053462911870423,7.137173244369785,-0.08901913346084378,0.0,0.0
2022-11-16,-0.002654358724695,7.118228626298932,-0.09143720347197215,0.0,0.0
2022-11-17,0.0017754151023575,7.130866436904096,-0.08982412736157619,0.0,0.0
2022-11-18,0.0089978597101518,7.19502897271519,-0.08163449254801058,0.0,0.0
2022-11-21,0.0029377799347545,7.21616638446121,-0.0789365367874475,0.0,0.0
2022-11-22,0.0134371133669855,7.313130830244245,-0.06656010261407219,0.0,0.0
2022-11-23,-0.001649285346187,7.301069390731175,-0.06809961135837705,0.0,0.0
2022-11-25,0.0041683698329962,7.33150294812811,-0.06421510589100599,0.0,0.0
2022-11-28,-0.0125765029621534,7.23929827958394,-0.07598400738370625,0.0,0.0
2022-11-29,0.0022705078986322,7.25573516350829,-0.07388602177400838,0.0,0.0
2022-11-30,0.0178580002712114,7.385308084026059,-0.057347478099676,0.0,0.0
2022-12-01,-0.005090745808331057,7.34771135785407,-0.06214628247425269,0.4283647087551142,0.00021418235437755707
2022-12-02,0.0050181633924711,7.384583374008497,-0.05743997928147215,0.0,0.0
2022-12-05,-0.0170823964911102,7.258436992892023,-0.07354116327205507,0.0,0.0
2022-12-06,-0.0120695167363195,7.170831166126792,-0.08472307370745424,0.0,0.0
2022-12-07,0.0006978749789549,7.175835509775941,-0.08408432484178008,0.0,0.0
2022-12-08,-0.0004410588337757,7.1726705441346335,-0.08448829754130205,0.0,0.0
2022-12-09,-0.0139822590050787,7.072380406828445,-0.09728921928726009,0.0,0.0
2022-12-12,0.0138006376260376,7.169983765976572,-0.08483123492152611,0.0,0.0
2022-12-13,-0.0009966374910866,7.1628378913449176,-0.08574332642347482,0.0,0.0
2022-12-14,-0.0027360190636611,7.143240230324284,-0.08824475011145949,0.0,0.0
2022-12-15,-0.0147809769960145,7.037656160802855,-0.10172138348605753,0.0,0.0
2022-12-16,-0.0072830709231267,6.986400411851148,-0.10826361035885679,0.0,0.0
2022-12-19,-0.0043389394399496,6.956086843560887,-0.11213280054990893,0.0,0.0
2022-12-20,0.0042621742117108,6.985734897519933,-0.10834855586898884,0.0,0.0
2022-12-21,0.0131881367952183,7.077863724963556,-0.0965893346501352,0.0,0.0
2022-12-22,-0.0102440099663203,7.005358018424771,-0.10584388250965937,0.0,0.0
2022-12-23,0.0107034524557547,7.080339534910522,-0.09627332501807917,0.0,0.0
2022-12-27,0.0021434340272239,7.095515775593948,-0.09433624651161299,0.0,0.0
2022-12-28,-0.0138812416832029,6.997021206245949,-0.106907983957502,0.0,0.0
2022-12-29,0.006467674790817,7.042275663912398,-0.10113175523946405,0.0,0.0
2022-12-30,-0.0016213284463487,7.030857822051468,-0.10258911589421371,0.0,0.0
2023-01-03,-0.0148190911760917,6.92666689894035,-0.1158879296081945,0.0,0.0
2023-01-04,0.002465648274221536,6.94374562322583,-0.11370802020761439,0.40546565212212743,0.00020273282606106372
2023-01-05,-0.0018364944630361,6.930993472836044,-0.11533569052113646,0.0,0.0
2023-01-06,0.0217160958975669,7.081507591757561,-0.0961242355393388,0.0,0.0
2023-01-09,-0.0064238916171451,7.03601675450212,-0.10193063548559822,0.0,0.0
2023-01-10,0.0054790706749991,7.074567587570516,-0.09701004996637219,0.0,0.0
2023-01-11,0.0054617922223839,7.113207405797038,-0.09207810648038772,0.0,0.0
2023-01-12,0.0040920594881479,7.142315073653094,-0.08836283608151352,0.0,0.0
2023-01-13,0.0018307176037067,7.155390635589651,-0.08669388587733462,0.0,0.0
2023-01-17,-0.0037624670538294,7.128468714065965,-0.09013017004178214,0.0,0.0
2023-01-18,-0.0186090672341734,6.99581456048921,-0.10706199888182055,0.0,0.0
2023-01-19,-0.0053023468026241,6.958720325522649,-0.1117966658369911,0.0,0.0
2023-01-20,0.0071889896842383,7.0087464941583315,-0.105411381230187,0.0,0.0
2023-01-23,0.0031737845884114,7.030990745765574,-0.1025721496589671,0.0,0.0
2023-01-24,0.0045828186695205,7.063212501420494,-0.09845940055187674,0.0,0.0
2023-01-25,0.0023607140590028,7.079886726474321,-0.09633112098399776,0.0,0.0
2023-01-26,0.0100691774651191,7.151175362356132,-0.08723191867148039,0.0,0.0
2023-01-27,-0.0068426395447082,7.102242447030531,-0.09347766163992632,0.0,0.0
2023-01-30,-0.0057235004580936,7.061592759131461,-0.09866614265880214,0.0,0.0
2023-01-31,0.0111924739752805,7.140629452312068,-0.08857798691747165,0.0,0.0
2023-02-01,-0.004270036689305346,7.110138702565961,-0.09246979235277475,0.20065888615309047,0.00010032944307654523
2023-02-02,-0.0128317905412161,7.018902892015641,-0.10411502988713028,0.0,0.0
2023-02-03,-0.0028785207383757,6.9986988344803285,-0.10669385335279924,0.0,0.0
2023-02-06,0.0016616056041821,7.010327911685684,-0.10520953085327989,0.0,0.0
2023-02-07,0.0071469889514147,7.060430647816295,-0.0988144732564572,0.0,0.0
2023-02-08,-0.0048043626380528,7.026509778603363,-0.10314409533109781,0.0,0.0
2023-02-09,-0.0060765540884562,6.983812811880613,-0.1085938887453698,0.0,0.0
2023-02-10,0.017426511823519,7.1055163084200945,-0.09305978960803385,0.0,0.0
2023-02-13,0.0046453918973403,7.138524216305649,-0.08884669690330682,0.0,0.0
2023-02-14,-0.0044867818148475,7.10649521566708,-0.09293484297417931,0.0,0.0
2023-02-15,-0.0019122776074873,7.092905623998445,-0.09466940336249163,0.0,0.0
2023-02-16,-0.0065736181879592,7.04627957058305,-0.10062070103866394,0.0,0.0
2023-02-17,-0.0010211187126401,7.039084482659034,-0.10153907407059448,0.0,0.0
2023-02-21,-0.0090503220290094,6.9753785013015674,-0.10967043478073757,0.0,0.0
2023-02-22,0.000135162050453,6.97632130776249,-0.10955009601112353,0.0,0.0
2023-02-23,0.0042609594083466,7.0060471296744495,-0.10575592511506071,0.0,0.0
2023-02-24,-0.0023464051302817,6.989608104746386,-0.10785418400009472,0.0,0.0
2023-02-27,0.0016315978998411,7.001012334650803,-0.10639856076035725,0.0,0.0
2023-02-28,-0.0078189680002324,6.946271643236936,-0.1133856018187337,0.0,0.0
2023-03-01,0.0077514126446627815,7.000115061085585,-0.1065130877617314,0.5568102746820374,0.00027840513734101873
2023-03-02,0.0060828036275506,7.042695386372428,-0.10107818233079935,0.0,0.0
2023-03-03,0.0114566800434263,7.123381294057412,-0.09077952268170808,0.0,0.0
2023-03-06,-0.0014619543002038,7.112967236142574,-0.09210876146835689,0.0,0.0
2023-03-07,-0.0136510846998786,7.01586751793453,-0.10450246166383004,0.0,0.0
2023-03-08,-0.0027120660377128,6.996840021914047,-0.10693111012440704,0.0,0.0
2023-03-09,-0.0194616792724354,6.860669765487017,-0.12431173042735566,0.0,0.0
2023-03-10,-0.0177211570857761,6.739090758859186,-0.13982993981062397,0.0,0.0
2023-03-13,-0.0122971211668823,6.656219343242878,-0.15040755526489724,0.0,0.0
2023-03-14,0.0118807272024991,6.735300069459943,-0.14031377919569532,0.0,0.0
2023-03-15,-0.0280148583556668,6.546611592031111,-0.16439776690184627,0.0,0.0
2023-03-16,0.0121136005039156,6.625914629511278,-0.15427561526991562,0.0,0.0
2023-03-17,-0.0193674385744847,6.497587634924438,-0.17065513034211954,0.0,0.0
2023-03-20,0.0177838375245884,6.613139677725709,-0.15590619592827282,0.0,0.0
2023-03-21,0.0179334695434904,6.731736216723052,-0.14076866540110333,0.0,0.0
2023-03-22,-0.0201173116867322,6.59631178105837,-0.1580540899702363,0.0,0.0
2023-03-23,-0.0053843611172625,6.560794856387099,-0.16258743079103877,0.0,0.0
2023-03-24,0.0053894136192016,6.596153693538899,-0.1580742680856534,0.0,0.0
2023-03-27,0.010563533492021,6.665832383999116,-0.1491805574187819,0.0,0.0
2023-03-28,0.0065306151739057,6.709364370112773,-0.1436241830568069,0.0,0.0
2023-03-29,0.0121163317395773,6.790657254582761,-0.1332480495649715,0.0,0.0
2023-03-30,0.003728483888474,6.815976110748621,-0.1300163788824712,0.0,0.0
2023-03-31,0.0125788721258004,6.901713402658238,-0.11907296616089302,0.0,0.0
2023-04-03,0.0056316848079121535,6.940581677176552,-0.11411186276754215,0.6481120608096941,0.000324056030404847
2023-04-04,-0.0179347328937054,6.816104198669445,-0.13000002988250858,0.0,0.0
2023-04-05,-0.003337009279112,6.79335879571109,-0.1329032278556178,0.0,0.0
2023-04-06,-0.0020933429298695,6.779137966106021,-0.134718358753099,0.0,0.0
2023-04-10,0.009780063788686,6.845438367846842,-0.12625584910652532,0.0,0.0
2023-04-11,0.004763931856921,6.878049569762017,-0.12209339151128551,0.0,0.0
2023-04-12,-1.5965589051370968e-05,6.877939757649111,-0.12210740780742213,0.0,0.0
2023-04-13,0.0067201817583018,6.924160762943163,-0.11620781002362124,0.0,0.0
2023-04-14,-0.0014524498582297,6.914103766624667,-0.11749147386465697,0.0,0.0
2023-04-17,0.0039719924249155,6.9415665344107795,-0.11398615668392409,0.0,0.0
2023-04-18,0.0035582858421908,6.966266612332799,-0.11083346616926737,0.0,0.0
2023-04-19,-0.0061401009112152,6.923493032358646,-0.11629303841386351,0.0,0.0
2023-04-20,0.0001238414313883,6.924350447645979,-0.11618359887881302,0.0,0.0
2023-04-21,-0.0024663060335678,6.907272880358413,-0.11836336060146435,0.0,0.0
2023-04-24,0.0050044566654084,6.941840028164317,-0.11395124824495806,0.0,0.0
2023-04-25,-0.0133484315232355,6.84917735190311,-0.12577860933400853,0.0,0.0
2023-04-26,-0.0112166786000002,6.772352330872413,-0.13558446969835425,0.0,0.0
2023-04-27,0.0155438182310085,6.877620544499841,-0.12214815181928451,0.0,0.0
2023-04-28,0.0067325150814806,6.923924228540387,-0.11623800101210224,0.0,0.0
2023-05-01,0.0028170614249752,6.9434293483940595,-0.11374838917589447,0.0,0.0
2023-05-02,-0.00853133181051321,6.884192648720054,-0.1213092957354367,0.6083716590904222,0.0003041858295452111
2023-05-03,-0.0072446386255894,6.834319160751138,-0.1276750923514981,0.0,0.0
2023-05-04,-0.0098900359672667,6.76672749843953,-0.13630241706328428,0.0,0.0
2023-05-05,0.0133237882134709,6.856885942527009,-0.12479469338774873,0.0,0.0
2023-05-08,0.0003519312140057,6.85929909472106,-0.1244866813216885,0.0,0.0
2023-05-09,-0.0003141163646946,6.8571444766250735,-0.12476169438259344,0.0,0.0
2023-05-10,-2.572168236584209e-05,6.856968099332909,-0.12478420698428494,0.0,0.0
2023-05-11,-0.002675716997229,6.838620793240067,-0.12712603675790035,0.0,0.0
2023-05-12,0.0047597165949948,6.871170690116529,-0.12297140406971807,0.0,0.0
2023-05-15,0.0012248897879045,6.879587116925801,-0.1218971406988627,0.0,0.0
2023-05-16,-0.01024171640793,6.809128336670598,-0.1308904211608175,0.0,0.0
2023-05-17,0.0087697946046096,6.868842993619627,-0.12326850866549899,0.0,0.0
2023-05-18,0.0071772539489542,6.918142424120331,-0.11697598410714583,0.0,0.0
2023-05-19,-0.0012116333314384,6.909760172167629,-0.11804588543726224,0.0,0.0
2023-05-22,-0.0057260702845424,6.8701943997724655,-0.12309601668498982,0.0,0.0
2023-05-23,-0.0168662721034002,6.754319831622647,-0.13788611787613625,0.0,0.0
2023-05-24,-0.0074653006785683,6.703896803200367,-0.14432205722535862,0.0,0.0
2023-05-25,0.0029373254953227,6.723588330198419,-0.14180865258826147,0.0,0.0
2023-05-26,0.0044334095600422,6.753396750979309,-0.13800393886430073,0.0,0.0
2023-05-30,-0.0048410416578654,6.720703275975726,-0.1421768977051745,0.0,0.0
2023-05-31,-0.0075842278264381,6.6697319311768375,-0.1486828235477604,0.0,0.0
2023-06-01,0.009957409300363634,6.7361451819392695,-0.14020590997739557,0.5210898820941336,0.0002605449410470668
2023-06-02,0.0191687196391669,6.865268460380589,-0.1237247581183396,0.0,0.0
2023-06-05,-0.0017844940674122,6.853017429541848,-0.12528846608889754,0.0,0.0
2023-06-06,0.0018487271116115,6.865686788660187,-0.123671363161317,0.0,0.0
2023-06-07,0.0001875895741741,6.866974719921284,-0.12350697304549585,0.0,0.0
2023-06-08,0.0054444656696076,6.904361728037959,-0.11873493685059167,0.0,0.0
2023-06-09,0.0007918082983079,6.909828658948738,-0.11803714386058117,0.0,0.0
2023-06-12,0.0071328204169757,6.959115225885091,-0.11174626119329578,0.0,0.0
2023-06-13,0.00834745430963,7.017206122268617,-0.10433160369324879,0.0,0.0
2023-06-14,-0.0002323518830548,7.015575661212324,-0.10453971393172345,0.0,0.0
2023-06-15,0.0104771725632732,7.089079058045546,-0.09515782199102796,0.0,0.0
2023-06-16,-0.0030511574956892,7.067449161340057,-0.09791863798487577,0.0,0.0
2023-06-20,-0.0056212225334783,7.02772145686012,-0.10298943806406602,0.0,0.0
2023-06-21,0.0017267308815958,7.0398564405269335,-0.10144054222565368,0.0,0.0
2023-06-22,-0.0001610300193235,7.03872281230828,-0.10158523727250246,0.0,0.0
2023-06-23,-0.0058285482075815,6.997697277076938,-0.10682169102746253,0.0,0.0
2023-06-26,0.0011882613821984,7.006012370515602,-0.1057603617354933,0.0,0.0
2023-06-27,0.0113156323455868,7.08528983070899,-0.09564147476004159,0.0,0.0
2023-06-28,-0.0019936364237064,7.071164338829972,-0.09744443685604942,0.0,0.0
2023-06-29,0.0060134583763268,7.1136864912536915,-0.09201695654476116,0.0,0.0
2023-06-30,0.0111680324510639,7.193132372834707,-0.08187657245043733,0.0,0.0
2023-07-03,-0.004157850810180646,7.16322440157058,-0.08569399268752009,0.6455038827914916,0.00032275194139574584
2023-07-05,-0.0050003490905377,7.127405778948869,-0.09026584189965825,0.0,0.0
2023-07-06,-0.0090780204882669,7.06270304325938,-0.09852442722576926,0.0,0.0
2023-07-07,-0.0033538794232241,7.03901558885025,-0.10154786759983592,0.0,0.0
2023-07-10,0.0150934849274988,7.145258864544991,-0.08798709388137482,0.0,0.0
2023-07-11,0.0027546765205641,7.164941741372506,-0.08547479334243835,0.0,0.0
2023-07-12,0.004324268202265,7.195924871115805,-0.08152014107111916,0.0,0.0
2023-07-13,0.0056320899675207,7.236452967389448,-0.07634717987227613,0.0,0.0
2023-07-14,0.0015307052003102,7.247529843578431,-0.07493333969722549,0.0,0.0
2023-07-17,0.0073263051773734,7.300627458994607,-0.0681560190344338,0.0,0.0
2023-07-18,0.0028262439856301,7.321260813441917,-0.06552240058768422,0.0,0.0
2023-07-19,-0.0042683263074351,7.290011283308309,-0.06951105590896467,0.0,0.0
2023-07-20,-0.0070980594560891,7.238266349783826,-0.07611572175735637,0.0,0.0
2023-07-21,8.41950883740481e-05,7.238875776258822,-0.07603793523890223,0.0,0.0
2023-07-24,-0.0014255480061975,7.2285564113288645,-0.07735508751812459,0.0,0.0
2023-07-25,0.004547773678473,7.261430249909663,-0.07315910727056263,0.0,0.0
2023-07-26,-0.0055241268484677,7.221317188107861,-0.07827909393034704,0.0,0.0
2023-07-27,-0.00542423103454,7.182147095305869,-0.08327872107423451,0.0,0.0
2023-07-28,0.0071985548061344,7.233848174797147,-0.0766796527059378,0.0,0.0
2023-07-31,0.0023814987239251,7.251075574994493,-0.07448076647708302,0.0,0.0
2023-08-01,-0.0026142769643866344,7.232119255151758,-0.07690033008937869,0.5975547113042691,0.00029877735565213455
2023-08-02,-0.0170787059095002,7.108604017290587,-0.09266567787693902,0.0,0.0
2023-08-03,-0.0016924562344798,7.096573016103076,-0.09420130150717365,0.0,0.0
2023-08-04,-0.00428209501872,7.066184816140837,-0.09808001760195295,0.0,0.0
2023-08-07,0.013478722618009,7.161427961245187,-0.08592328833557006,0.0,0.0
2023-08-08,-0.0055994464128629,7.1213279291366165,-0.091041611899781,0.0,0.0
2023-08-09,-0.0066967116739806,7.073638449259324,-0.09712864414853417,0.0,0.0
2023-08-10,-0.005134981352462,7.037315447728319,-0.10176487172450366,0.0,0.0
2023-08-11,-0.0047324847628631,7.004011459600483,-0.10601575578253586,0.0,0.0
2023-08-14,0.0087047371334784,7.064979538236175,-0.09823385793515149,0.0,0.0
2023-08-15,-0.0098272691861245,6.9955500825194665,-0.10709575655615577,0.0,0.0
2023-08-16,-0.0108896177706772,6.9193712160252,-0.1168191424730749,0.0,0.0
2023-08-17,-0.016159399972141,6.80755832898973,-0.13109081519759092,0.0,0.0
2023-08-18,0.0030758405825215,6.828497293165919,-0.12841818906445002,0.0,0.0
2023-08-21,0.0064885341189877,6.872804230834041,-0.1227629007467056,0.0,0.0
2023-08-22,-0.0014153117138817,6.863077070498926,-0.12400446468913029,0.0,0.0
2023-08-23,0.0129814456956333,6.9521697327945535,-0.11263277621787515,0.0,0.0
2023-08-24,-0.0183561094291476,6.824554944409369,-0.12892138608145864,0.0,0.0
2023-08-25,0.0067692790188329,6.870752261007432,-0.12302481189650583,0.0,0.0
2023-08-28,0.0084585792464509,6.928869063489895,-0.11560684777076125,0.0,0.0
2023-08-29,0.0167361430919223,7.044831607601656,-0.10080551742553645,0.0,0.0
2023-08-30,0.005048239304885,7.080395603419447,-0.09626616849586833,0.0,0.0
2023-08-31,-0.0003141887697163,7.078171022635703,-0.0965501115165397,0.0,0.0
2023-09-01,0.006542860303700344,7.124482506842509,-0.09063896510479863,0.442792833259513,0.0002213964166297565
2023-09-05,-0.0130421281092709,7.0315640932760095,-0.10249896821948101,0.0,0.0
2023-09-06,0.0015396896657721,7.04239051984464,-0.10111709515582878,0.0,0.0
2023-09-07,-0.003790719964081,7.0156947895062105,-0.10452450852859274,0.0,0.0
2023-09-08,-0.0003896780075757,7.0129609275388765,-0.10487345563394224,0.0,0.0
2023-09-11,0.0029785220585208,7.033849186357095,-0.10220730147638046,0.0,0.0
2023-09-12,-0.0082603070397519,6.975747432406476,-0.10962334482423297,0.0,0.0
2023-09-13,-0.0086276641624603,6.915563026277528,-0.1173052155831843,0.0,0.0
2023-09-14,0.0096647366477458,6.982400121697388,-0.10877420295145701,0.0,0.0
2023-09-15,-0.0144343942733863,6.881613405366267,-0.12163850749266869,0.0,0.0
2023-09-18,0.0009652966443122,6.8882562036939206,-0.12079062809145835,0.0,0.0
2023-09-19,-0.0029373294833998,6.868023125657599,-0.12337315570164675,0.0,0.0
2023-09-20,-0.0068313470472239,6.821105276157873,-0.12936169790596141,0.0,0.0
2023-09-21,-0.0201892146798838,6.683392517383433,-0.14693920149546758,0.0,0.0
2023-09-22,-0.000369402090911,6.680923658213134,-0.14725432393810922,0.0,0.0
2023-09-25,0.0034751385088724,6.704140793292628,-0.144290914600952,0.0,0.0
2023-09-26,-0.0131847665626722,6.6157482619297765,-0.1555732391374962,0.0,0.0
2023-09-27,0.0076757796537101,6.666529287832765,-0.1490916053874194,0.0,0.0
2023-09-28,0.0097437601864513,6.731486350489362,-0.14080055804967606,0.0,0.0
2023-09-29,-0.0075163590081612,6.6808900824205475,-0.14725860951498648,0.0,0.0
2023-10-02,-0.0059535425798882,6.641115118843304,-0.15233544169287205,0.0,0.0
2023-10-03,-0.016664819418075377,6.53044213465313,-0.16646161848416297,0.3794643789739519,0.00018973218948697593
2023-10-04,0.0080003620389831,6.582688036004985,-0.1597930096586483,0.0,0.0
2023-10-05,-0.0025314161580306,6.566024513147367,-0.16191992321008863,0.0,0.0
2023-10-06,0.0159550935753488,6.6707860486726664,-0.14854827716127017,0.0,0.0
2023-10-09,0.0058245161079383,6.70964014946577,-0.14358898288646427,0.0,0.0
2023-10-10,0.0082534940209007,6.765018124321781,-0.13652059967728425,0.0,0.0
2023-10-11,0.0048797645962944,6.798029820258136,-0.13230702346995993,0.0,0.0
2023-10-12,-0.0112991685056274,6.721217735812759,-0.14211123262292225,0.0,0.0
2023-10-13,-0.0093583109356225,6.658318490375003,-0.15013962245621482,0.0,0.0
2023-10-16,0.0121342373264835,6.739112107132526,-0.1398272149407237,0.0,0.0
2023-10-17,0.0058135034928233,6.778289958905869,-0.13482659745035008,0.0,0.0
2023-10-18,-0.0214886292713316,6.632633798885352,-0.15341798795315598,0.0,0.0
2023-10-19,-0.0099901574054174,6.566372743221995,-0.16187547551009895,0.0,0.0
2023-10-20,-0.0140212881949408,6.474303738593876,-0.1736270610112196,0.0,0.0
2023-10-23,0.0011151355514162,6.481523464863449,-0.17270554316822484,0.0,0.0
2023-10-24,0.0058452123681947,6.5194093459850135,-0.16786983137701283,0.0,0.0
2023-10-25,-0.0171030949165029,6.407907269141096,-0.18210183263385726,0.0,0.0
2023-10-26,-0.0071147238045469,6.362316778756009,-0.18792095219491245,0.0,0.0
2023-10-27,-0.005056878689521,6.330143314621536,-0.19202753742596446,0.0,0.0
2023-10-30,0.0082912601789401,6.38262817981304,-0.18532842752134426,0.0,0.0
2023-10-31,0.0070330282813579,6.427517384311058,-0.17959881931208355,0.0,0.0
2023-11-01,0.014305600335493773,6.51946687916045,-0.16786248790639502,0.5483564417680509,0.0002741782208840254
2023-11-02,0.0199267366399947,6.649378578694648,-0.15128070285464534,0.0,0.0
2023-11-03,0.0150654001853051,6.749554127966277,-0.13849440699815985,0.0,0.0
2023-11-06,-0.0022930309520699,6.734077191438179,-0.14046986598829447,0.0,0.0
2023-11-07,0.0005845069380797,6.738013306278138,-0.13996746466147614,0.0,0.0
2023-11-08,0.0025086254674773,6.754916458058469,-0.13780996514046684,0.0,0.0
2023-11-09,-0.0059535510701542,6.714700717950793,-0.1429430575451811,0.0,0.0
2023-11-10,0.0199566843030481,6.848703880368387,-0.12583904271487467,0.0,0.0
2023-11-13,0.0005523555714213,6.852486800113723,-0.12535619503979922,0.0,0.0
2023-11-14,0.0278514374863802,7.043338407853336,-0.10099610778310042,0.0,0.0
2023-11-15,-0.0004825821948223,7.039939418145598,-0.10142995105456032,0.0,0.0
2023-11-16,-0.0031355080361676,7.017865631525869,-0.1042474246640882,0.0,0.0
2023-11-17,0.006896672935933,7.066265555494828,-0.09806971212047666,0.0,0.0
2023-11-20,0.0081284555428692,7.123703380916775,-0.09073841187268084,0.0,0.0
2023-11-21,-0.0042237057891455,7.093614953706641,-0.09457886530630188,0.0,0.0
2023-11-22,0.003749555879373,7.12021285936232,-0.09118393816740256,0.0,0.0
2023-11-24,0.0024266021160757,7.137490782953758,-0.08897860318863604,0.0,0.0
2023-11-27,0.0001770524214977,7.138754492980298,-0.08881730464429438,0.0,0.0
2023-11-28,-0.0059125640537947,7.096546149776238,-0.09420473069529423,0.0,0.0
2023-11-29,0.0032182018107259,7.119384267445347,-0.0912896987194709,0.0,0.0
2023-11-30,0.0077109748695376,7.1742816606182,-0.0842826564226068,0.0,0.0
2023-12-01,0.00909853076199799,7.239557083002572,-0.07595097400277273,0.5655168258482202,0.0002827584129241101
2023-12-04,-0.0062994591922392,7.193951788588311,-0.08177198313367073,0.0,0.0
2023-12-05,-0.0050432953934719,7.157670564672065,-0.08640287826128945,0.0,0.0
2023-12-06,-0.0038887155147768,7.129836420097564,-0.08995559756285021,0.0,0.0
2023-12-07,0.0087032681683329,7.191889298458021,-0.08203523708334926,0.0,0.0
2023-12-08,0.0082537447287655,7.251249316845034,-0.07445859026023338,0.0,0.0
2023-12-11,0.0122603574144872,7.340152225171111,-0.06311112177491551,0.0,0.0
2023-12-12,0.0051642534915752,7.378058631928645,-0.058272790114323514,0.0,0.0
2023-12-13,0.0097530772643167,7.450017407826503,-0.04908805187439924,0.0,0.0
2023-12-14,0.0043327585571786,7.482296534501393,-0.04496797999403457,0.0,0.0
2023-12-15,-0.0005758232457811,7.477988054225,-0.04551790963161928,0.0,0.0
2023-12-18,0.0041389001351831,7.5089386999935295,-0.04156740357876376,0.0,0.0
2023-12-19,0.0079181356893917,7.568395495503402,-0.033978404231164605,0.0,0.0
2023-12-20,-0.0165338251819504,7.443260967472887,-0.049950436417595334,0.0,0.0
2023-12-21,0.0153703864356913,7.557666764884643,-0.03534780749227384,0.0,0.0
2023-12-22,0.00082110841881,7.563872428691849,-0.034555723455782394,0.0,0.0
2023-12-26,0.0059481401709287,7.608863402132731,-0.02881312557167659,0.0,0.0
2023-12-27,0.0014502208212608,7.619897934264633,-0.02740469014504543,0.0,0.0
2023-12-28,-0.0004434363868696,7.616518994256348,-0.027835974295133847,0.0,0.0
2023-12-29,-0.0026241553601766,7.596532065111683,-0.030387083734158105,0.0,0.0
2024-01-02,-0.0132896656490877,7.495576693873775,-0.04327291520036802,0.0,0.0
2024-01-03,-0.012779957718175161,7.399783540652729,-0.05549984689194032,0.5026768947837241,0.00025133844739186204
2024-01-04,-0.0010448438974125,7.392051921978104,-0.05648670211302054,0.0,0.0
2024-01-05,0.0011315356253762,7.400416292072453,-0.05541908320344513,0.0,0.0
2024-01-08,0.0164683095612461,7.522288638452392,-0.03986343225999378,0.0,0.0
2024-01-09,-0.0009127571132638,7.515422615989621,-0.04073980374190311,0.0,0.0
2024-01-10,0.0083543270017418,7.578208914079885,-0.0327258303826079,0.0,0.0
2024-01-11,0.0039378695393838,7.608050912125727,-0.028916830893838674,0.0,0.0
2024-01-12,0.0001094399616594,7.608883536925854,-0.02881055558904355,0.0,0.0
2024-01-16,-0.000581904593427,7.604455892644865,-0.029375695187834117,0.0,0.0
2024-01-17,-0.0048569103532282,7.567521732089211,-0.03408993042297137,0.0,0.0
2024-01-18,0.0128142496115244,7.664493844504838,-0.02171251768912641,0.0,0.0
2024-01-19,0.0137209855762984,7.7696582539949155,-0.008289449254865744,0.0,0.0
2024-01-22,0.0071934944436194,7.825549247473849,-0.0011555849184019529,0.0,0.0
2024-01-23,-0.0033110710222483,7.799638298127362,-0.0044628297169131415,0.0,0.0
2024-01-24,0.0009402437057899,7.806971858944614,-0.003526782158674524,0.0,0.0
2024-01-25,0.0111093478662823,7.893702225107906,0.0,0.0,0.0
2024-01-26,-0.0048796886448331,7.855183415994353,-0.0048796886448331245,0.0,0.0
2024-01-29,0.0088916814939152,7.92502920500566,0.0,0.0,0.0
2024-01-30,-0.0004108828218161,7.921772946642932,-0.00041088282181611646,0.0,0.0
2024-01-31,-0.0118200160756281,7.8281374630661364,-0.012226042255885194,0.0,0.0
2024-02-01,0.016865204789649566,7.960160604502275,0.0,0.41573619473366585,0.00020786809736683294
2024-02-02,0.0102859360248203,8.042038307227479,0.0,0.0,0.0
2024-02-05,-0.0041005707639889,8.009061360061983,-0.004100570763988953,0.0,0.0
2024-02-06,0.0005986013432374,8.013855594950186,-0.003504424027918951,0.0,0.0
2024-02-07,0.0109250190562905,8.101407120039376,0.0,0.0,0.0
2024-02-08,0.0107645913525686,8.18861545706739,0.0,0.0,0.0
2024-02-09,0.0035633448269196,8.217794317595967,0.0,0.0,0.0
2024-02-12,-0.0009303030014975,8.210149278876617,-0.0009303030014976565,0.0,0.0
2024-02-13,-0.0166606886296314,8.073362538138461,-0.01757549214248988,0.0,0.0
2024-02-14,0.0158318679139199,8.20117894746346,-0.0020218770986918377,0.0,0.0
2024-02-15,0.0037407780669494,8.231857737793257,0.0,0.0,0.0
2024-02-16,-0.0096656068060885,8.15229183761609,-0.009665606806088523,0.0,0.0
2024-02-20,-0.005745341140278,8.105454139933881,-0.01535541573793786,0.0,0.0
2024-02-21,-0.00236853091459,8.086256121226656,-0.01768757687564626,0.0,0.0
2024-02-22,0.0257808318312417,8.29472653043235,0.0,0.0,0.0
2024-02-23,0.0009806330388264,8.302860613316122,0.0,0.0,0.0
2024-02-26,0.0027064855086229,8.325332185246179,0.0,0.0,0.0
2024-02-27,0.0066950557233191,8.381070748141545,0.0,0.0,0.0
2024-02-28,0.0023237759347426,8.40054647865345,0.0,0.0,0.0
2024-02-29,0.0104359651229039,8.48821428871801,0.0,0.0,0.0
2024-03-01,0.01640326453268993,8.627448713106011,0.0,0.47287464477193863,0.0002364373223859693
2024-03-04,0.001327984896063,8.638905834688574,0.0,0.0,0.0
2024-03-05,-0.0115867908920265,8.53880863924613,-0.011586790892026522,0.0,0.0
2024-03-06,0.0064154160510664,8.593588649247332,-0.005245708925229353,0.0,0.0
2024-03-07,0.0113006376097892,8.690701680340075,0.0,0.0,0.0
2024-03-08,-0.0088097534137224,8.614138741544057,-0.008809753413722254,0.0,0.0
2024-03-11,-0.0077529625513051,8.54735364646912,-0.0164944142767246,0.0,0.0
2024-03-12,0.0139952946211627,8.666976378982724,-0.002729963842968086,0.0,0.0
2024-03-13,-0.0039094758961698,8.63309304373642,-0.006628767011296222,0.0,0.0
2024-03-14,-0.0053617851085525,8.586804254013765,-0.011955010095599516,0.0,0.0
2024-03-15,-0.0071572212671882,8.525346595989756,-0.01902666671028208,0.0,0.0
2024-03-18,0.0059500354389837,8.576072710365514,-0.013189840612510273,0.0,0.0
2024-03-19,0.0073043811549601,8.638715614254675,-0.005981803080757131,0.0,0.0
2024-03-20,0.0119046356328263,8.741556375977984,0.0,0.0,0.0
2024-03-21,0.0104518079268685,8.832921444201599,0.0,0.0,0.0
2024-03-22,-0.0030834088549605,8.805685936005377,-0.003083408854960501,0.0,0.0
2024-03-25,-0.0044323488216667,8.766656064322957,-0.007502090933022121,0.0,0.0
2024-03-26,0.0005664212873275,8.771621684936468,-0.00693991898969859,0.0,0.0
2024-03-27,0.0071572410198885,8.83440229547084,0.0,0.0,0.0
2024-03-28,0.0004494634708787,8.8383730365897,0.0,0.0,0.0
2024-04-01,-0.0020037524337768,8.820663125107007,-0.0020037524337768176,0.0,0.0
2024-04-02,-0.0126469287636312,8.709108826915791,-0.014625339883117872,0.3487703273932009,0.00017438516369660046
2024-04-03,0.0071346233131243,8.771245037788841,-0.007595062860886181,0.0,0.0
2024-04-04,-0.0162832287492831,8.628420848422511,-0.02375461946424018,0.0,0.0
2024-04-05,0.0150668283953858,8.758423784668862,-0.009045697843919842,0.0,0.0
2024-04-08,-5.768364223304753e-05,8.757918566884742,-0.009102859697354693,0.0,0.0
2024-04-09,-0.0034127262844449,8.728030187994506,-0.01248452041324688,0.0,0.0
2024-04-10,-0.0131893273117012,8.612913341058638,-0.025509185298888126,0.0,0.0
2024-04-11,0.0064459083045052,8.66843139068975,-0.0192277068637422,0.0,0.0
2024-04-12,-0.0160653722057279,8.529169813958504,-0.03498417880204152,0.0,0.0
2024-04-15,-0.0129636797476067,8.418600387977392,-0.04749433485942556,0.0,0.0
2024-04-16,0.0010860368460176,8.427743298190633,-0.046459878611042504,0.0,0.0
2024-04-17,-0.0087576947643996,8.353935694832364,-0.05481069193977561,0.0,0.0
2024-04-18,-0.0069938175489015,8.29550979276745,-0.061421173509521254,0.0,0.0
2024-04-19,-0.0151053953760595,8.170202837501725,-0.07559877777525792,0.0,0.0
2024-04-22,0.0084735387637353,8.239433367952875,-0.06776582818549226,0.0,0.0
2024-04-23,0.018535691710748,8.3921569647325,-0.050486222974514106,0.0,0.0
2024-04-24,0.0014209403865545,8.404081719493995,-0.04913702050114843,0.0,0.0
2024-04-25,-0.0014407199151546,8.391973791592132,-0.050506947732295804,0.0,0.0
2024-04-26,0.0086354582121428,8.464442330586824,-0.042307640156718174,0.0,0.0
2024-04-29,0.0026958984805812,8.48726160780482,-0.03972579877895244,0.0,0.0
2024-04-30,-0.0162894110011104,8.349009115201342,-0.05536809991640501,0.0,0.0
2024-05-01,-0.006820121351066211,8.29206785987451,-0.061810604107063405,0.43798995772582117,0.0002189949788629106
2024-05-02,0.0086154238266388,8.363507538886578,-0.05372770483178768,0.0,0.0
2024-05-03,0.0110840567544671,8.45620913111401,-0.04323916900696345,0.0,0.0
2024-05-06,0.0164632504310402,8.59542581973679,-0.027487775843714868,0.0,0.0
2024-05-07,-0.0020427669524583,8.577867367929924,-0.029474391676083123,0.0,0.0
2024-05-08,0.0007378457329097,8.584196510764816,-0.028758293497301746,0.0,0.0
2024-05-09,0.0081470160977277,8.654132097924075,-0.02084557167963974,0.0,0.0
2024-05-10,0.0024690833919627,8.67549987175891,-0.01842795774250716,0.0,0.0
2024-05-13,-0.006654979751174,8.617764595781042,-0.02496029980804948,0.0,0.0
2024-05-14,0.0047022505102152,8.658287483748468,-0.020375418880341667,0.0,0.0
2024-05-15,0.0161029952834632,8.797711846262139,-0.004600528871007148,0.0,0.0
2024-05-16,-0.0087385007070137,8.720833035073476,-0.013298827853228778,0.0,0.0
2024-05-17,0.0016568426294874,8.735282083010627,-0.011664019288650795,0.0,0.0
2024-05-20,0.0062401706947165,8.789791734275113,-0.005496634065281891,0.0,0.0
2024-05-21,0.0008507079675344,8.797269280136428,-0.004650602128141612,0.0,0.0
2024-05-22,-0.0069438571270524,8.736182299146954,-0.011562166138461283,0.0,0.0
2024-05-23,-0.0083531891741424,8.663207315742385,-0.0198187743515863,0.0,0.0
2024-05-24,0.0118533417197451,8.765895272444874,-0.008200351336697165,0.0,0.0
2024-05-28,-0.0038111775818649,8.732486888897556,-0.011980275923384354,0.0,0.0
2024-05-29,-0.0105653100522738,8.640225457388938,-0.022419010646015702,0.0,0.0
2024-05-30,-0.0017695409906076,8.624936224273998,-0.024148880278316187,0.0,0.0
2024-05-31,0.0067313719347391,8.68299387791299,-0.01758006343853802,0.0,0.0
2024-06-03,-0.008622741471138885,8.608122666508265,-0.02605121656760012,0.5063091736599692,0.00025315458682998457
2024-06-04,-0.0052425522273422,8.562994133849728,-0.03115719393150085,0.0,0.0
2024-06-05,0.0182958317189569,8.719661233533058,-0.013431408989549531,0.0,0.0
2024-06-06,-0.0062318439540337,8.665321665393643,-0.019579550498677545,0.0,0.0
2024-06-07,-0.0010160617084373,8.656517163858144,-0.02057571817558479,0.0,0.0
2024-06-10,0.0086529824450872,8.731421854912604,-0.012100777058665968,0.0,0.0
2024-06-11,-0.0037083092881554,8.69904304214923,-0.015764212922860787,0.0,0.0
2024-06-12,0.0129337692392718,8.811554457458879,-0.003034334375772163,0.0,0.0
2024-06-13,0.001323752070484,8.823218770916123,-0.0017145990117005683,0.0,0.0
2024-06-14,-0.0094165146458644,8.740134802136126,-0.011114968110859547,0.0,0.0
2024-06-17,0.0127643836988383,8.85169723633016,0.0,0.0,0.0
2024-06-18,0.0073079998974086,8.916385438825154,0.0,0.0,0.0
2024-06-20,-0.0064292419651525,8.859059839384384,-0.006429241965152488,0.0,0.0
2024-06-21,-0.001662825054713,8.844328772722253,-0.008081376315243194,0.0,0.0
2024-06-24,-0.0001578951775625,8.842932295860264,-0.008237995482457405,0.0,0.0
2024-06-25,0.0025590564327533,8.865561858636386,-0.005700020545036488,0.0,0.0
2024-06-26,-0.0045285046226874,8.82541412077683,-0.010202712598336272,0.0,0.0
2024-06-27,0.0013551091158052,8.837373519902652,-0.008861429271378896,0.0,0.0
2024-06-28,-0.0002744913765146,8.8349477370804,-0.00913348826197502,0.0,0.0
2024-07-01,-0.0049594766741863,8.791131019860694,-0.014047667614172088,0.0,0.0
2024-07-02,0.00427876386132721,8.828746193568668,-0.00982901040536821,0.5958097599967793,0.0002979048799983897
2024-07-03,0.0050508486877227,8.87333885469469,-0.004827806561953141,0.0,0.0
2024-07-05,-0.0046678956516441,8.831919034839297,-0.00947316651633967,0.0,0.0
2024-07-08,0.0051504533100718,8.87740742146657,-0.004371504308108953,0.0,0.0
2024-07-09,0.0001948879781689,8.87913752145032,-0.004177468283576458,0.0,0.0
2024-07-10,0.0086998870899179,8.956385015342791,0.0,0.0,0.0
2024-07-11,0.0011571149334673,8.966748582193926,0.0,0.0,0.0
2024-07-12,0.0059429988255648,9.02003795848704,0.0,0.0,0.0
2024-07-15,0.0043014612878508,9.058837302580415,0.0,0.0,0.0
2024-07-16,0.0137529559292845,9.183423092773362,0.0,0.0,0.0
2024-07-17,-0.0228751719911302,8.973350710058854,-0.022875171991130205,0.0,0.0
2024-07-18,-0.0072149436699219,8.908608490155325,-0.029925072583696366,0.0,0.0
2024-07-19,-0.0092371598486572,8.826318249502656,-0.03888580975341538,0.0,0.0
2024-07-22,0.0141547374013125,8.951252466544778,-0.025281490777799842,0.0,0.0
2024-07-23,-0.0002174154544061,8.94930632592226,-0.025493409645400478,0.0,0.0
2024-07-24,-0.0265735234550152,8.71149172436425,-0.05138948338125526,0.0,0.0
2024-07-25,-0.0037613084813438,8.678725116656242,-0.05495750016290524,0.0,0.0
2024-07-26,0.0144217991598067,8.803887947251829,-0.041328287032773026,0.0,0.0
2024-07-29,2.677734739371188e-05,8.804123692017807,-0.04130261634727839,0.0,0.0
2024-07-30,-0.0043353700278367,8.765954558042067,-0.04545892425013176,0.0,0.0
2024-07-31,0.0195489647020885,8.937319894277342,-0.026798634453604087,0.0,0.0
2024-08-01,-0.02326810549015935,8.729365392177998,-0.04944318649030466,0.4237343573097031,0.00021186717865485157
2024-08-02,-0.032459707751737,8.446012742689772,-0.08029798285825185,0.0,0.0
2024-08-05,-0.0204869536298492,8.272979671273172,-0.09913987543671354,0.0,0.0
2024-08-06,0.0196830744160072,8.435817345784956,-0.08140817856652094,0.0,0.0
2024-08-07,-0.0090329360331449,8.359617147313186,-0.08970575973009964,0.0,0.0
2024-08-08,0.0310052511323815,8.618809176336194,-0.061481858206170914,0.0,0.0
2024-08-09,0.0065586690394309,8.675337093237793,-0.05532642832664347,0.0,0.0
2024-08-12,-0.0001689533119819,8.67387136630333,-0.0554860340553196,0.0,0.0
2024-08-13,0.0141309692455358,8.796441575820296,-0.0421391362505763,0.0,0.0
2024-08-14,0.006526274095772,8.853849564611544,-0.03588787370813473,0.0,0.0
2024-08-15,0.0175529787359476,9.009260997750449,-0.018964834056264368,0.0,0.0
2024-08-16,0.0002627591381771,9.01162826340583,-0.018707058101539498,0.0,0.0
2024-08-19,0.0099697262404122,9.101471730172348,-0.008923836109163252,0.0,0.0
2024-08-20,-0.0070155161525902,9.03762020823698,-0.015876746945386544,0.0,0.0
2024-08-21,0.0080210500883112,9.110111412606381,-0.00798304503956393,0.0,0.0
2024-08-22,-0.005607631233353,9.059025267309725,-0.01354591030021568,0.0,0.0
2024-08-23,0.0132410443660288,9.17897622278715,-0.00048422793345015425,0.0,0.0
2024-08-26,-0.005801832476154,9.125721340439938,-0.006283251000253953,0.0,0.0
2024-08-27,0.0023265251088867,9.146952560275174,-0.0039713440325848115,0.0,0.0
2024-08-28,-0.0070771801601174,9.08221792909006,-0.011020418275505817,0.0,0.0
2024-08-29,0.0027169146331559,9.106893539883115,-0.008333445178026144,0.0,0.0
2024-08-30,0.012177541312429,9.217793112192934,0.0,0.0,0.0
2024-09-03,-0.0297259324100536,8.943785617170029,-0.029725932410053724,0.0,0.0
2024-09-04,0.00024381297737977367,8.945966228170398,-0.029489367000760103,0.5161415521210527,0.00025807077606052634
2024-09-05,-0.0075732024023081,8.878216615240252,-0.03683924045805542,0.0,0.0
2024-09-06,-0.017174224238078,8.725740132255886,-0.053380779319746274,0.0,0.0
2024-09-09,0.0151794335852869,8.858191925075937,-0.03901163572887423,0.0,0.0
2024-09-10,-0.0010722701691108,8.84869355012242,-0.04004207488474487,0.0,0.0
2024-09-11,0.0089914425995418,8.928256070259282,-0.03141066830309569,0.0,0.0
2024-09-12,0.009071452059079,9.00924831717182,-0.022624156615671742,0.0,0.0
2024-09-13,0.0110797436611859,9.109068479106053,-0.011795082810338253,0.0,0.0
2024-09-16,0.0049045046764046,9.15374394805952,-0.006948427172735472,0.0,0.0
2024-09-17,0.0017186633124105,9.169476151954248,-0.005241705867185753,0.0,0.0
2024-09-18,-0.001565586226588,9.15512054638572,-0.006799085751264311,0.0,0.0
2024-09-19,0.0173257704654363,9.3137400635558,0.0,0.0,0.0
2024-09-20,0.0038665471834152,9.349752078965603,0.0,0.0,0.0
2024-09-23,0.0045553999567611,9.392343939181849,0.0,0.0,0.0
2024-09-24,-0.0005415213153447,9.387257784737734,-0.000541521315344573,0.0,0.0
2024-09-25,-0.0037678444368403,9.351888057716325,-0.004307325384109384,0.0,0.0
2024-09-26,0.0041513897004442,9.390711389478835,-0.00017381706990138301,0.0,0.0
2024-09-27,-0.0012568597108935,9.37890858267677,-0.0014304583171226293,0.0,0.0
2024-09-30,0.0035938766542694,9.412615223274578,0.0,0.0,0.0
2024-10-01,-0.007965061638304927,9.337643162843548,-0.007965061638305015,0.5572698705664528,0.00027863493528322645
2024-10-02,0.0032208145401325,9.367717979713003,-0.004769901084510253,0.0,0.0
2024-10-03,-0.0014535068273885,9.35410193767244,-0.0062164748281065,0.0,0.0
2024-10-04,0.0108413306278126,9.45551284950501,0.0,0.0,0.0
2024-10-07,-0.0073971552095513,9.385568953371314,-0.007397155209551309,0.0,0.0
2024-10-08,0.0085473662395202,9.465790848582047,0.0,0.0,0.0
2024-10-09,0.0088873993983083,9.549917112474247,0.0,0.0,0.0
2024-10-10,-0.0035493843483826,9.51602078614688,-0.0035493843483825893,0.0,0.0
2024-10-11,0.0146267961956115,9.655209682779054,0.0,0.0,0.0
2024-10-14,0.0085034352051278,9.737312132708489,0.0,0.0,0.0
2024-10-15,-0.0056607343678322,9.682191795268556,-0.00566073436783221,0.0,0.0
2024-10-16,0.0065659651373069,9.745764729049009,0.0,0.0,0.0
2024-10-17,-0.0023775621598869,9.722593567610062,-0.0023775621598869368,0.0,0.0
2024-10-18,0.0047317094678759,9.768598055646232,0.0,0.0,0.0
2024-10-21,-0.0067546512976299,9.702614582113636,-0.006754651297629866,0.0,0.0
2024-10-22,-0.0061768213669849,9.642683265047216,-0.012889750390153165,0.0,0.0
2024-10-23,-0.0046250177406666,9.598085683878743,-0.0174551528065926,0.0,0.0
2024-10-24,0.0027130608361263,9.62412587424946,-0.014789448861934451,0.0,0.0
2024-10-25,-0.0079380818938396,9.547728774903048,-0.022610130899543113,0.0,0.0
2024-10-28,0.0055991062675637,9.601187522927606,-0.017137621157609417,0.0,0.0
2024-10-29,0.0007390019994372,9.608282819704021,-0.016411283894473327,0.0,0.0
2024-10-30,-0.0046140206836932,9.563950004039132,-0.020949582574831593,0.0,0.0
2024-10-31,-0.0155171526847095,9.415544731557528,-0.03614165738804653,0.0,0.0
2024-11-01,-0.0021406185564957153,9.395389641785641,-0.038204910442074747,0.44721893477423036,0.00022360946738711517
2024-11-04,0.0003531800229876,9.398707905715305,-0.037865223630235256,0.0,0.0
2024-11-05,0.0194337803185476,9.581360330433172,-0.01916730774943043,0.0,0.0
2024-11-06,0.0272047192303847,9.842018548067754,0.0,0.0,0.0
2024-11-07,0.0069083521711761,9.910010678273053,0.0,0.0,0.0
2024-11-08,0.0119665266864153,10.028599085517268,0.0,0.0,0.0
2024-11-11,0.0025742236837901,10.054414942798442,0.0,0.0,0.0
2024-11-12,-0.0089825578344494,9.964100579083203,-0.008982557834449345,0.0,0.0
2024-11-13,-0.0031506350218581,9.932707334837428,-0.012104892095008313,0.0,0.0
2024-11-14,-0.0075629787420765,9.857586480412785,-0.019576321795495066,0.0,0.0
2024-11-15,-0.0066991535290805,9.791548995154312,-0.02614433053933285,0.0,0.0
2024-11-18,0.0023993617919659,9.815042463697448,-0.023807698455139414,0.0,0.0
2024-11-19,0.0029312362599171,9.843812672059666,-0.02094624818419899,0.0,0.0
2024-11-20,0.0014219625879126,9.857810205401755,-0.019554070377561517,0.0,0.0
2024-11-21,0.0143238280911125,9.999011784138743,-0.0055103314290188,0.0,0.0
2024-11-22,0.0092144206457907,10.091146884760015,0.0,0.0,0.0
2024-11-25,0.0062617937400731,10.154335565153163,0.0,0.0,0.0
2024-11-26,0.0057142784692981,10.212360266243145,0.0,0.0,0.0
2024-11-27,-0.0083585751042043,10.126999485966559,-0.008358575104204347,0.0,0.0
2024-11-29,0.0065178052753937,10.193005296640102,-0.0018952493937195447,0.0,0.0
2024-12-02,-0.0037809156919626,10.154466402965777,-0.005668999307509304,0.0,0.0
2024-12-03,-0.000811292714751679,10.14622815835086,-0.006475692804422839,0.6054053449817582,0.0003027026724908791
2024-12-04,0.0027105052327622,10.173729562866871,-0.0037827399708926235,0.0,0.0
2024-12-05,-0.002652030957777,10.146748517110098,-0.006424738985161604,0.0,0.0
2024-12-06,0.0009337789259607,10.156223337042398,-0.005496959345069996,0.0,0.0
2024-12-09,-0.0163847247126243,9.989816413545029,-0.021791617892068738,0.0,0.0
2024-12-10,-0.0099584990733589,9.890332836047715,-0.031533105158842445,0.0,0.0
2024-12-11,0.0061117544938544,9.950780122204147,-0.025614073262147707,0.0,0.0
2024-12-12,-0.0066359734236094,9.88474700976902,-0.032080072376319047,0.0,0.0
2024-12-13,-0.0003083123662441,9.881699420028715,-0.03237849405953941,0.0,0.0
2024-12-16,0.0038915472973974,9.920154520700422,-0.02861294920319324,0.0,0.0
2024-12-17,-0.0123291174392006,9.79784777059969,-0.040589294231385686,0.0,0.0
2024-12-18,-0.0376920040446938,9.428547252800954,-0.07675140643373868,0.0,0.0
2024-12-19,-0.0015225993865755,9.414191352537541,-0.07815714417595931,0.0,0.0
2024-12-20,0.0193011494466847,9.595896066752553,-0.060364517449341015,0.0,0.0
2024-12-23,0.0031813339977502,9.626423817148591,-0.0573752231432102,0.0,0.0
2024-12-24,0.0103526149210371,9.72608247599423,-0.04761659181338329,0.0,0.0
2024-12-26,0.0001229384059255,9.72727818506973,-0.04749950731535091,0.0,0.0
2024-12-27,-0.0112841359778551,9.61751425533498,-0.05824765239377849,0.0,0.0
2024-12-30,-0.0089484606614516,9.531452307360164,-0.06667488622916251,0.0,0.0
2024-12-31,-0.0030898151580807,9.502001881542359,-0.06955868831310907,0.0,0.0
2025-01-02,0.00228917426979679,9.523753619761147,-0.06742874600283943,0.47814580348402025,0.0002390729017420101
2025-01-03,0.0132282485559046,9.649736199828542,-0.05509246165887349,0.0,0.0
2025-01-06,0.0043432511139306,9.691647427327583,-0.05098849094041202,0.0,0.0
2025-01-07,-0.006684346903308,9.626865093858774,-0.05733201308219804,0.0,0.0
2025-01-08,0.0059173559294349,9.683830681103789,-0.05175391108032157,0.0,0.0
2025-01-10,-0.0136510229888641,9.551636485855774,-0.06469844023926452,0.0,0.0
2025-01-13,0.0022451855657152,9.573081682222776,-0.06259851467769872,0.0,0.0
2025-01-14,0.0154246011157861,9.720742648619902,-0.04813947068125668,0.0,0.0
2025-01-15,0.0179819792645968,9.895540841363866,-0.031023134380259054,0.0,0.0
2025-01-16,0.0076205883194254,9.97095068431396,-0.023638960596323866,0.0,0.0
2025-01-17,0.0094509118868741,10.06518526065978,-0.014411458443142733,0.0,0.0
2025-01-21,0.0174877457732844,10.241202661659209,0.0,0.0,0.0
2025-01-22,0.0009368499608734,10.250797131972082,0.0,0.0,0.0
2025-01-23,0.0058413403817244,10.310675527203934,0.0,0.0,0.0
2025-01-24,-0.0006244206525508,10.304237328462998,-0.0006244206525507501,0.0,0.0
2025-01-27,-0.0279427994859771,10.016308090937835,-0.028549772077438806,0.0,0.0
2025-01-28,0.0079492923421915,10.095930652142158,-0.02082743021979383,0.0,0.0
2025-01-29,0.0015173748960303,10.111249963865781,-0.019341658343527857,0.0,0.0
2025-01-30,0.0141222712610048,10.254043778643318,-0.005492535228288076,0.0,0.0
2025-01-31,-0.0116542037177798,10.134541063515977,-0.01708272782159026,0.0,0.0
2025-02-03,-0.003267052242317382,10.10143098840956,-0.020293969899673248,0.4199930677093646,0.0002099965338546823
2025-02-04,0.0031033460099152,10.132779223961874,-0.017253603100271575,0.0,0.0
2025-02-05,0.011181351330248,10.246077388416829,-0.006265170368000339,0.0,0.0
2025-02-06,0.0058838622802316,10.306363896682868,-0.0004181714873763287,0.0,0.0
2025-02-07,-0.0056726303653188,10.24789970388652,-0.006088429720418009,0.0,0.0
2025-02-10,0.0025443775884712,10.27397423022199,-0.0035595433960762257,0.0,0.0
2025-02-11,-0.0051786150283635,10.220769272872344,-0.00871972491951456,0.0,0.0
2025-02-12,-0.004692014781789,10.172813272362772,-0.013370826623088083,0.0,0.0
2025-02-13,0.0076047777429767,10.250175256319894,-0.005867731044819968,0.0,0.0
2025-02-14,0.0008582272071654,10.25897223560308,-0.005014539684081609,0.0,0.0
2025-02-18,0.0070547739500026,10.331346965684613,0.0,0.0,0.0
2025-02-19,0.0006429299677783,10.337989298256367,0.0,0.0,0.0
2025-02-20,-0.0159005531956232,10.17360954948366,-0.015900553195623113,0.0,0.0
2025-02-21,-0.0247948642190326,9.921356282086759,-0.04030116535716277,0.0,0.0
2025-02-24,-0.0060129692586362,9.861699471758595,-0.046071804947419026,0.0,0.0
2025-02-25,-0.0049162285318856,9.813217103442653,-0.05076153395730676,0.0,0.0
2025-02-26,0.0106145647659045,9.91738013194903,-0.04068578078120855,0.0,0.0
2025-02-27,-0.0155796574118729,9.762870747069949,-0.055631567666975634,0.0,0.0
2025-02-28,0.0173106556022659,9.931872440261914,-0.039283930973206704,0.0,0.0
2025-03-03,-0.020585042020322724,9.727424428738637,-0.059060311623722606,0.4387906144302537,0.00021939530721512687
2025-03-04,-0.0235936427641891,9.497919051751332,-0.08126050649391992,0.0,0.0
2025-03-05,0.0091646872007936,9.584964508919091,-0.07284054641692106,0.0,0.0
2025-03-06,-0.0321965336095042,9.276361876961772,-0.1026918669255783,0.0,0.0
2025-03-07,-0.0007268589329412,9.269619270466308,-0.10334408335770418,0.0,0.0
2025-03-10,-0.0339666220487687,8.954761616170396,-0.13380045598608525,0.0,0.0
2025-03-11,0.0017423812774522,8.970364225154459,-0.13229120611805778,0.0,0.0
2025-03-12,0.0114696067617498,9.073250775326649,-0.12233892746851971,0.0,0.0
2025-03-13,-0.0189126063358819,8.90165195522616,-0.13893778582963545,0.0,0.0
2025-03-14,0.0280592412871142,9.151425555291762,-0.11477703339901246,0.0,0.0
2025-03-17,0.0138746061238832,9.278397980343476,-0.10249491340560835,0.0,0.0
2025-03-18,-0.0108901087367141,9.177355217435027,-0.11226884139037518,0.0,0.0
2025-03-19,0.0198991120785598,9.359976437491524,-0.09460377956957244,0.0,0.0
2025-03-20,-0.0025763354579248,9.335861998310273,-0.09693638395573845,0.0,0.0
2025-03-21,-0.0005614321628352,9.33062054511663,-0.09744339291487203,0.0,0.0
2025-03-24,0.0259524894260056,9.572773376151842,-0.07401980211312353,0.0,0.0
2025-03-25,0.0021351161712034,9.593212359390527,-0.07204272681840129,0.0,0.0
2025-03-26,-0.0149572010515015,9.449724753401373,-0.0859223703205817,0.0,0.0
2025-03-27,-0.0113869461752211,9.342121246263737,-0.09633092308971491,0.0,0.0
2025-03-28,-0.0210474312010686,9.14549359206096,-0.11535083581451733,0.0,0.0
2025-03-31,0.0064236763620515,9.204241283067576,-0.10966813588983038,0.0,0.0
2025-04-01,0.004443224036302073,9.245137789172427,-0.10571219195093029,0.6183162283290534,0.0003091581141645267
2025-04-02,0.01111465718269,9.34789432630581,-0.09577248954180584,0.0,0.0
2025-04-03,-0.0568409821723867,8.816550831554906,-0.1471696693435416,0.0,0.0
2025-04-04,-0.0664263716810096,8.230899349073525,-0.20382009386856592,0.0,0.0
2025-04-07,0.0032058894470045,8.257286702436074,-0.2012676291095823,0.0,0.0
2025-04-08,-0.012414750148274,8.154774551122665,-0.21118369192952524,0.0,0.0
2025-04-09,0.0890301972778523,8.880795738165526,-0.14095522040602382,0.0,0.0
2025-04-10,-0.0324762695602633,8.592380621863224,-0.16885379023245484,0.0,0.0
2025-04-11,0.0129603874558986,8.703741203891127,-0.15808181332136584,0.0,0.0
2025-04-14,0.0117543688376572,8.806048188269177,-0.14818559642401374,0.0,0.0
2025-04-15,0.0051194965365447,8.851130721469666,-0.14382473553512765,0.0,0.0
2025-04-16,-0.013608410420576,8.730680901925737,-0.1554759199259108,0.0,0.0
2025-04-17,0.0049085556171147,8.773535934708121,-0.15133052650887446,0.0,0.0
2025-04-21,-0.0248346090005173,8.555648600217658,-0.17240690105370138,0.0,0.0
2025-04-22,0.0285461532926104,8.799879456677179,-0.1487823015872739,0.0,0.0
2025-04-23,0.0163791359502836,8.944013878644203,-0.13484009118168427,0.0,0.0
2025-04-24,0.0174688465417604,9.100255484557614,-0.11972674550045359,0.0,0.0
2025-04-25,-0.0003161106611565,9.097378796779697,-0.12000500926093194,0.0,0.0
2025-04-28,0.0053451144903777,9.146005328010821,-0.1153013352844725,0.0,0.0
2025-04-29,0.0035568289491836,9.178536104530878,-0.11215461346250821,0.0,0.0
2025-04-30,-0.0005682202537807,9.173320674416226,-0.11265910519336453,0.0,0.0
2025-05-01,-0.0008833548283767045,9.165217377306233,-0.11344294205720817,0.566306619117409,0.0002831533095587045
2025-05-02,0.015403749510306,9.306396089993763,-0.09978663921006337,0.0,0.0
2025-05-05,-0.0011159992545463,9.296010158894818,-0.1007912766496375,0.0,0.0
2025-05-06,-0.0031810079832989,9.266439476366546,-0.103651666777267,0.0,0.0
2025-05-07,0.0050282533806728,9.313033481990386,-0.09914460024047933,0.0,0.0
2025-05-08,-0.0019535667235732,9.294839849684447,-0.10090448137220076,0.0,0.0
2025-05-09,0.0017355096491503,9.310971133930881,-0.09934409242411446,0.0,0.0
2025-05-12,0.0101432482385695,9.405414625484497,-0.09020851597603818,0.0,0.0
2025-05-13,0.0057372996148944,9.45937630719321,-0.08498876964511337,0.0,0.0
2025-05-14,-0.0024853072064621,9.435866851088306,-0.08726285364990805,0.0,0.0
2025-05-15,0.0137988944479334,9.566071381791229,-0.07466809010871511,0.0,0.0
2025-05-16,0.0100606241861028,9.662312030900862,-0.0653586735158902,0.0,0.0
2025-05-19,0.003510611233202,9.696232652055246,-0.06207751117612037,0.0,0.0
2025-05-20,-0.0027008071134235,9.670044997935166,-0.06461065890577566,0.0,0.0
2025-05-21,-0.0178323202875766,9.497605658336708,-0.08129082122975317,0.0,0.0
2025-05-22,-0.0039848243795296,9.45975936776221,-0.08495171596301443,0.0,0.0
2025-05-23,0.0028215020047991,9.486450097783267,-0.08236990539511613,0.0,0.0
2025-05-27,0.0118168103822396,9.59854967978935,-0.07152644456613366,0.0,0.0
2025-05-28,-0.0058120251393393,9.542762667749217,-0.076922756211527,0.0,0.0
2025-05-29,0.0008415371535524,9.550793257081661,-0.07614595241528033,0.0,0.0
2025-05-30,0.0063209896594869,9.611163722499573,-0.07030628053362209,0.0,0.0
2025-06-02,0.0057463367474835,9.666392705784252,-0.0649639473495478,0.0,0.0
2025-06-03,0.0005810589578143289,9.6720094498557,-0.06442063627527583,0.5066665311917422,0.0002533332655958711
2025-06-04,-0.0056829032113943,9.61704435629248,-0.06973744324590125,0.0,0.0
2025-06-05,-0.002148582895813,9.596381339280274,-0.07173618946395843,0.0,0.0
2025-06-06,0.0048079807052365,9.642520555599626,-0.06727311497353172,0.0,0.0
2025-06-09,-0.007023911938656,9.574792340350413,-0.07382450647677463,0.0,0.0
2025-06-10,-0.0008727596300055,9.56643584813007,-0.07463283505782214,0.0,0.0
2025-06-11,0.0016013295488114,9.581754864530488,-0.07315101727310047,0.0,0.0
2025-06-12,0.0055083828049591,9.634534838267601,-0.06804557827385371,0.0,0.0
2025-06-13,-0.0075463815372031,9.561828962444558,-0.07507846191548284,0.0,0.0
2025-06-16,0.0064086467744425,9.623107346782499,-0.06915096648382513,0.0,0.0
2025-06-17,-0.0061285053850666,9.564132081586669,-0.07485567979841301,0.0,0.0
2025-06-18,0.001117054750772,9.574815740765416,-0.07382224294038209,0.0,0.0
2025-06-20,0.0033992511441654,9.607362944127386,-0.07067393213999662,0.0,0.0
2025-06-23,0.0134875155924334,9.736942401638471,-0.05813963230927999,0.0,0.0
2025-06-24,0.006287306240425,9.798161540362951,-0.05221786774188919,0.0,0.0
2025-06-25,-0.0093360275077095,9.706685634697141,-0.061066387799966426,0.0,0.0
2025-06-26,0.0066376720798316,9.771115430922272,-0.054834054377450925,0.0,0.0
2025-06-27,0.0047663119428712,9.81768761509585,-0.05032909864283508,0.0,0.0
2025-06-30,0.0081199759926104,9.897407002833377,-0.04261779372293406,0.0,0.0
2025-07-01,-0.008878796099666516,9.80952994413981,-0.051118195121916954,0.5633763746448328,0.0002816881873224164
2025-07-02,-0.0019287083900533,9.790610221434068,-0.052948311420154104,0.0,0.0
2025-07-03,0.0115014460854605,9.903216397039651,-0.04205584748380864,0.0,0.0
2025-07-07,-0.0022785265496126,9.880651655552438,-0.044238548668362965,0.0,0.0
2025-07-08,-0.0084092019090023,9.79756326078838,-0.05227573968945176,0.0,0.0
2025-07-09,0.0022421079389475,9.819530455157732,-0.05015083960147648,0.0,0.0
2025-07-10,-7.615288567395865e-05,9.818782669577608,-0.0502231733559958,0.0,0.0
2025-07-11,-0.0072018583643801,9.748069187480679,-0.05706333153925647,0.0,0.0
2025-07-14,0.0113075954717209,9.858296410483058,-0.04640098513685009,0.0,0.0
2025-07-15,-0.011778911458712,9.74217640993024,-0.057633343500038126,0.0,0.0
2025-07-16,0.003646441212437,9.777700683490242,-0.05419705888655013,0.0,0.0
2025-07-17,0.0044315022091809,9.821030585669838,-0.0500057310635561,0.0,0.0
2025-07-18,0.0054348113004513,9.874406033678914,-0.04484269147537634,0.0,0.0
2025-07-21,-0.0021127861199924,9.853543525667789,-0.04686073457923645,0.0,0.0
2025-07-22,0.0010218888214011,9.863612751647857,-0.04588673221866468,0.0,0.0
2025-07-23,0.0082594742982442,9.945081007657926,-0.03800625820581094,0.0,0.0
2025-07-24,0.0002433372383475,9.947501016205472,-0.03777216930537519,0.0,0.0
2025-07-25,0.0043452674662498,9.990725568741677,-0.03359103201753755,0.0,0.0
2025-07-28,-0.0043308697793745,9.94745703730199,-0.037776423411489235,0.0,0.0
2025-07-29,0.0015249812684354,9.962626722952443,-0.036309050481144745,0.0,0.0
2025-07-30,0.0007960492308799,9.970557464292792,-0.03554190504197441,0.0,0.0
2025-07-31,-0.0027133131547994,9.943504219564243,-0.038158781878276815,0.0,0.0
2025-08-01,-0.012353478599632187,9.820667352982504,-0.05004086678258768,0.4627671723177744,0.00023138358615888723
2025-08-04,0.0161162594618921,9.978939776132101,-0.03473107891346183,0.0,0.0
2025-08-05,-0.005378440926015,9.925268638041914,-0.03992272078324399,0.0,0.0
2025-08-06,7.275843119288998e-05,9.925990785017184,-0.03985286706658442,0.0,0.0
2025-08-07,-0.0033147049833011,9.893089053897887,-0.04303547155282106,0.0,0.0
2025-08-08,0.0037965521872071,9.930648682783698,-0.03940230577926529,0.0,0.0
2025-08-11,0.0001565954812741,9.932203777493543,-0.039251880521028015,0.0,0.0
2025-08-12,0.0122282672209254,10.053657419377418,-0.027503595784037604,0.0,0.0
2025-08-13,0.0022976366132819,10.076757070761571,-0.025269152439426068,0.0,0.0
2025-08-14,-0.0054971076307438,10.021364052574736,-0.03062735281947282,0.0,0.0
2025-08-15,-0.00562432714558,9.9650006226981,-0.036079421713193116,0.0,0.0
2025-08-18,0.0013204698765182,9.978159105839856,-0.034806593626209414,0.0,0.0
2025-08-19,-0.0040946074576484,9.93730246115148,-0.03875868174602082,0.0,0.0
2025-08-20,0.003772146367914,9.974787420537174,-0.035132738798680285,0.0,0.0
2025-08-21,-0.0037068454739831,9.937812424933412,-0.038709352638858885,0.0,0.0
2025-08-22,0.0123490393187372,10.06053486131115,-0.026838336637861948,0.0,0.0
2025-08-25,-0.0045597347604737,10.014661490795072,-0.03127569570185451,0.0,0.0
2025-08-26,0.0060539396052722,10.07528964662759,-0.025411097269474325,0.0,0.0
2025-08-27,0.0012064141562383,10.087444618685483,-0.024235339420707436,0.0,0.0
2025-08-28,0.0032682314466351,10.12041272240446,-0.021046314672487076,0.0,0.0
2025-08-29,-0.0067177207412393,10.05242661594926,-0.027622652149124516,0.0,0.0
2025-09-02,-0.0041178879759916,10.011031849257906,-0.031626793137966125,0.0,0.0
2025-09-03,0.0013458727952833525,10.024505424676537,-0.03032348598316925,0.3962087425788948,0.00019810437128944743
2025-09-04,0.0087487468483987,10.112207284917432,-0.021840031637198276,0.0,0.0
2025-09-05,-0.0039060381981534,10.0727086169949,-0.025660761837527746,0.0,0.0
2025-09-08,0.0049150562813512,10.12221654675308,-0.020871829644830475,0.0,0.0
2025-09-09,0.0034176730262677,10.156810973210957,-0.01752548970774892,0.0,0.0
2025-09-10,0.0095388092381362,10.253694855552224,-0.008153852772739945,0.0,0.0
2025-09-11,0.0128033768022081,10.384976774402721,0.0,0.0,0.0
2025-09-12,-0.0026669940811425,10.357280102812588,-0.0026669940811424597,0.0,0.0
2025-09-15,0.0049199439942868,10.408237340851567,0.0,0.0,0.0
2025-09-16,-0.0073557637054027,10.331676806382514,-0.007355763705402696,0.0,0.0
2025-09-17,0.0015484426509837,10.347674815405696,-0.0058187110326709535,0.0,0.0
2025-09-18,0.0107111072828189,10.458509870481231,0.0,0.0,0.0
2025-09-19,0.0034607121656928,10.494703762825026,0.0,0.0,0.0
2025-09-22,0.0034186344600931,10.530581318757088,0.0,0.0,0.0
2025-09-23,0.0006065281483246,10.536968412745134,0.0,0.0,0.0
2025-09-24,-0.0067163832456489,10.466198094637841,-0.006716383245648938,0.0,0.0
2025-09-25,-0.0048647689817085,10.41528245879063,-0.011548478574474719,0.0,0.0
2025-09-26,0.0082657752253391,10.50137284250341,-0.0033781604772269436,0.0,0.0
2025-09-29,0.0052271113765055,10.556264687957384,0.0,0.0,0.0
2025-09-30,-0.0006796676184377,10.549089936677321,-0.0006796676184378514,0.0,0.0
2025-10-01,-0.0025653560324309654,10.52202776517161,-0.0032432800614436985,0.4457786909975304,0.00022288934549876522
2025-10-02,0.0030790159250952,10.554425256224867,-0.00017425024730721717,0.0,0.0
2025-10-03,-0.0024536296559493,10.528528605414694,-0.0026274523576821363,0.0,0.0
2025-10-06,0.0016138337437256,10.545519900149893,-0.0010178588852313153,0.0,0.0
2025-10-07,-0.0047143606979434,10.495804515593246,-0.005727421029250168,0.0,0.0
2025-10-08,0.0056794249937583,10.555414650088709,-8.052449363504799e-05,0.0,0.0
2025-10-09,-0.0045686421292483,10.507190738026628,-0.004648798735289339,0.0,0.0
2025-10-10,-0.0267128438128317,10.22651379293009,-0.03123745991358806,0.0,0.0
2025-10-13,0.0154739052935561,10.384757898845136,-0.016246920116346097,0.0,0.0
2025-10-14,0.0033046204658283,10.419075582330331,-0.01299598955524095,0.0,0.0
2025-10-15,0.00558396360316,10.477255321160637,-0.0074845950847444165,0.0,0.0
2025-10-16,-0.0108119621788774,10.363975632889806,-0.01821563410464133,0.0,0.0
2025-10-17,0.0019761605063373,10.384456512224165,-0.01627547061501955,0.0,0.0
2025-10-20,0.0093450410903335,10.481499685031682,-0.007082524466347828,0.0,0.0
2025-10-21,0.0007566167661213,10.489430163427473,-0.00633126645698423,0.0,0.0
2025-10-22,-0.0100036310874451,10.384497773755026,-0.016271561890477293,0.0,0.0
2025-10-23,0.0101011720240619,10.489393372151213,-0.006334751712171238,0.0,0.0
2025-10-24,0.0090915050682651,10.584757745157152,0.0,0.0,0.0
2025-10-27,0.0063454863463053,10.651923180907996,0.0,0.0,0.0
2025-10-28,-0.0081690057962938,10.564907558701483,-0.00816900579629376,0.0,0.0
2025-10-29,-0.0013481170633707,10.550664826548664,-0.009506110083559727,0.0,0.0
2025-10-30,-0.00904951702546,10.45518640557089,-0.01846960140397258,0.0,0.0
2025-10-31,0.0046767980460489,10.50408320092354,-0.013879181953681097,0.0,0.0
2025-11-03,0.0022575529461627457,10.527796724900524,-0.011652961995628264,0.46285221766970863,0.00023142610883485434
2025-11-04,-0.0169812461373555,10.349021617430942,-0.028436326317106797,0.0,0.0
2025-11-05,0.0117737209571798,10.470868110134395,-0.016997406731032005,0.0,0.0
2025-11-06,-0.0101499888048915,10.364588916039036,-0.026974872047891285,0.0,0.0
2025-11-07,0.0091593057916185,10.459521355325458,-0.018062637358049027,0.0,0.0
2025-11-10,0.0157158507924782,10.623901632306492,-0.002630656279208665,0.0,0.0
2025-11-11,-0.0038305876019707,10.583205846429221,-0.006451166921851326,0.0,0.0
2025-11-12,0.0024817734833575,10.609470966067803,-0.003985403773497209,0.0,0.0
2025-11-13,-0.0237192476487285,10.357822296801647,-0.027610120643141833,0.0,0.0
2025-11-14,-0.0006984281377362,10.350588102263888,-0.028289265095734706,0.0,0.0
2025-11-17,-0.0138614069380018,10.20711438853077,-0.041758543018267424,0.0,0.0
2025-11-18,-0.0011933004563666,10.19493423427275,-0.042902012986193006,0.0,0.0
2025-11-19,0.0046184723337376,10.242019255978015,-0.03848168241249372,0.0,0.0
2025-11-20,-0.0243993653899025,9.99212048582099,-0.06194211917239556,0.0,0.0
2025-11-21,0.0107274808599487,10.099310767082937,-0.051879121210293366,0.0,0.0
2025-11-24,0.0154837969733963,10.255686444571683,-0.03719861001687552,0.0,0.0
2025-11-25,0.0119984376608653,10.378738659046258,-0.025646497559368542,0.0,0.0
2025-11-26,0.0129520768672207,10.51316487994302,-0.013026596099911858,0.0,0.0
2025-11-28,0.0080305448043947,10.597591321547391,-0.005100661959146269,0.0,0.0
2025-12-01,-0.0074326021158711,10.518823641867721,-0.012495352884147382,0.0,0.0
2025-12-02,0.004382987521071791,10.564927514626381,-0.008167132338838257,0.5600381440216187,0.0002800190720108093
2025-12-03,0.0045009599819323,10.61247983058173,-0.003702932292730221,0.0,0.0
2025-12-04,0.0066158209155825,10.68269009661109,0.0,0.0,0.0
2025-12-05,0.0030836686282647,10.715631972927483,0.0,0.0,0.0
2025-12-08,0.0021377629140276,10.738539453559575,0.0,0.0,0.0
2025-12-09,0.0010058026788258,10.74934030530864,0.0,0.0,0.0
2025-12-10,0.0143887318646252,10.904009680683336,0.0,0.0,0.0
2025-12-11,0.005219117417477,10.960918987528128,0.0,0.0,0.0
2025-12-12,-0.0197833251549211,10.744075563201111,-0.019783325154921094,0.0,0.0
2025-12-15,-0.002112473503721,10.721378988251873,-0.02185400690843675,0.0,0.0
2025-12-16,-0.0023566717166611,10.696112217626656,-0.024159175905120955,0.0,0.0
2025-12-17,-0.0185580354407269,10.49761338801395,-0.04226886450318179,0.0,0.0
2025-12-18,0.0124935395127687,10.628765735666873,-0.030303412719243306,0.0,0.0
2025-12-19,0.0156697804214357,10.795316160895652,-0.015108480121138301,0.0,0.0
2025-12-22,0.0091597970759673,10.894199066300366,-0.006087073657206954,0.0,0.0
2025-12-23,-0.0006228513158885,10.887413600076371,-0.006706133631258049,0.0,0.0
2025-12-24,0.0038240823564284,10.929047966331561,-0.002907696082128819,0.0,0.0
2025-12-26,-0.0009723602658356,10.91842099434569,-0.0038772290198290094,0.0,0.0
2025-12-29,-0.0053847672876542,10.859627838142499,-0.00924111833149055,0.0,0.0
2025-12-30,-0.0043903669043121,10.811950087488773,-0.013590913335721155,0.0,0.0
